"categorymappingid","primarycategory","channel","lob","casetype","category","relatedwith","devicetype","isactive","secondarycategory","teritiarycategory"
"3","Accessories","Arena","Sales","Complaint","Post Sales Complaint","Suzuki Connect","Gen 1",True,"Suzuki Connect Sales Related","Subscription Not Sold in DMS"
"4","Accessories","Arena","Sales","Complaint","Post Sales Complaint","Suzuki Connect","Gen 1",True,"Suzuki Connect Sales Related","Mobile Number Not Updated"
"5","Accessories","Arena","Sales","Complaint","Post Sales Complaint","Suzuki Connect","Gen 1",True,"Suzuki Connect Sales Related","Vehicle Registration Number Not Updated"
"6","Accessories","Arena","Sales","Complaint","Post Sales Complaint","Suzuki Connect","Gen 1",True,"Suzuki Connect Sales Related","Billing Related"
"7","Accessories","Arena","Sales","Complaint","Post Sales Complaint","Suzuki Connect","Gen 1",True,"Suzuki Connect Sales Related","Device Connections To Be Checked(Device Inspection)"
"8","Accessories","Arena","Sales","Complaint","Post Sales Complaint","Suzuki Connect","Gen 1",True,"Suzuki Connect Sales Related","Replacement"
"9","Accessories","Arena","Sales","Complaint","Post Sales Complaint","Suzuki Connect","Gen 1",True,"Suzuki Connect Sales Related","Others"
"10","Benefit/Badge Related","Arena","Sales","Complaint","Post Sales Complaint","Sales",NULL,True,"Unable to Claim Badge",NULL
"11","Company Fitted","Arena","Sales","Complaint","Post Sales Complaint","Suzuki Connect","Gen 2",True,"Suzuki Connect Dealer Assistance","Device Connections To Be Checked(Device Inspection)"
"12","Company Fitted","Arena","Sales","Complaint","Post Sales Complaint","Suzuki Connect","Gen 2",True,"Suzuki Connect Dealer Assistance","Re-enrollment/Enrollment"
"13","Company Fitted","Arena","Sales","Complaint","Post Sales Complaint","Suzuki Connect","Gen 2",True,"Suzuki Connect Dealer Assistance","Vehicle Inspection"
"14","Company Fitted","Arena","Sales","Complaint","Post Sales Complaint","Suzuki Connect","Gen 2",True,"Suzuki Connect Dealer Assistance","Replacement"
"15","Company Fitted","Arena","Sales","Complaint","Post Sales Complaint","Suzuki Connect","Gen 2",True,"Suzuki Connect Dealer Assistance","Others"
"16","Company Fitted","Arena","Sales","Complaint","Post Sales Complaint","Suzuki Connect","Gen 2",True,"Suzuki Connect Sales Related","Subscription Not Sold in DMS"
"17","Company Fitted","Arena","Sales","Complaint","Post Sales Complaint","Suzuki Connect","Gen 2",True,"Suzuki Connect Sales Related","Mobile Number Not Updated"
"18","Company Fitted","Arena","Sales","Complaint","Post Sales Complaint","Suzuki Connect","Gen 2",True,"Suzuki Connect Sales Related","Vehicle Registration Number Not Updated"
"19","Company Fitted","Arena","Sales","Complaint","Post Sales Complaint","Suzuki Connect","Gen 2",True,"Suzuki Connect Sales Related","Billing Related"
"20","Company Fitted","Arena","Sales","Complaint","Post Sales Complaint","Suzuki Connect","Gen 2",True,"Suzuki Connect Sales Related","Others"
"21","Deal","Arena","Sales","Complaint","Post Sales Complaint","Sales",NULL,True,"False Commitment (Verbal)",NULL
"22","Deal","Arena","Sales","Complaint","Post Sales Complaint","Sales",NULL,True,"False Commitment (Written)",NULL
"23","Deal","Arena","Sales","Complaint","Post Sales Complaint","Sales",NULL,True,"Price of The Car(Verbal)",NULL
"24","Deal","Arena","Sales","Complaint","Post Sales Complaint","Sales",NULL,True,"Price of The Car(Written)",NULL
"25","Deal","Arena","Sales","Complaint","Post Sales Complaint","Sales",NULL,True,"Scheme/Discount Related (Verbal)",NULL
"26","Deal","Arena","Sales","Complaint","Post Sales Complaint","Sales",NULL,True,"Scheme/Discount Related (Written)",NULL
"27","Dealer Related","Arena","Sales","Complaint","Post Sales Complaint","Sales",NULL,True,"Unsatisfactory Dealer Interaction",NULL
"28","Delayed Delivery Days","Arena","Sales","Complaint","Post Sales Complaint","Sales",NULL,True,"Delayed Delivery Days (Verbal)",NULL
"29","Delivery Process","Arena","Sales","Complaint","Post Sales Complaint","Sales",NULL,True,"Delivery Process Time (Verbal)",NULL
"30","Delivery Process","Arena","Sales","Complaint","Post Sales Complaint","Sales",NULL,True,"Explanation at The Time of Delivery",NULL
"31","Delivery Process","Arena","Sales","Complaint","Post Sales Complaint","Sales",NULL,True,"Second Key Not Delivered",NULL
"32","Documents Not Received","Arena","Sales","Complaint","Post Sales Complaint","Sales",NULL,True,"Documents Not Received/Delay in Receipt of Documents (Verbal)",NULL
"33","Documents Not Received","Arena","Sales","Complaint","Post Sales Complaint","Sales",NULL,True,"Documents Not Received/Delay in Receipt of Documents (Written)",NULL
"34","Documents Not Received","Arena","Sales","Complaint","Post Sales Complaint","Sales",NULL,True,"RC Not Received (Verbal)",NULL
"35","Documents Not Received","Arena","Sales","Complaint","Post Sales Complaint","Sales",NULL,True,"RC Not Received (Written)",NULL
"36","Finance","Arena","Sales","Complaint","Post Sales Complaint","Smart Finance",NULL,True,"Finance Process Related",NULL
"37","Finance","Arena","Sales","Complaint","Post Sales Complaint","Smart Finance",NULL,True,"Smart Finance - Dealer Related","Price Visibile on Portal"
"38","Finance","Arena","Sales","Complaint","Post Sales Complaint","Smart Finance",NULL,True,"Smart Finance - Dealer Related","Dealer Support Assistance on MSSF "
"39","Finance","Arena","Sales","Complaint","Post Sales Complaint","Smart Finance",NULL,True,"Smart Finance - Dealer Related","Dealer Behaviour Related"
"40","Finance","Arena","Sales","Complaint","Post Sales Complaint","Smart Finance",NULL,True,"Smart Finance - Dealer Related","Others"
"41","Finance","Arena","Sales","Complaint","Post Sales Complaint","Smart Finance",NULL,True,"Smart Finance - Financer Related","No Response/Delayed in Issuing Sanction Letter"
"42","Finance","Arena","Sales","Complaint","Post Sales Complaint","Smart Finance",NULL,True,"Smart Finance - Financer Related","Financer Seeking Documents Again "
"43","Finance","Arena","Sales","Complaint","Post Sales Complaint","Smart Finance",NULL,True,"Smart Finance - Financer Related","Financer Refusing to Honor Sanction Letter"
"44","Finance","Arena","Sales","Complaint","Post Sales Complaint","Smart Finance",NULL,True,"Smart Finance - Financer Related","Others"
"45","Multiple","Arena","Sales","Complaint","Post Sales Complaint","Sales",NULL,True,"Multiple",NULL
"46","Others","Arena","Sales","Complaint","Post Sales Complaint","Sales",NULL,True,"Others",NULL
"47","Overcharging","Arena","Sales","Complaint","Post Sales Complaint","Sales",NULL,True,"Overcharging",NULL
"48","Paper Work","Arena","Sales","Complaint","Post Sales Complaint","Sales",NULL,True,"Hassle Free/Transparent Paper Work",NULL
"49","Payment Related","Arena","Sales","Complaint","Post Sales Complaint","Sales",NULL,True,"Non Refund of Amount",NULL
"50","PDI ","Arena","Sales","Complaint","Post Sales Complaint","Sales",NULL,True,"Dirty Car Delivered",NULL
"51","PDI ","Arena","Sales","Complaint","Post Sales Complaint","Sales",NULL,True,"PDI Service",NULL
"52","PDI ","Arena","Sales","Complaint","Post Sales Complaint","Sales",NULL,True,"Petrol",NULL
"53","PDI ","Arena","Sales","Complaint","Post Sales Complaint","Sales",NULL,True,"Scratches & Dent",NULL
"54","Points Related","Arena","Sales","Complaint","Post Sales Complaint","Sales",NULL,True,"Incorrect Transaction History",NULL
"55","Points Related","Arena","Sales","Complaint","Post Sales Complaint","Sales",NULL,True,"Points Not Awarded",NULL
"56","Points Related","Arena","Sales","Complaint","Post Sales Complaint","Sales",NULL,True,"Points Not Redeemed",NULL
"60","Sales Person","Arena","Sales","Complaint","Post Sales Complaint","Sales Person",NULL,True,"Appropriateness of Sales Person Pressure",NULL
"58","Product/Colour Availability","Arena","Sales","Complaint","Post Sales Complaint","Sales",NULL,True,"Product/Colour Availability (Verbal)",NULL
"59","Product/Colour Availability","Arena","Sales","Complaint","Post Sales Complaint","Sales",NULL,True,"Product/Colour Availability (Written)",NULL
"3182","General","Arena","Suzuki Connect","Query",NULL,NULL,"Gen 2",True,"G2Q","KYC"
"3183","General","Nexa","Suzuki Connect","Query",NULL,NULL,"Gen 2",True,"G2Q","KYC"
"710","Accessories","Commercial","Sales","Query",NULL,"Suzuki Connect","Gen 1",True,"Suzuki Connect Sales Related","Replacement"
"64","Vintage Stock","Arena","Sales","Complaint","Post Sales Complaint","Sales",NULL,True,"Milometer >150 KM",NULL
"65","Vintage Stock","Arena","Sales","Complaint","Post Sales Complaint","Sales",NULL,True,"Previous Year Manufactured Car",NULL
"66","MSR Not Able To Use","Arena","Sales","Complaint","Post Sales Complaint","Maruti Suzuki Rewards",NULL,True,"Enrollment Related","Unable to Enroll"
"67","MSR Not Able To Use","Arena","Sales","Complaint","Post Sales Complaint","Maruti Suzuki Rewards",NULL,True,"Enrollment Related","Incorrect Customer Details"
"68","MSR Not Able To Use","Arena","Sales","Complaint","Post Sales Complaint","Maruti Suzuki Rewards",NULL,True,"Software Related","App Related"
"69","MSR Not Able To Use","Arena","Sales","Complaint","Post Sales Complaint","Maruti Suzuki Rewards",NULL,True,"Software Related","Website Related"
"70","MSR Not Able To Use","Arena","Sales","Complaint","Post Sales Complaint","Maruti Suzuki Rewards",NULL,True,"Software Related","OTP Not Received"
"71","MSR Not Able To Use","Arena","Sales","Complaint","Post Sales Complaint","Maruti Suzuki Rewards",NULL,True,"Software Related","Error in Payment"
"72","MSR Not Able To Use","Arena","Sales","Complaint","Post Sales Complaint","Maruti Suzuki Rewards",NULL,True,"Benefit/Badge Related","Unable to Claim Benefit"
"73","MSR Not Able To Use","Arena","Sales","Complaint","Post Sales Complaint","Maruti Suzuki Rewards",NULL,True,"Benefit/Badge Related","Unable to Claim Badge"
"74","MSR Not Able To Use","Arena","Sales","Complaint","Post Sales Complaint","Maruti Suzuki Rewards",NULL,True,"Benefit/Badge Related","Unable to Use Badge"
"75","MSR Not Able To Use","Arena","Sales","Complaint","Post Sales Complaint","Maruti Suzuki Rewards",NULL,True,"Benefit/Badge Related","Unable to Use Loyalty Bonus"
"76","MSR Points","Arena","Sales","Complaint","Post Sales Complaint","Maruti Suzuki Rewards",NULL,True,"Points Related","Points Not Redeemed"
"77","MSR Points","Arena","Sales","Complaint","Post Sales Complaint","Maruti Suzuki Rewards",NULL,True,"Points Related","Points Not Awarded"
"78","MSR Points","Arena","Sales","Complaint","Post Sales Complaint","Maruti Suzuki Rewards",NULL,True,"Points Related","Incorrect Points Balance"
"79","MSR Points","Arena","Sales","Complaint","Post Sales Complaint","Maruti Suzuki Rewards",NULL,True,"Points Related","Incorrect Transaction History"
"80","MSR - Issue With Dealer","Arena","Sales","Complaint","Post Sales Complaint","Maruti Suzuki Rewards",NULL,True,"Dealer Related","Unsatisfactory Dealer Interaction"
"81","MSR - Issue With Dealer","Arena","Sales","Complaint","Post Sales Complaint","Maruti Suzuki Rewards",NULL,True,"Dealer Related","Not Informed About The Program"
"82","MSR General Complaint","Arena","Sales","Complaint","Post Sales Complaint","Maruti Suzuki Rewards",NULL,True,"Others","Others"
"84","Accessories","Arena","Sales","Complaint","Pre Sales Complaint","Suzuki Connect","Gen 1",True,"Suzuki Connect Sales Related","Subscription Not Sold in DMS"
"85","Accessories","Arena","Sales","Complaint","Pre Sales Complaint","Suzuki Connect","Gen 1",True,"Suzuki Connect Sales Related","Mobile Number Not Updated"
"86","Accessories","Arena","Sales","Complaint","Pre Sales Complaint","Suzuki Connect","Gen 1",True,"Suzuki Connect Sales Related","Vehicle Registration Number Not Updated"
"87","Accessories","Arena","Sales","Complaint","Pre Sales Complaint","Suzuki Connect","Gen 1",True,"Suzuki Connect Sales Related","Billing Related"
"88","Accessories","Arena","Sales","Complaint","Pre Sales Complaint","Suzuki Connect","Gen 1",True,"Suzuki Connect Sales Related","Others"
"89","Booking Related","Arena","Sales","Complaint","Pre Sales Complaint","Sales",NULL,True,"Asked for Premium/Forced Accessories",NULL
"90","Booking Related","Arena","Sales","Complaint","Pre Sales Complaint","Sales",NULL,True,"Booking Refused",NULL
"91","Company Fitted","Arena","Sales","Complaint","Pre Sales Complaint","Suzuki Connect","Gen 2",True,"Suzuki Connect Sales Related","Subscription Not Sold in DMS"
"92","Company Fitted","Arena","Sales","Complaint","Pre Sales Complaint","Suzuki Connect","Gen 2",True,"Suzuki Connect Sales Related","Mobile Number Not Updated"
"93","Company Fitted","Arena","Sales","Complaint","Pre Sales Complaint","Suzuki Connect","Gen 2",True,"Suzuki Connect Sales Related","Vehicle Registration Number Not Updated"
"94","Company Fitted","Arena","Sales","Complaint","Pre Sales Complaint","Suzuki Connect","Gen 2",True,"Suzuki Connect Sales Related","Billing Related"
"95","Company Fitted","Arena","Sales","Complaint","Pre Sales Complaint","Suzuki Connect","Gen 2",True,"Suzuki Connect Sales Related","Others"
"96","Deal","Arena","Sales","Complaint","Pre Sales Complaint","Sales",NULL,True,"False Commitment (Verbal)",NULL
"97","Deal","Arena","Sales","Complaint","Pre Sales Complaint","Sales",NULL,True,"False Commitment (Written)",NULL
"98","Deal","Arena","Sales","Complaint","Pre Sales Complaint","Sales",NULL,True,"Price of The Car(Verbal)",NULL
"99","Deal","Arena","Sales","Complaint","Pre Sales Complaint","Sales",NULL,True,"Price of The Car(Written)",NULL
"100","Deal","Arena","Sales","Complaint","Pre Sales Complaint","Sales",NULL,True,"Scheme/Discount Related (Verbal)",NULL
"101","Deal","Arena","Sales","Complaint","Pre Sales Complaint","Sales",NULL,True,"Scheme/Discount Related (Written)",NULL
"102","Delayed Delivery Days","Arena","Sales","Complaint","Pre Sales Complaint","Sales",NULL,True,"Delayed Delivery Days (Verbal)",NULL
"103","Delayed Delivery Days","Arena","Sales","Complaint","Pre Sales Complaint","Sales",NULL,True,"Delayed Delivery Days (Written)",NULL
"104","Documents Not Received","Arena","Sales","Complaint","Pre Sales Complaint","Sales",NULL,True,"Documents Not Received/Delay in Receipt of Documents (Verbal)",NULL
"105","Finance","Arena","Sales","Complaint","Pre Sales Complaint","Smart Finance",NULL,True,"Finance Process Related",NULL
"106","Finance","Arena","Sales","Complaint","Pre Sales Complaint","Smart Finance",NULL,True,"Finance Related",NULL
"107","Finance","Arena","Sales","Complaint","Pre Sales Complaint","Smart Finance",NULL,True,"Smart Finance - Dealer Related","Price Visibile on Portal"
"108","Finance","Arena","Sales","Complaint","Pre Sales Complaint","Smart Finance",NULL,True,"Smart Finance - Dealer Related","Dealer Support Assistance on MSSF "
"109","Finance","Arena","Sales","Complaint","Pre Sales Complaint","Smart Finance",NULL,True,"Smart Finance - Dealer Related","Dealer Behaviour Related"
"110","Finance","Arena","Sales","Complaint","Pre Sales Complaint","Smart Finance",NULL,True,"Smart Finance - Dealer Related","Others"
"111","Finance","Arena","Sales","Complaint","Pre Sales Complaint","Smart Finance",NULL,True,"Smart Finance - Financer Related","No Response/Delayed in Issuing Sanction Letter"
"112","Finance","Arena","Sales","Complaint","Pre Sales Complaint","Smart Finance",NULL,True,"Smart Finance - Financer Related","Financer Seeking Documents Again "
"113","Finance","Arena","Sales","Complaint","Pre Sales Complaint","Smart Finance",NULL,True,"Smart Finance - Financer Related","Financer Refusing to Honor Sanction Letter"
"114","Finance","Arena","Sales","Complaint","Pre Sales Complaint","Smart Finance",NULL,True,"Smart Finance - Financer Related","Others"
"115","Multiple","Arena","Sales","Complaint","Pre Sales Complaint","Sales",NULL,True,"Multiple",NULL
"116","Others","Arena","Sales","Complaint","Pre Sales Complaint","Sales",NULL,True,"Others",NULL
"117","Overcharging","Arena","Sales","Complaint","Pre Sales Complaint","Sales",NULL,True,"Overcharging",NULL
"118","Paper Work","Arena","Sales","Complaint","Pre Sales Complaint","Sales",NULL,True,"Hassle Free/Transparent Paper Work",NULL
"119","Payment Related","Arena","Sales","Complaint","Pre Sales Complaint","Sales",NULL,True,"Non Refund of Amount",NULL
"120","PDI ","Arena","Sales","Complaint","Pre Sales Complaint","Sales",NULL,True,"Dirty Car Delivered",NULL
"121","PDI ","Arena","Sales","Complaint","Pre Sales Complaint","Sales",NULL,True,"Scratches & Dent",NULL
"122","Product/Colour Availability","Arena","Sales","Complaint","Pre Sales Complaint","Sales",NULL,True,"Product/Colour Availability (Verbal)",NULL
"123","Product/Colour Availability","Arena","Sales","Complaint","Pre Sales Complaint","Sales",NULL,True,"Product/Colour Availability (Written)",NULL
"124","Sales Initiation","Arena","Sales","Complaint","Pre Sales Complaint","Sales",NULL,True,"Parking",NULL
"125","Sales Initiation","Arena","Sales","Complaint","Pre Sales Complaint","Sales",NULL,True,"Showroom Ambience",NULL
"126","Sales Initiation","Arena","Sales","Complaint","Pre Sales Complaint","Sales",NULL,True,"Tea/Water Offered",NULL
"127","Sales Initiation","Arena","Sales","Complaint","Pre Sales Complaint","Sales",NULL,True,"Test Drive",NULL
"61","Sales Person","Arena","Sales","Complaint","Post Sales Complaint","Sales Person",NULL,True,"Attention Focused on You",NULL
"62","Sales Person","Arena","Sales","Complaint","Post Sales Complaint","Sales Person",NULL,True,"Behaviour",NULL
"63","Sales Person","Arena","Sales","Complaint","Post Sales Complaint","Sales Person",NULL,True,"Knowledge & Explanation During Sales",NULL
"128","Sales Person","Arena","Sales","Complaint","Pre Sales Complaint","Sales Person",NULL,True,"Appropriateness of Sales Person Pressure",NULL
"129","Sales Person","Arena","Sales","Complaint","Pre Sales Complaint","Sales Person",NULL,True,"Attention Focused on You",NULL
"130","Sales Person","Arena","Sales","Complaint","Pre Sales Complaint","Sales Person",NULL,True,"Behaviour",NULL
"131","Sales Person","Arena","Sales","Complaint","Pre Sales Complaint","Sales Person",NULL,True,"Knowledge & Explanation During Sales",NULL
"327","Sales Person","Nexa","Sales","Complaint","Post Sales Complaint","Sales Person",NULL,True,"Attention Focused on You",NULL
"328","Sales Person","Nexa","Sales","Complaint","Post Sales Complaint","Sales Person",NULL,True,"Behaviour",NULL
"329","Sales Person","Nexa","Sales","Complaint","Post Sales Complaint","Sales Person",NULL,True,"Knowledge & Explanation During Sales",NULL
"596","Sales Person","Commercial","Sales","Complaint","Post Sales Complaint","Sales Person",NULL,True,"Appropriateness of Sales Person Pressure",NULL
"597","Sales Person","Commercial","Sales","Complaint","Post Sales Complaint","Sales Person",NULL,True,"Attention Focused on You",NULL
"598","Sales Person","Commercial","Sales","Complaint","Post Sales Complaint","Sales Person",NULL,True,"Behaviour",NULL
"599","Sales Person","Commercial","Sales","Complaint","Post Sales Complaint","Sales Person",NULL,True,"Knowledge & Explanation During Sales",NULL
"665","Sales Person","Commercial","Sales","Complaint","Pre Sales Complaint","Sales Person",NULL,True,"Appropriateness of Sales Person Pressure",NULL
"226","Sales Person","Arena","Sales","Query",NULL,"Sales Person",NULL,True,"Appropriateness of Sales Person Pressure",NULL
"227","Sales Person","Arena","Sales","Query",NULL,"Sales Person",NULL,True,"Attention Focused on You",NULL
"228","Sales Person","Arena","Sales","Query",NULL,"Sales Person",NULL,True,"Behaviour",NULL
"229","Sales Person","Arena","Sales","Query",NULL,"Sales Person",NULL,True,"Knowledge & Explanation During Sales",NULL
"494","Sales Person","Nexa","Sales","Query",NULL,"Sales Person",NULL,True,"Appropriateness of Sales Person Pressure",NULL
"495","Sales Person","Nexa","Sales","Query",NULL,"Sales Person",NULL,True,"Attention Focused on You",NULL
"496","Sales Person","Nexa","Sales","Query",NULL,"Sales Person",NULL,True,"Behaviour",NULL
"497","Sales Person","Nexa","Sales","Query",NULL,"Sales Person",NULL,True,"Knowledge & Explanation During Sales",NULL
"709","Accessories","Commercial","Sales","Query",NULL,"Suzuki Connect","Gen 1",True,"Suzuki Connect Sales Related","Device Connections To Be Checked(Device Inspection)"
"705","Accessories","Commercial","Sales","Query",NULL,"Suzuki Connect","Gen 1",True,"Suzuki Connect Sales Related","Subscription Not Sold in DMS"
"708","Accessories","Commercial","Sales","Query",NULL,"Suzuki Connect","Gen 1",True,"Suzuki Connect Sales Related","Billing Related"
"706","Accessories","Commercial","Sales","Query",NULL,"Suzuki Connect","Gen 1",True,"Suzuki Connect Sales Related","Mobile Number Not Updated"
"763","Sales Person","Commercial","Sales","Query",NULL,"Sales Person",NULL,True,"Appropriateness of Sales Person Pressure",NULL
"764","Sales Person","Commercial","Sales","Query",NULL,"Sales Person",NULL,True,"Attention Focused on You",NULL
"765","Sales Person","Commercial","Sales","Query",NULL,"Sales Person",NULL,True,"Behaviour",NULL
"766","Sales Person","Commercial","Sales","Query",NULL,"Sales Person",NULL,True,"Knowledge & Explanation During Sales",NULL
"711","Accessories","Commercial","Sales","Query",NULL,"Suzuki Connect","Gen 1",True,"Suzuki Connect Sales Related","Others"
"707","Accessories","Commercial","Sales","Query",NULL,"Suzuki Connect","Gen 1",True,"Suzuki Connect Sales Related","Vehicle Registration Number Not Updated"
"716","Company Fitted","Commercial","Sales","Query",NULL,"Suzuki Connect","Gen 2",True,"Suzuki Connect Dealer Assistance","Re-enrollment/Enrollment"
"715","Company Fitted","Commercial","Sales","Query",NULL,"Suzuki Connect","Gen 2",True,"Suzuki Connect Dealer Assistance","Device Connections To Be Checked(Device Inspection)"
"719","Company Fitted","Commercial","Sales","Query",NULL,"Suzuki Connect","Gen 2",True,"Suzuki Connect Dealer Assistance","Others"
"717","Company Fitted","Commercial","Sales","Query",NULL,"Suzuki Connect","Gen 2",True,"Suzuki Connect Dealer Assistance","Vehicle Inspection"
"718","Company Fitted","Commercial","Sales","Query",NULL,"Suzuki Connect","Gen 2",True,"Suzuki Connect Dealer Assistance","Replacement"
"722","Company Fitted","Commercial","Sales","Query",NULL,"Suzuki Connect","Gen 2",True,"Suzuki Connect Sales Related","Vehicle Registration Number Not Updated"
"724","Company Fitted","Commercial","Sales","Query",NULL,"Suzuki Connect","Gen 2",True,"Suzuki Connect Sales Related","Others"
"721","Company Fitted","Commercial","Sales","Query",NULL,"Suzuki Connect","Gen 2",True,"Suzuki Connect Sales Related","Mobile Number Not Updated"
"720","Company Fitted","Commercial","Sales","Query",NULL,"Suzuki Connect","Gen 2",True,"Suzuki Connect Sales Related","Subscription Not Sold in DMS"
"723","Company Fitted","Commercial","Sales","Query",NULL,"Suzuki Connect","Gen 2",True,"Suzuki Connect Sales Related","Billing Related"
"441","Accessories","Nexa","Sales","Query",NULL,"Suzuki Connect","Gen 1",True,"Suzuki Connect Sales Related","Others"
"449","Company Fitted","Nexa","Sales","Query",NULL,"Suzuki Connect","Gen 2",True,"Suzuki Connect Dealer Assistance","Others"
"454","Company Fitted","Nexa","Sales","Query",NULL,"Suzuki Connect","Gen 2",True,"Suzuki Connect Sales Related","Others"
"435","Accessories","Nexa","Sales","Query",NULL,"Suzuki Connect","Gen 1",True,"Suzuki Connect Sales Related","Subscription Not Sold in DMS"
"450","Company Fitted","Nexa","Sales","Query",NULL,"Suzuki Connect","Gen 2",True,"Suzuki Connect Sales Related","Subscription Not Sold in DMS"
"437","Accessories","Nexa","Sales","Query",NULL,"Suzuki Connect","Gen 1",True,"Suzuki Connect Sales Related","Vehicle Registration Number Not Updated"
"452","Company Fitted","Nexa","Sales","Query",NULL,"Suzuki Connect","Gen 2",True,"Suzuki Connect Sales Related","Vehicle Registration Number Not Updated"
"438","Accessories","Nexa","Sales","Query",NULL,"Suzuki Connect","Gen 1",True,"Suzuki Connect Sales Related","Billing Related"
"453","Company Fitted","Nexa","Sales","Query",NULL,"Suzuki Connect","Gen 2",True,"Suzuki Connect Sales Related","Billing Related"
"439","Accessories","Nexa","Sales","Query",NULL,"Suzuki Connect","Gen 1",True,"Suzuki Connect Sales Related","Device Connections To Be Checked(Device Inspection)"
"445","Company Fitted","Nexa","Sales","Query",NULL,"Suzuki Connect","Gen 2",True,"Suzuki Connect Dealer Assistance","Device Connections To Be Checked(Device Inspection)"
"440","Accessories","Nexa","Sales","Query",NULL,"Suzuki Connect","Gen 1",True,"Suzuki Connect Sales Related","Replacement"
"448","Company Fitted","Nexa","Sales","Query",NULL,"Suzuki Connect","Gen 2",True,"Suzuki Connect Dealer Assistance","Replacement"
"446","Company Fitted","Nexa","Sales","Query",NULL,"Suzuki Connect","Gen 2",True,"Suzuki Connect Dealer Assistance","Re-enrollment/Enrollment"
"447","Company Fitted","Nexa","Sales","Query",NULL,"Suzuki Connect","Gen 2",True,"Suzuki Connect Dealer Assistance","Vehicle Inspection"
"436","Accessories","Nexa","Sales","Query",NULL,"Suzuki Connect","Gen 1",True,"Suzuki Connect Sales Related","Mobile Number Not Updated"
"451","Company Fitted","Nexa","Sales","Query",NULL,"Suzuki Connect","Gen 2",True,"Suzuki Connect Sales Related","Mobile Number Not Updated"
"1121","Product Complaints","Arena","Service","Query",NULL,"Service",NULL,True,"Body Issue","Body Noise Before Workshop Repairs"
"1122","Product Complaints","Arena","Service","Query",NULL,"Service",NULL,True,"Body Issue","Glass Noise Before Workshop Repairs"
"1123","Product Complaints","Arena","Service","Query",NULL,"Service",NULL,True,"Body Issue","Rusting Defect Before Workshop Repairs"
"1124","Product Complaints","Arena","Service","Query",NULL,"Service",NULL,True,"Body Issue","Water Leakage Before Workshop Repairs"
"1125","Product Complaints","Arena","Service","Query",NULL,"Service",NULL,True,"Others","Vehicle Pulling One Side"
"1126","Product Complaints","Arena","Service","Query",NULL,"Service",NULL,True,"Others","Accessory-(Like Seat, Rear Parking Sensor, Camera)"
"1127","Product Complaints","Arena","Service","Query",NULL,"Service",NULL,True,"Others","Air Bag Not Deployed"
"1128","Product Complaints","Arena","Service","Query",NULL,"Service",NULL,True,"Others","Audio System"
"1129","Product Complaints","Arena","Service","Query",NULL,"Service",NULL,True,"Others","Axle Noise"
"1130","Product Complaints","Arena","Service","Query",NULL,"Service",NULL,True,"Others","Central Locking"
"1131","Product Complaints","Arena","Service","Query",NULL,"Service",NULL,True,"Others","Coolant Leakage"
"1132","Product Complaints","Arena","Service","Query",NULL,"Service",NULL,True,"Others","Feedback Regarding Product Improvement"
"1133","Product Complaints","Arena","Service","Query",NULL,"Service",NULL,True,"Others","Fog Lamp"
"1134","Product Complaints","Arena","Service","Query",NULL,"Service",NULL,True,"Others","Foul Smell Before Workshop Repairs"
"1135","Product Complaints","Arena","Service","Query",NULL,"Service",NULL,True,"Others","Fuel Leakage"
"1136","Product Complaints","Arena","Service","Query",NULL,"Service",NULL,True,"Others","Low Mileage"
"1137","Product Complaints","Arena","Service","Query",NULL,"Service",NULL,True,"Others","Low Pickup"
"1138","Product Complaints","Arena","Service","Query",NULL,"Service",NULL,True,"Others","Oil Leakage"
"1139","Product Complaints","Arena","Service","Query",NULL,"Service",NULL,True,"Others","Rat Entry / Bite"
"1140","Product Complaints","Arena","Service","Query",NULL,"Service",NULL,True,"Others","Security System"
"1141","Product Complaints","Arena","Service","Query",NULL,"Service",NULL,True,"Others","Starting Problem"
"1142","Product Complaints","Arena","Service","Query",NULL,"Service",NULL,True,"Others","Locks & Key related"
"1143","Product Complaints","Arena","Service","Query",NULL,"Service",NULL,True,"Others","Others"
"1144","Service Initiation","Arena","Service","Query",NULL,"Service",NULL,True,"Vehicle Pickup & Drop Issue","Pickup & Drop Associate Came Late"
"1145","Service Initiation","Arena","Service","Query",NULL,"Service",NULL,True,"Vehicle Pickup & Drop Issue","Pickup & Drop Associate Misbehaved"
"1146","Service Initiation","Arena","Service","Query",NULL,"Service",NULL,True,"Vehicle Pickup & Drop Issue","Pickup & Drop Facility Not Given"
"1147","Service Initiation","Arena","Service","Query",NULL,"Service",NULL,True,"Vehicle Pickup & Drop Issue","Pickup & Drop Vehicle Dropped Is Not Clean"
"1148","Service Initiation","Arena","Service","Query",NULL,"Service",NULL,True,"Service Issue","Service Reminder Not Given"
"1149","Service Initiation","Arena","Service","Query",NULL,"Service",NULL,True,"Others","Vehicle Not Attended As Per Appointment Date & Time"
"1150","Service Initiation","Arena","Service","Query",NULL,"Service",NULL,True,"Others","Warranty Request/Rejection"
"1151","Service Initiation","Arena","Service","Query",NULL,"Service",NULL,True,"Others","Workshop Facilities Are Not Proper"
"1152","Service Initiation","Arena","Service","Query",NULL,"Service",NULL,True,"Others","Additional Jobs Not Explained/Permission Not Taken"
"1153","Service Initiation","Arena","Service","Query",NULL,"Service",NULL,True,"Others","All Service Jobs Not Explained"
"1154","Service Initiation","Arena","Service","Query",NULL,"Service",NULL,True,"Others","Cashless Facility Not Given"
"1155","Service Initiation","Arena","Service","Query",NULL,"Service",NULL,True,"Others","Customer Not Attended"
"1156","Service Initiation","Arena","Service","Query",NULL,"Service",NULL,True,"Others","Delivery Date/ Time Not Given"
"1157","Service Initiation","Arena","Service","Query",NULL,"Service",NULL,True,"Others","Depreciation Not Explained"
"1158","Service Initiation","Arena","Service","Query",NULL,"Service",NULL,True,"Others","Drop Facility Not Offered"
"1159","Service Initiation","Arena","Service","Query",NULL,"Service",NULL,True,"Others","Item Lost During Service"
"1160","Service Initiation","Arena","Service","Query",NULL,"Service",NULL,True,"Others","Job Card Opening Delayed"
"326","Sales Person","Nexa","Sales","Complaint","Post Sales Complaint","Sales Person",NULL,True,"Appropriateness of Sales Person Pressure",NULL
"253","Sales Feedback","Arena","Sales","Feedback",NULL,NULL,NULL,True,"Booking Related",NULL
"254","Sales Feedback","Arena","Sales","Feedback",NULL,NULL,NULL,True,"Delivery Related Feedback",NULL
"255","Sales Feedback","Arena","Sales","Feedback",NULL,NULL,NULL,True,"Documentation Related",NULL
"256","Sales Feedback","Arena","Sales","Feedback",NULL,NULL,NULL,True,"Payment Related",NULL
"257","Sales Feedback","Arena","Sales","Feedback",NULL,NULL,NULL,True,"Scheme Related",NULL
"258","Sales Feedback","Arena","Sales","Feedback",NULL,NULL,NULL,True,"MisBehavior",NULL
"259","Sales Feedback","Arena","Sales","Feedback",NULL,NULL,NULL,True,"Others",NULL
"260","Sales Feedback","Arena","Sales","Feedback",NULL,NULL,NULL,True,"FAME Scheme Related",NULL
"261","Product Feedback","Arena","Sales","Feedback",NULL,NULL,NULL,True,"Product",NULL
"262","Others Feedback","Arena","Sales","Feedback",NULL,NULL,NULL,True,"Finance",NULL
"263","Others Feedback","Arena","Sales","Feedback",NULL,NULL,NULL,True,"Insurance",NULL
"264","Others Feedback","Arena","Sales","Feedback",NULL,NULL,NULL,True,"Extended Warranty",NULL
"265","Others Feedback","Arena","Sales","Feedback",NULL,NULL,NULL,True,"Others",NULL
"266","Others Feedback","Arena","Sales","Feedback",NULL,NULL,NULL,True,"AutoCard",NULL
"267","Others Feedback","Arena","Sales","Feedback",NULL,NULL,NULL,True,"Maruti Suzuki Smart Finance",NULL
"270","Accessories","Nexa","Sales","Complaint","Post Sales Complaint","Suzuki Connect","Gen 1",True,"Suzuki Connect Sales Related","Subscription Not Sold in DMS"
"271","Accessories","Nexa","Sales","Complaint","Post Sales Complaint","Suzuki Connect","Gen 1",True,"Suzuki Connect Sales Related","Mobile Number Not Updated"
"272","Accessories","Nexa","Sales","Complaint","Post Sales Complaint","Suzuki Connect","Gen 1",True,"Suzuki Connect Sales Related","Vehicle Registration Number Not Updated"
"273","Accessories","Nexa","Sales","Complaint","Post Sales Complaint","Suzuki Connect","Gen 1",True,"Suzuki Connect Sales Related","Billing Related"
"274","Accessories","Nexa","Sales","Complaint","Post Sales Complaint","Suzuki Connect","Gen 1",True,"Suzuki Connect Sales Related","Device Connections To Be Checked(Device Inspection)"
"275","Accessories","Nexa","Sales","Complaint","Post Sales Complaint","Suzuki Connect","Gen 1",True,"Suzuki Connect Sales Related","Replacement"
"276","Accessories","Nexa","Sales","Complaint","Post Sales Complaint","Suzuki Connect","Gen 1",True,"Suzuki Connect Sales Related","Others"
"277","Benefit/Badge Related","Nexa","Sales","Complaint","Post Sales Complaint","Sales",NULL,True,"Unable to Claim Badge",NULL
"278","Company Fitted","Nexa","Sales","Complaint","Post Sales Complaint","Suzuki Connect","Gen 2",True,"Suzuki Connect Dealer Assistance","Device Connections To Be Checked(Device Inspection)"
"279","Company Fitted","Nexa","Sales","Complaint","Post Sales Complaint","Suzuki Connect","Gen 2",True,"Suzuki Connect Dealer Assistance","Re-enrollment/Enrollment"
"280","Company Fitted","Nexa","Sales","Complaint","Post Sales Complaint","Suzuki Connect","Gen 2",True,"Suzuki Connect Dealer Assistance","Vehicle Inspection"
"281","Company Fitted","Nexa","Sales","Complaint","Post Sales Complaint","Suzuki Connect","Gen 2",True,"Suzuki Connect Dealer Assistance","Replacement"
"282","Company Fitted","Nexa","Sales","Complaint","Post Sales Complaint","Suzuki Connect","Gen 2",True,"Suzuki Connect Dealer Assistance","Others"
"283","Company Fitted","Nexa","Sales","Complaint","Post Sales Complaint","Suzuki Connect","Gen 2",True,"Suzuki Connect Sales Related","Subscription Not Sold in DMS"
"284","Company Fitted","Nexa","Sales","Complaint","Post Sales Complaint","Suzuki Connect","Gen 2",True,"Suzuki Connect Sales Related","Mobile Number Not Updated"
"285","Company Fitted","Nexa","Sales","Complaint","Post Sales Complaint","Suzuki Connect","Gen 2",True,"Suzuki Connect Sales Related","Vehicle Registration Number Not Updated"
"286","Company Fitted","Nexa","Sales","Complaint","Post Sales Complaint","Suzuki Connect","Gen 2",True,"Suzuki Connect Sales Related","Billing Related"
"287","Company Fitted","Nexa","Sales","Complaint","Post Sales Complaint","Suzuki Connect","Gen 2",True,"Suzuki Connect Sales Related","Others"
"288","Deal","Nexa","Sales","Complaint","Post Sales Complaint","Sales",NULL,True,"False Commitment (Verbal)",NULL
"289","Deal","Nexa","Sales","Complaint","Post Sales Complaint","Sales",NULL,True,"False Commitment (Written)",NULL
"290","Deal","Nexa","Sales","Complaint","Post Sales Complaint","Sales",NULL,True,"Price of The Car(Verbal)",NULL
"291","Deal","Nexa","Sales","Complaint","Post Sales Complaint","Sales",NULL,True,"Price of The Car(Written)",NULL
"292","Deal","Nexa","Sales","Complaint","Post Sales Complaint","Sales",NULL,True,"Scheme/Discount Related (Verbal)",NULL
"293","Deal","Nexa","Sales","Complaint","Post Sales Complaint","Sales",NULL,True,"Scheme/Discount Related (Written)",NULL
"294","Dealer Related","Nexa","Sales","Complaint","Post Sales Complaint","Sales",NULL,True,"Unsatisfactory Dealer Interaction",NULL
"295","Delayed Delivery Days","Nexa","Sales","Complaint","Post Sales Complaint","Sales",NULL,True,"Delayed Delivery Days (Verbal)",NULL
"296","Delivery Process","Nexa","Sales","Complaint","Post Sales Complaint","Sales",NULL,True,"Delivery Process Time (Verbal)",NULL
"297","Delivery Process","Nexa","Sales","Complaint","Post Sales Complaint","Sales",NULL,True,"Explanation at The Time of Delivery",NULL
"298","Delivery Process","Nexa","Sales","Complaint","Post Sales Complaint","Sales",NULL,True,"Second Key Not Delivered",NULL
"299","Documents Not Received","Nexa","Sales","Complaint","Post Sales Complaint","Sales",NULL,True,"Documents Not Received/Delay in Receipt of Documents (Verbal)",NULL
"300","Documents Not Received","Nexa","Sales","Complaint","Post Sales Complaint","Sales",NULL,True,"Documents Not Received/Delay in Receipt of Documents (Written)",NULL
"301","Documents Not Received","Nexa","Sales","Complaint","Post Sales Complaint","Sales",NULL,True,"RC Not Received (Verbal)",NULL
"302","Documents Not Received","Nexa","Sales","Complaint","Post Sales Complaint","Sales",NULL,True,"RC Not Received (Written)",NULL
"303","Finance","Nexa","Sales","Complaint","Post Sales Complaint","Smart Finance",NULL,True,"Finance Process Related",NULL
"304","Finance","Nexa","Sales","Complaint","Post Sales Complaint","Smart Finance",NULL,True,"Smart Finance - Dealer Related","Price Visibile on Portal"
"305","Finance","Nexa","Sales","Complaint","Post Sales Complaint","Smart Finance",NULL,True,"Smart Finance - Dealer Related","Dealer Support Assistance on MSSF "
"306","Finance","Nexa","Sales","Complaint","Post Sales Complaint","Smart Finance",NULL,True,"Smart Finance - Dealer Related","Dealer Behaviour Related"
"307","Finance","Nexa","Sales","Complaint","Post Sales Complaint","Smart Finance",NULL,True,"Smart Finance - Dealer Related","Others"
"308","Finance","Nexa","Sales","Complaint","Post Sales Complaint","Smart Finance",NULL,True,"Smart Finance - Financer Related","No Response/Delayed in Issuing Sanction Letter"
"309","Finance","Nexa","Sales","Complaint","Post Sales Complaint","Smart Finance",NULL,True,"Smart Finance - Financer Related","Financer Seeking Documents Again "
"310","Finance","Nexa","Sales","Complaint","Post Sales Complaint","Smart Finance",NULL,True,"Smart Finance - Financer Related","Financer Refusing to Honor Sanction Letter"
"311","Finance","Nexa","Sales","Complaint","Post Sales Complaint","Smart Finance",NULL,True,"Smart Finance - Financer Related","Others"
"312","Multiple","Nexa","Sales","Complaint","Post Sales Complaint","Sales",NULL,True,"Multiple",NULL
"313","Others","Nexa","Sales","Complaint","Post Sales Complaint","Sales",NULL,True,"Others",NULL
"314","Overcharging","Nexa","Sales","Complaint","Post Sales Complaint","Sales",NULL,True,"Overcharging",NULL
"315","Paper Work","Nexa","Sales","Complaint","Post Sales Complaint","Sales",NULL,True,"Hassle Free/Transparent Paper Work",NULL
"316","Payment Related","Nexa","Sales","Complaint","Post Sales Complaint","Sales",NULL,True,"Non Refund of Amount",NULL
"317","PDI ","Nexa","Sales","Complaint","Post Sales Complaint","Sales",NULL,True,"Dirty Car Delivered",NULL
"318","PDI ","Nexa","Sales","Complaint","Post Sales Complaint","Sales",NULL,True,"PDI Service",NULL
"319","PDI ","Nexa","Sales","Complaint","Post Sales Complaint","Sales",NULL,True,"Petrol",NULL
"320","PDI ","Nexa","Sales","Complaint","Post Sales Complaint","Sales",NULL,True,"Scratches & Dent",NULL
"321","Points Related","Nexa","Sales","Complaint","Post Sales Complaint","Sales",NULL,True,"Incorrect Transaction History",NULL
"322","Points Related","Nexa","Sales","Complaint","Post Sales Complaint","Sales",NULL,True,"Points Not Awarded",NULL
"323","Points Related","Nexa","Sales","Complaint","Post Sales Complaint","Sales",NULL,True,"Points Not Redeemed",NULL
"324","Product/Colour Availability","Nexa","Sales","Complaint","Post Sales Complaint","Sales",NULL,True,"Product/Colour Availability (Verbal)",NULL
"325","Product/Colour Availability","Nexa","Sales","Complaint","Post Sales Complaint","Sales",NULL,True,"Product/Colour Availability (Written)",NULL
"3093","Availability","Nexa","MSGP","Query",NULL,NULL,NULL,True,NULL,NULL
"3094","Return Related","Nexa","MSGP","Query",NULL,NULL,NULL,True,NULL,NULL
"3095","Website Booking","Nexa","MSGP","Query",NULL,NULL,NULL,True,NULL,NULL
"330","Vintage Stock","Nexa","Sales","Complaint","Post Sales Complaint","Sales",NULL,True,"Milometer >150 KM",NULL
"331","Vintage Stock","Nexa","Sales","Complaint","Post Sales Complaint","Sales",NULL,True,"Previous Year Manufactured Car",NULL
"3096","Price Related","Nexa","MSGP","Query",NULL,NULL,NULL,True,NULL,NULL
"3097","Distributor Contact Details","Nexa","MSGP","Query",NULL,NULL,NULL,True,NULL,NULL
"332","MSR Not Able To Use","Nexa","Sales","Complaint","Post Sales Complaint","Maruti Suzuki Rewards",NULL,True,"Enrollment Related","Unable to Enroll"
"333","Product Complaints","Commercial","Service","Query",NULL,NULL,NULL,True,"Others","Others"
"334","MSR Not Able To Use","Nexa","Sales","Complaint","Post Sales Complaint","Maruti Suzuki Rewards",NULL,True,"Enrollment Related","Incorrect Customer Details"
"335","MSR Not Able To Use","Nexa","Sales","Complaint","Post Sales Complaint","Maruti Suzuki Rewards",NULL,True,"Software Related","App Related"
"336","MSR Not Able To Use","Nexa","Sales","Complaint","Post Sales Complaint","Maruti Suzuki Rewards",NULL,True,"Software Related","Website Related"
"337","MSR Not Able To Use","Nexa","Sales","Complaint","Post Sales Complaint","Maruti Suzuki Rewards",NULL,True,"Software Related","OTP Not Received"
"338","MSR Not Able To Use","Nexa","Sales","Complaint","Post Sales Complaint","Maruti Suzuki Rewards",NULL,True,"Software Related","Error in Payment"
"339","MSR Not Able To Use","Nexa","Sales","Complaint","Post Sales Complaint","Maruti Suzuki Rewards",NULL,True,"Benefit/Badge Related","Unable to Claim Benefit"
"340","MSR Not Able To Use","Nexa","Sales","Complaint","Post Sales Complaint","Maruti Suzuki Rewards",NULL,True,"Benefit/Badge Related","Unable to Claim Badge"
"341","MSR Not Able To Use","Nexa","Sales","Complaint","Post Sales Complaint","Maruti Suzuki Rewards",NULL,True,"Benefit/Badge Related","Unable to Use Badge"
"342","MSR Not Able To Use","Nexa","Sales","Complaint","Post Sales Complaint","Maruti Suzuki Rewards",NULL,True,"Benefit/Badge Related","Unable to Use Loyalty Bonus"
"343","MSR Points","Nexa","Sales","Complaint","Post Sales Complaint","Maruti Suzuki Rewards",NULL,True,"Points Related","Points Not Redeemed"
"344","MSR Points","Nexa","Sales","Complaint","Post Sales Complaint","Maruti Suzuki Rewards",NULL,True,"Points Related","Points Not Awarded"
"345","MSR Points","Nexa","Sales","Complaint","Post Sales Complaint","Maruti Suzuki Rewards",NULL,True,"Points Related","Incorrect Points Balance"
"346","MSR Points","Nexa","Sales","Complaint","Post Sales Complaint","Maruti Suzuki Rewards",NULL,True,"Points Related","Incorrect Transaction History"
"347","MSR - Issue With Dealer","Nexa","Sales","Complaint","Post Sales Complaint","Maruti Suzuki Rewards",NULL,True,"Dealer Related","Unsatisfactory Dealer Interaction"
"348","MSR - Issue With Dealer","Nexa","Sales","Complaint","Post Sales Complaint","Maruti Suzuki Rewards",NULL,True,"Dealer Related","Not Informed About The Program"
"349","MSR General Complaint","Nexa","Sales","Complaint","Post Sales Complaint","Maruti Suzuki Rewards",NULL,True,"Others","Others"
"351","Accessories","Nexa","Sales","Complaint","Pre Sales Complaint","Suzuki Connect","Gen 1",True,"Suzuki Connect Sales Related","Subscription Not Sold in DMS"
"352","Accessories","Nexa","Sales","Complaint","Pre Sales Complaint","Suzuki Connect","Gen 1",True,"Suzuki Connect Sales Related","Mobile Number Not Updated"
"353","Accessories","Nexa","Sales","Complaint","Pre Sales Complaint","Suzuki Connect","Gen 1",True,"Suzuki Connect Sales Related","Vehicle Registration Number Not Updated"
"354","Accessories","Nexa","Sales","Complaint","Pre Sales Complaint","Suzuki Connect","Gen 1",True,"Suzuki Connect Sales Related","Billing Related"
"355","Accessories","Nexa","Sales","Complaint","Pre Sales Complaint","Suzuki Connect","Gen 1",True,"Suzuki Connect Sales Related","Others"
"356","Booking Related","Nexa","Sales","Complaint","Pre Sales Complaint","Sales",NULL,True,"Asked for Premium/Forced Accessories",NULL
"357","Booking Related","Nexa","Sales","Complaint","Pre Sales Complaint","Sales",NULL,True,"Booking Refused",NULL
"358","Company Fitted","Nexa","Sales","Complaint","Pre Sales Complaint","Suzuki Connect","Gen 2",True,"Suzuki Connect Sales Related","Subscription Not Sold in DMS"
"359","Company Fitted","Nexa","Sales","Complaint","Pre Sales Complaint","Suzuki Connect","Gen 2",True,"Suzuki Connect Sales Related","Mobile Number Not Updated"
"360","Company Fitted","Nexa","Sales","Complaint","Pre Sales Complaint","Suzuki Connect","Gen 2",True,"Suzuki Connect Sales Related","Vehicle Registration Number Not Updated"
"361","Company Fitted","Nexa","Sales","Complaint","Pre Sales Complaint","Suzuki Connect","Gen 2",True,"Suzuki Connect Sales Related","Billing Related"
"362","Company Fitted","Nexa","Sales","Complaint","Pre Sales Complaint","Suzuki Connect","Gen 2",True,"Suzuki Connect Sales Related","Others"
"363","Deal","Nexa","Sales","Complaint","Pre Sales Complaint","Sales",NULL,True,"False Commitment (Verbal)",NULL
"364","Deal","Nexa","Sales","Complaint","Pre Sales Complaint","Sales",NULL,True,"False Commitment (Written)",NULL
"365","Deal","Nexa","Sales","Complaint","Pre Sales Complaint","Sales",NULL,True,"Price of The Car(Verbal)",NULL
"366","Deal","Nexa","Sales","Complaint","Pre Sales Complaint","Sales",NULL,True,"Price of The Car(Written)",NULL
"367","Deal","Nexa","Sales","Complaint","Pre Sales Complaint","Sales",NULL,True,"Scheme/Discount Related (Verbal)",NULL
"368","Deal","Nexa","Sales","Complaint","Pre Sales Complaint","Sales",NULL,True,"Scheme/Discount Related (Written)",NULL
"369","Delayed Delivery Days","Nexa","Sales","Complaint","Pre Sales Complaint","Sales",NULL,True,"Delayed Delivery Days (Verbal)",NULL
"370","Delayed Delivery Days","Nexa","Sales","Complaint","Pre Sales Complaint","Sales",NULL,True,"Delayed Delivery Days (Written)",NULL
"371","Documents Not Received","Nexa","Sales","Complaint","Pre Sales Complaint","Sales",NULL,True,"Documents Not Received/Delay in Receipt of Documents (Verbal)",NULL
"372","Finance","Nexa","Sales","Complaint","Pre Sales Complaint","Smart Finance",NULL,True,"Finance Process Related",NULL
"373","Finance","Nexa","Sales","Complaint","Pre Sales Complaint","Smart Finance",NULL,True,"Finance Related",NULL
"374","Finance","Nexa","Sales","Complaint","Pre Sales Complaint","Smart Finance",NULL,True,"Smart Finance - Dealer Related","Price Visibile on Portal"
"375","Finance","Nexa","Sales","Complaint","Pre Sales Complaint","Smart Finance",NULL,True,"Smart Finance - Dealer Related","Dealer Support Assistance on MSSF "
"376","Finance","Nexa","Sales","Complaint","Pre Sales Complaint","Smart Finance",NULL,True,"Smart Finance - Dealer Related","Dealer Behaviour Related"
"377","Finance","Nexa","Sales","Complaint","Pre Sales Complaint","Smart Finance",NULL,True,"Smart Finance - Dealer Related","Others"
"378","Finance","Nexa","Sales","Complaint","Pre Sales Complaint","Smart Finance",NULL,True,"Smart Finance - Financer Related","No Response/Delayed in Issuing Sanction Letter"
"379","Finance","Nexa","Sales","Complaint","Pre Sales Complaint","Smart Finance",NULL,True,"Smart Finance - Financer Related","Financer Seeking Documents Again "
"380","Finance","Nexa","Sales","Complaint","Pre Sales Complaint","Smart Finance",NULL,True,"Smart Finance - Financer Related","Financer Refusing to Honor Sanction Letter"
"381","Finance","Nexa","Sales","Complaint","Pre Sales Complaint","Smart Finance",NULL,True,"Smart Finance - Financer Related","Others"
"382","Multiple","Nexa","Sales","Complaint","Pre Sales Complaint","Sales",NULL,True,"Multiple",NULL
"383","Others","Nexa","Sales","Complaint","Pre Sales Complaint","Sales",NULL,True,"Others",NULL
"384","Overcharging","Nexa","Sales","Complaint","Pre Sales Complaint","Sales",NULL,True,"Overcharging",NULL
"385","Paper Work","Nexa","Sales","Complaint","Pre Sales Complaint","Sales",NULL,True,"Hassle Free/Transparent Paper Work",NULL
"386","Payment Related","Nexa","Sales","Complaint","Pre Sales Complaint","Sales",NULL,True,"Non Refund of Amount",NULL
"387","PDI ","Nexa","Sales","Complaint","Pre Sales Complaint","Sales",NULL,True,"Dirty Car Delivered",NULL
"388","PDI ","Nexa","Sales","Complaint","Pre Sales Complaint","Sales",NULL,True,"Scratches & Dent",NULL
"389","Product/Colour Availability","Nexa","Sales","Complaint","Pre Sales Complaint","Sales",NULL,True,"Product/Colour Availability (Verbal)",NULL
"390","Product/Colour Availability","Nexa","Sales","Complaint","Pre Sales Complaint","Sales",NULL,True,"Product/Colour Availability (Written)",NULL
"391","Sales Initiation","Nexa","Sales","Complaint","Pre Sales Complaint","Sales",NULL,True,"Parking",NULL
"392","Sales Initiation","Nexa","Sales","Complaint","Pre Sales Complaint","Sales",NULL,True,"Showroom Ambience",NULL
"393","Sales Initiation","Nexa","Sales","Complaint","Pre Sales Complaint","Sales",NULL,True,"Tea/Water Offered",NULL
"394","Sales Initiation","Nexa","Sales","Complaint","Pre Sales Complaint","Sales",NULL,True,"Test Drive",NULL
"395","Sales Person","Nexa","Sales","Complaint","Pre Sales Complaint","Sales Person",NULL,True,"Appropriateness of Sales Person Pressure",NULL
"396","Sales Person","Nexa","Sales","Complaint","Pre Sales Complaint","Sales Person",NULL,True,"Attention Focused on You",NULL
"397","Sales Person","Nexa","Sales","Complaint","Pre Sales Complaint","Sales Person",NULL,True,"Behaviour",NULL
"398","Sales Person","Nexa","Sales","Complaint","Pre Sales Complaint","Sales Person",NULL,True,"Knowledge & Explanation During Sales",NULL
"3099","Purchase Related","Nexa","MSGP","Query",NULL,NULL,NULL,True,NULL,NULL
"3100","Others","Nexa","MSGP","Feedback",NULL,NULL,NULL,True,NULL,NULL
"3398","Subscription Information","Arena","Sales","Query",NULL,"Maruti Suzuki Subscribe",NULL,True,"Plan Details","Loan vs Subscribe Comparison"
"3101","Quality Related","Nexa","MSGP","Feedback",NULL,NULL,NULL,True,NULL,NULL
"3102","Availability","Nexa","MSGP","Feedback",NULL,NULL,NULL,True,NULL,NULL
"3103","Return Related","Nexa","MSGP","Feedback",NULL,NULL,NULL,True,NULL,NULL
"3104","Website Booking","Nexa","MSGP","Feedback",NULL,NULL,NULL,True,NULL,NULL
"3105","Price Related","Nexa","MSGP","Feedback",NULL,NULL,NULL,True,NULL,NULL
"3106","Distributor Contact Details","Nexa","MSGP","Feedback",NULL,NULL,NULL,True,NULL,NULL
"3108","Purchase Related","Nexa","MSGP","Feedback",NULL,NULL,NULL,True,NULL,NULL
"3109","Others","Commercial","MSGP","Query",NULL,NULL,NULL,True,NULL,NULL
"3110","Quality Related","Commercial","MSGP","Query",NULL,NULL,NULL,True,NULL,NULL
"3111","Availability","Commercial","MSGP","Query",NULL,NULL,NULL,True,NULL,NULL
"3112","Return Related","Commercial","MSGP","Query",NULL,NULL,NULL,True,NULL,NULL
"3113","Website Booking","Commercial","MSGP","Query",NULL,NULL,NULL,True,NULL,NULL
"3114","Price Related","Commercial","MSGP","Query",NULL,NULL,NULL,True,NULL,NULL
"3115","Distributor Contact Details","Commercial","MSGP","Query",NULL,NULL,NULL,True,NULL,NULL
"3399","Subscription Information","Arena","Sales","Query",NULL,"Maruti Suzuki Subscribe",NULL,True,"Plan Details","Subscription Tenure Options"
"3117","Purchase Related","Commercial","MSGP","Query",NULL,NULL,NULL,True,NULL,NULL
"3118","Others","Commercial","MSGP","Feedback",NULL,NULL,NULL,True,NULL,NULL
"3119","Quality Related","Commercial","MSGP","Feedback",NULL,NULL,NULL,True,NULL,NULL
"3120","Availability","Commercial","MSGP","Feedback",NULL,NULL,NULL,True,NULL,NULL
"3121","Return Related","Commercial","MSGP","Feedback",NULL,NULL,NULL,True,NULL,NULL
"3122","Website Booking","Commercial","MSGP","Feedback",NULL,NULL,NULL,True,NULL,NULL
"3123","Price Related","Commercial","MSGP","Feedback",NULL,NULL,NULL,True,NULL,NULL
"3124","Distributor Contact Details","Commercial","MSGP","Feedback",NULL,NULL,NULL,True,NULL,NULL
"2635","MSR Not Able To Use","Arena","Accessories","Query",NULL,"Maruti Suzuki Rewards",NULL,True,"Enrollment Related","Unable to Enroll"
"2636","MSR Points","Arena","Accessories","Query",NULL,"Maruti Suzuki Rewards",NULL,True,"Points Related","Points Not Redeemed"
"2637","MSR Points","Arena","Accessories","Query",NULL,"Maruti Suzuki Rewards",NULL,True,"Points Related","Points Not Awarded"
"2638","MSR Points","Arena","Accessories","Query",NULL,"Maruti Suzuki Rewards",NULL,True,"Points Related","Incorrect Points Balance"
"2639","MSR - Issue With Dealer","Arena","Accessories","Query",NULL,"Maruti Suzuki Rewards",NULL,True,"Dealer Related","Not Informed About The Program"
"2640","MSR - Issue With Dealer","Arena","Accessories","Query",NULL,"Maruti Suzuki Rewards",NULL,True,"Dealer Related","Unsatisfactory Dealer Interaction"
"2641","MSR General Complaint","Arena","Accessories","Query",NULL,"Maruti Suzuki Rewards",NULL,True,"Others","Others"
"2642","MSR Not Able To Use","True Value","True Value","Query",NULL,"Maruti Suzuki Rewards",NULL,True,"Enrollment Related","Unable to Enroll"
"2643","MSR Points","True Value","True Value","Query",NULL,"Maruti Suzuki Rewards",NULL,True,"Points Related","Points Not Redeemed"
"2644","MSR Points","True Value","True Value","Query",NULL,"Maruti Suzuki Rewards",NULL,True,"Points Related","Points Not Awarded"
"2645","MSR Points","True Value","True Value","Query",NULL,"Maruti Suzuki Rewards",NULL,True,"Points Related","Incorrect Points Balance"
"2646","MSR - Issue With Dealer","True Value","True Value","Query",NULL,"Maruti Suzuki Rewards",NULL,True,"Dealer Related","Not Informed About The Program"
"2647","MSR - Issue With Dealer","True Value","True Value","Query",NULL,"Maruti Suzuki Rewards",NULL,True,"Dealer Related","Unsatisfactory Dealer Interaction"
"2648","MSR General Complaint","True Value","True Value","Query",NULL,"Maruti Suzuki Rewards",NULL,True,"Others","Others"
"2649","MSR Not Able To Use","Arena","Service","Query",NULL,"Maruti Suzuki Rewards",NULL,True,"Enrollment Related","Unable to Enroll"
"2650","MSR Points","Arena","Service","Query",NULL,"Maruti Suzuki Rewards",NULL,True,"Points Related","Points Not Redeemed"
"2651","MSR Points","Arena","Service","Query",NULL,"Maruti Suzuki Rewards",NULL,True,"Points Related","Points Not Awarded"
"2652","MSR Points","Arena","Service","Query",NULL,"Maruti Suzuki Rewards",NULL,True,"Points Related","Incorrect Points Balance"
"2653","MSR - Issue With Dealer","Arena","Service","Query",NULL,"Maruti Suzuki Rewards",NULL,True,"Dealer Related","Not Informed About The Program"
"2654","MSR - Issue With Dealer","Arena","Service","Query",NULL,"Maruti Suzuki Rewards",NULL,True,"Dealer Related","Unsatisfactory Dealer Interaction"
"2655","MSR General Complaint","Arena","Service","Query",NULL,"Maruti Suzuki Rewards",NULL,True,"Others","Others"
"3205","Business Area","Nexa","MSGP","Generic Query",NULL,NULL,NULL,True,"MOS",NULL
"3206","Business Area","Nexa","MSGP","Generic Query",NULL,NULL,NULL,True,"Website",NULL
"3207","Business Area","Nexa","MSGP","Generic Query",NULL,NULL,NULL,True,"Spare Parts",NULL
"3208","Business Area","Nexa","MSGP","Generic Query",NULL,NULL,NULL,True,"E-Booking Related",NULL
"3209","Business Area","Nexa","MSGP","Generic Query",NULL,NULL,NULL,True,"Rewards/Loyalty Points Related",NULL
"3210","MSIL","Nexa","MSGP","Generic Query",NULL,NULL,NULL,True,"MSIL Related Information (Contact)",NULL
"3211","MSIL","Nexa","MSGP","Generic Query",NULL,NULL,NULL,True,"Query About Maruti Product",NULL
"3126","Purchase Related","Commercial","MSGP","Feedback",NULL,NULL,NULL,True,NULL,NULL
"3212","MSIL","Nexa","MSGP","Generic Query",NULL,NULL,NULL,True,"Recall Related",NULL
"3213","MSIL","Nexa","MSGP","Generic Query",NULL,NULL,NULL,True,"New Model",NULL
"3214","MSIL","Nexa","MSGP","Generic Query",NULL,NULL,NULL,True,"Price Related",NULL
"3215","MSIL","Nexa","MSGP","Generic Query",NULL,NULL,NULL,True,"Booked Car Related",NULL
"3216","MSIL","Nexa","MSGP","Generic Query",NULL,NULL,NULL,True,"Spam Email",NULL
"3217","MSIL","Nexa","MSGP","Generic Query",NULL,NULL,NULL,True,"Service Related",NULL
"2670","MSR Not Able To Use","Nexa","Accessories","Query",NULL,"Maruti Suzuki Rewards",NULL,True,"Enrollment Related","Unable to Enroll"
"2671","MSR Points","Nexa","Accessories","Query",NULL,"Maruti Suzuki Rewards",NULL,True,"Points Related","Points Not Redeemed"
"2672","MSR Points","Nexa","Accessories","Query",NULL,"Maruti Suzuki Rewards",NULL,True,"Points Related","Points Not Awarded"
"2673","MSR Points","Nexa","Accessories","Query",NULL,"Maruti Suzuki Rewards",NULL,True,"Points Related","Incorrect Points Balance"
"2674","MSR - Issue With Dealer","Nexa","Accessories","Query",NULL,"Maruti Suzuki Rewards",NULL,True,"Dealer Related","Not Informed About The Program"
"2675","MSR - Issue With Dealer","Nexa","Accessories","Query",NULL,"Maruti Suzuki Rewards",NULL,True,"Dealer Related","Unsatisfactory Dealer Interaction"
"2676","MSR General Complaint","Nexa","Accessories","Query",NULL,"Maruti Suzuki Rewards",NULL,True,"Others","Others"
"2677","MSR Not Able To Use","Nexa","Service","Query",NULL,"Maruti Suzuki Rewards",NULL,True,"Enrollment Related","Unable to Enroll"
"2678","MSR Points","Nexa","Service","Query",NULL,"Maruti Suzuki Rewards",NULL,True,"Points Related","Points Not Redeemed"
"2679","MSR Points","Nexa","Service","Query",NULL,"Maruti Suzuki Rewards",NULL,True,"Points Related","Points Not Awarded"
"2680","MSR Points","Nexa","Service","Query",NULL,"Maruti Suzuki Rewards",NULL,True,"Points Related","Incorrect Points Balance"
"2681","MSR - Issue With Dealer","Nexa","Service","Query",NULL,"Maruti Suzuki Rewards",NULL,True,"Dealer Related","Not Informed About The Program"
"2682","MSR - Issue With Dealer","Nexa","Service","Query",NULL,"Maruti Suzuki Rewards",NULL,True,"Dealer Related","Unsatisfactory Dealer Interaction"
"2683","MSR General Complaint","Nexa","Service","Query",NULL,"Maruti Suzuki Rewards",NULL,True,"Others","Others"
"2684","MSR Not Able To Use","Arena","Sales","Feedback",NULL,"Maruti Suzuki Rewards",NULL,True,"Enrollment Related","Unable to Enroll"
"2685","MSR Points","Arena","Sales","Feedback",NULL,"Maruti Suzuki Rewards",NULL,True,"Points Related","Points Not Redeemed"
"2686","MSR Points","Arena","Sales","Feedback",NULL,"Maruti Suzuki Rewards",NULL,True,"Points Related","Points Not Awarded"
"2687","MSR Points","Arena","Sales","Feedback",NULL,"Maruti Suzuki Rewards",NULL,True,"Points Related","Incorrect Points Balance"
"2688","MSR - Issue With Dealer","Arena","Sales","Feedback",NULL,"Maruti Suzuki Rewards",NULL,True,"Dealer Related","Not Informed About The Program"
"2689","MSR - Issue With Dealer","Arena","Sales","Feedback",NULL,"Maruti Suzuki Rewards",NULL,True,"Dealer Related","Unsatisfactory Dealer Interaction"
"2690","MSR General Complaint","Arena","Sales","Feedback",NULL,"Maruti Suzuki Rewards",NULL,True,"Others","Others"
"2691","MSR Not Able To Use","Arena","Accessories","Feedback",NULL,"Maruti Suzuki Rewards",NULL,True,"Enrollment Related","Unable to Enroll"
"2692","MSR Points","Arena","Accessories","Feedback",NULL,"Maruti Suzuki Rewards",NULL,True,"Points Related","Points Not Redeemed"
"2693","MSR Points","Arena","Accessories","Feedback",NULL,"Maruti Suzuki Rewards",NULL,True,"Points Related","Points Not Awarded"
"2694","MSR Points","Arena","Accessories","Feedback",NULL,"Maruti Suzuki Rewards",NULL,True,"Points Related","Incorrect Points Balance"
"2695","MSR - Issue With Dealer","Arena","Accessories","Feedback",NULL,"Maruti Suzuki Rewards",NULL,True,"Dealer Related","Not Informed About The Program"
"2696","MSR - Issue With Dealer","Arena","Accessories","Feedback",NULL,"Maruti Suzuki Rewards",NULL,True,"Dealer Related","Unsatisfactory Dealer Interaction"
"2697","MSR General Complaint","Arena","Accessories","Feedback",NULL,"Maruti Suzuki Rewards",NULL,True,"Others","Others"
"3218","Enquiry","Nexa","MSGP","Generic Query",NULL,NULL,NULL,True,"Status of Complaint",NULL
"3219","Enquiry","Nexa","MSGP","Generic Query",NULL,NULL,NULL,True,"Complaint Withdrawal",NULL
"3220","Others","Nexa","MSGP","Generic Query",NULL,NULL,NULL,True,"RO Related",NULL
"3221","Others","Nexa","MSGP","Generic Query",NULL,NULL,NULL,True,"Incomplete Information of Customer",NULL
"3222","Others","Nexa","MSGP","Generic Query",NULL,NULL,NULL,True,"Non Maruti Car",NULL
"3223","Others","Nexa","MSGP","Generic Query",NULL,NULL,NULL,True,"Other Query",NULL
"3224","Business Area","Commercial","MSGP","Generic Query",NULL,NULL,NULL,True,"MSR Application",NULL
"2698","MSR Not Able To Use","True Value","True Value","Feedback",NULL,"Maruti Suzuki Rewards",NULL,True,"Enrollment Related","Unable to Enroll"
"2699","MSR Points","True Value","True Value","Feedback",NULL,"Maruti Suzuki Rewards",NULL,True,"Points Related","Points Not Redeemed"
"2700","MSR Points","True Value","True Value","Feedback",NULL,"Maruti Suzuki Rewards",NULL,True,"Points Related","Points Not Awarded"
"2701","MSR Points","True Value","True Value","Feedback",NULL,"Maruti Suzuki Rewards",NULL,True,"Points Related","Incorrect Points Balance"
"2702","MSR - Issue With Dealer","True Value","True Value","Feedback",NULL,"Maruti Suzuki Rewards",NULL,True,"Dealer Related","Not Informed About The Program"
"2703","MSR - Issue With Dealer","True Value","True Value","Feedback",NULL,"Maruti Suzuki Rewards",NULL,True,"Dealer Related","Unsatisfactory Dealer Interaction"
"2704","MSR General Complaint","True Value","True Value","Feedback",NULL,"Maruti Suzuki Rewards",NULL,True,"Others","Others"
"2705","MSR Not Able To Use","Arena","Service","Feedback",NULL,"Maruti Suzuki Rewards",NULL,True,"Enrollment Related","Unable to Enroll"
"2706","MSR Points","Arena","Service","Feedback",NULL,"Maruti Suzuki Rewards",NULL,True,"Points Related","Points Not Redeemed"
"2707","MSR Points","Arena","Service","Feedback",NULL,"Maruti Suzuki Rewards",NULL,True,"Points Related","Points Not Awarded"
"2708","MSR Points","Arena","Service","Feedback",NULL,"Maruti Suzuki Rewards",NULL,True,"Points Related","Incorrect Points Balance"
"2709","MSR - Issue With Dealer","Arena","Service","Feedback",NULL,"Maruti Suzuki Rewards",NULL,True,"Dealer Related","Not Informed About The Program"
"2710","MSR - Issue With Dealer","Arena","Service","Feedback",NULL,"Maruti Suzuki Rewards",NULL,True,"Dealer Related","Unsatisfactory Dealer Interaction"
"521","Sales Feedback","Nexa","Sales","Feedback",NULL,NULL,NULL,True,"Booking Related",NULL
"522","Sales Feedback","Nexa","Sales","Feedback",NULL,NULL,NULL,True,"Delivery Related Feedback",NULL
"523","Sales Feedback","Nexa","Sales","Feedback",NULL,NULL,NULL,True,"Documentation Related",NULL
"524","Sales Feedback","Nexa","Sales","Feedback",NULL,NULL,NULL,True,"Payment Related",NULL
"525","Sales Feedback","Nexa","Sales","Feedback",NULL,NULL,NULL,True,"Scheme Related",NULL
"526","Sales Feedback","Nexa","Sales","Feedback",NULL,NULL,NULL,True,"MisBehavior",NULL
"527","Sales Feedback","Nexa","Sales","Feedback",NULL,NULL,NULL,True,"Others",NULL
"528","Sales Feedback","Nexa","Sales","Feedback",NULL,NULL,NULL,True,"FAME Scheme Related",NULL
"529","Product Feedback","Nexa","Sales","Feedback",NULL,NULL,NULL,True,"Product",NULL
"530","Others Feedback","Nexa","Sales","Feedback",NULL,NULL,NULL,True,"Finance",NULL
"531","Others Feedback","Nexa","Sales","Feedback",NULL,NULL,NULL,True,"Insurance",NULL
"532","Others Feedback","Nexa","Sales","Feedback",NULL,NULL,NULL,True,"Extended Warranty",NULL
"533","Others Feedback","Nexa","Sales","Feedback",NULL,NULL,NULL,True,"Others",NULL
"534","Others Feedback","Nexa","Sales","Feedback",NULL,NULL,NULL,True,"AutoCard",NULL
"535","Others Feedback","Nexa","Sales","Feedback",NULL,NULL,NULL,True,"Maruti Suzuki Smart Finance",NULL
"538","Accessories","Commercial","Sales","Complaint","Post Sales Complaint","Suzuki Connect","Gen 1",True,"Suzuki Connect Sales Related","Subscription Not Sold in DMS"
"539","Accessories","Commercial","Sales","Complaint","Post Sales Complaint","Suzuki Connect","Gen 1",True,"Suzuki Connect Sales Related","Mobile Number Not Updated"
"540","Accessories","Commercial","Sales","Complaint","Post Sales Complaint","Suzuki Connect","Gen 1",True,"Suzuki Connect Sales Related","Vehicle Registration Number Not Updated"
"541","Accessories","Commercial","Sales","Complaint","Post Sales Complaint","Suzuki Connect","Gen 1",True,"Suzuki Connect Sales Related","Billing Related"
"542","Accessories","Commercial","Sales","Complaint","Post Sales Complaint","Suzuki Connect","Gen 1",True,"Suzuki Connect Sales Related","Device Connections To Be Checked(Device Inspection)"
"543","Accessories","Commercial","Sales","Complaint","Post Sales Complaint","Suzuki Connect","Gen 1",True,"Suzuki Connect Sales Related","Replacement"
"544","Accessories","Commercial","Sales","Complaint","Post Sales Complaint","Suzuki Connect","Gen 1",True,"Suzuki Connect Sales Related","Others"
"545","Benefit/Badge Related","Commercial","Sales","Complaint","Post Sales Complaint","Sales",NULL,True,"Unable to Claim Badge",NULL
"546","Company Fitted","Commercial","Sales","Complaint","Post Sales Complaint","Suzuki Connect","Gen 2",True,"Suzuki Connect Dealer Assistance","Device Connections To Be Checked(Device Inspection)"
"547","Company Fitted","Commercial","Sales","Complaint","Post Sales Complaint","Suzuki Connect","Gen 2",True,"Suzuki Connect Dealer Assistance","Re-enrollment/Enrollment"
"548","Company Fitted","Commercial","Sales","Complaint","Post Sales Complaint","Suzuki Connect","Gen 2",True,"Suzuki Connect Dealer Assistance","Vehicle Inspection"
"550","Company Fitted","Commercial","Sales","Complaint","Post Sales Complaint","Suzuki Connect","Gen 2",True,"Suzuki Connect Dealer Assistance","Replacement"
"551","Company Fitted","Commercial","Sales","Complaint","Post Sales Complaint","Suzuki Connect","Gen 2",True,"Suzuki Connect Dealer Assistance","Others"
"552","Company Fitted","Commercial","Sales","Complaint","Post Sales Complaint","Suzuki Connect","Gen 2",True,"Suzuki Connect Sales Related","Subscription Not Sold in DMS"
"553","Company Fitted","Commercial","Sales","Complaint","Post Sales Complaint","Suzuki Connect","Gen 2",True,"Suzuki Connect Sales Related","Mobile Number Not Updated"
"554","Company Fitted","Commercial","Sales","Complaint","Post Sales Complaint","Suzuki Connect","Gen 2",True,"Suzuki Connect Sales Related","Vehicle Registration Number Not Updated"
"555","Company Fitted","Commercial","Sales","Complaint","Post Sales Complaint","Suzuki Connect","Gen 2",True,"Suzuki Connect Sales Related","Billing Related"
"556","Company Fitted","Commercial","Sales","Complaint","Post Sales Complaint","Suzuki Connect","Gen 2",True,"Suzuki Connect Sales Related","Others"
"557","Deal","Commercial","Sales","Complaint","Post Sales Complaint","Sales",NULL,True,"False Commitment (Verbal)",NULL
"558","Deal","Commercial","Sales","Complaint","Post Sales Complaint","Sales",NULL,True,"False Commitment (Written)",NULL
"559","Deal","Commercial","Sales","Complaint","Post Sales Complaint","Sales",NULL,True,"Price of The Car(Verbal)",NULL
"560","Deal","Commercial","Sales","Complaint","Post Sales Complaint","Sales",NULL,True,"Price of The Car(Written)",NULL
"561","Deal","Commercial","Sales","Complaint","Post Sales Complaint","Sales",NULL,True,"Scheme/Discount Related (Verbal)",NULL
"562","Deal","Commercial","Sales","Complaint","Post Sales Complaint","Sales",NULL,True,"Scheme/Discount Related (Written)",NULL
"563","Dealer Related","Commercial","Sales","Complaint","Post Sales Complaint","Sales",NULL,True,"Unsatisfactory Dealer Interaction",NULL
"564","Delayed Delivery Days","Commercial","Sales","Complaint","Post Sales Complaint","Sales",NULL,True,"Delayed Delivery Days (Verbal)",NULL
"565","Delivery Process","Commercial","Sales","Complaint","Post Sales Complaint","Sales",NULL,True,"Delivery Process Time (Verbal)",NULL
"566","Delivery Process","Commercial","Sales","Complaint","Post Sales Complaint","Sales",NULL,True,"Explanation at The Time of Delivery",NULL
"567","Delivery Process","Commercial","Sales","Complaint","Post Sales Complaint","Sales",NULL,True,"Second Key Not Delivered",NULL
"568","Documents Not Received","Commercial","Sales","Complaint","Post Sales Complaint","Sales",NULL,True,"Documents Not Received/Delay in Receipt of Documents (Verbal)",NULL
"569","Documents Not Received","Commercial","Sales","Complaint","Post Sales Complaint","Sales",NULL,True,"Documents Not Received/Delay in Receipt of Documents (Written)",NULL
"570","Documents Not Received","Commercial","Sales","Complaint","Post Sales Complaint","Sales",NULL,True,"RC Not Received (Verbal)",NULL
"571","Documents Not Received","Commercial","Sales","Complaint","Post Sales Complaint","Sales",NULL,True,"RC Not Received (Written)",NULL
"572","Finance","Commercial","Sales","Complaint","Post Sales Complaint","Smart Finance",NULL,True,"Finance Process Related",NULL
"573","Finance","Commercial","Sales","Complaint","Post Sales Complaint","Smart Finance",NULL,True,"Smart Finance - Dealer Related","Price Visibile on Portal"
"574","Finance","Commercial","Sales","Complaint","Post Sales Complaint","Smart Finance",NULL,True,"Smart Finance - Dealer Related","Dealer Support Assistance on MSSF "
"575","Finance","Commercial","Sales","Complaint","Post Sales Complaint","Smart Finance",NULL,True,"Smart Finance - Dealer Related","Dealer Behaviour Related"
"576","Finance","Commercial","Sales","Complaint","Post Sales Complaint","Smart Finance",NULL,True,"Smart Finance - Dealer Related","Others"
"577","Finance","Commercial","Sales","Complaint","Post Sales Complaint","Smart Finance",NULL,True,"Smart Finance - Financer Related","No Response/Delayed in Issuing Sanction Letter"
"578","Finance","Commercial","Sales","Complaint","Post Sales Complaint","Smart Finance",NULL,True,"Smart Finance - Financer Related","Financer Seeking Documents Again "
"579","Finance","Commercial","Sales","Complaint","Post Sales Complaint","Smart Finance",NULL,True,"Smart Finance - Financer Related","Financer Refusing to Honor Sanction Letter"
"580","Finance","Commercial","Sales","Complaint","Post Sales Complaint","Smart Finance",NULL,True,"Smart Finance - Financer Related","Others"
"581","Multiple","Commercial","Sales","Complaint","Post Sales Complaint","Sales",NULL,True,"Multiple",NULL
"582","Others","Commercial","Sales","Complaint","Post Sales Complaint","Sales",NULL,True,"Others",NULL
"583","Overcharging","Commercial","Sales","Complaint","Post Sales Complaint","Sales",NULL,True,"Overcharging",NULL
"584","Paper Work","Commercial","Sales","Complaint","Post Sales Complaint","Sales",NULL,True,"Hassle Free/Transparent Paper Work",NULL
"585","Payment Related","Commercial","Sales","Complaint","Post Sales Complaint","Sales",NULL,True,"Non Refund of Amount",NULL
"586","PDI ","Commercial","Sales","Complaint","Post Sales Complaint","Sales",NULL,True,"Dirty Car Delivered",NULL
"587","PDI ","Commercial","Sales","Complaint","Post Sales Complaint","Sales",NULL,True,"PDI Service",NULL
"588","PDI ","Commercial","Sales","Complaint","Post Sales Complaint","Sales",NULL,True,"Petrol",NULL
"589","PDI ","Commercial","Sales","Complaint","Post Sales Complaint","Sales",NULL,True,"Scratches & Dent",NULL
"590","Points Related","Commercial","Sales","Complaint","Post Sales Complaint","Sales",NULL,True,"Incorrect Transaction History",NULL
"591","Points Related","Commercial","Sales","Complaint","Post Sales Complaint","Sales",NULL,True,"Points Not Awarded",NULL
"592","Points Related","Commercial","Sales","Complaint","Post Sales Complaint","Sales",NULL,True,"Points Not Redeemed",NULL
"593","Product/Colour Availability","Commercial","Sales","Complaint","Post Sales Complaint","Sales",NULL,True,"Product/Colour Availability (Verbal)",NULL
"594","Sales Feedback","Commercial","Sales","Feedback",NULL,NULL,NULL,True,"Scheme Related",NULL
"595","Product/Colour Availability","Commercial","Sales","Complaint","Post Sales Complaint","Sales",NULL,True,"Product/Colour Availability (Written)",NULL
"2711","MSR General Complaint","Arena","Service","Feedback",NULL,"Maruti Suzuki Rewards",NULL,True,"Others","Others"
"3225","Business Area","Commercial","MSGP","Generic Query",NULL,NULL,NULL,True,"MOS",NULL
"3226","Business Area","Commercial","MSGP","Generic Query",NULL,NULL,NULL,True,"Website",NULL
"3227","Business Area","Commercial","MSGP","Generic Query",NULL,NULL,NULL,True,"Spare Parts",NULL
"600","Vintage Stock","Commercial","Sales","Complaint","Post Sales Complaint","Sales",NULL,True,"Milometer >150 KM",NULL
"601","Vintage Stock","Commercial","Sales","Complaint","Post Sales Complaint","Sales",NULL,True,"Previous Year Manufactured Car",NULL
"602","MSR Not Able To Use","Commercial","Sales","Complaint","Post Sales Complaint","Maruti Suzuki Rewards",NULL,True,"Enrollment Related","Unable to Enroll"
"603","MSR Not Able To Use","Commercial","Sales","Complaint","Post Sales Complaint","Maruti Suzuki Rewards",NULL,True,"Enrollment Related","Incorrect Customer Details"
"604","MSR Not Able To Use","Commercial","Sales","Complaint","Post Sales Complaint","Maruti Suzuki Rewards",NULL,True,"Software Related","App Related"
"605","MSR Not Able To Use","Commercial","Sales","Complaint","Post Sales Complaint","Maruti Suzuki Rewards",NULL,True,"Software Related","Website Related"
"606","MSR Not Able To Use","Commercial","Sales","Complaint","Post Sales Complaint","Maruti Suzuki Rewards",NULL,True,"Software Related","OTP Not Received"
"607","MSR Not Able To Use","Commercial","Sales","Complaint","Post Sales Complaint","Maruti Suzuki Rewards",NULL,True,"Software Related","Error in Payment"
"608","MSR Not Able To Use","Commercial","Sales","Complaint","Post Sales Complaint","Maruti Suzuki Rewards",NULL,True,"Benefit/Badge Related","Unable to Claim Benefit"
"609","MSR Not Able To Use","Commercial","Sales","Complaint","Post Sales Complaint","Maruti Suzuki Rewards",NULL,True,"Benefit/Badge Related","Unable to Claim Badge"
"610","MSR Not Able To Use","Commercial","Sales","Complaint","Post Sales Complaint","Maruti Suzuki Rewards",NULL,True,"Benefit/Badge Related","Unable to Use Badge"
"611","MSR Not Able To Use","Commercial","Sales","Complaint","Post Sales Complaint","Maruti Suzuki Rewards",NULL,True,"Benefit/Badge Related","Unable to Use Loyalty Bonus"
"612","MSR Points","Commercial","Sales","Complaint","Post Sales Complaint","Maruti Suzuki Rewards",NULL,True,"Points Related","Points Not Redeemed"
"613","MSR Points","Commercial","Sales","Complaint","Post Sales Complaint","Maruti Suzuki Rewards",NULL,True,"Points Related","Points Not Awarded"
"614","MSR Points","Commercial","Sales","Complaint","Post Sales Complaint","Maruti Suzuki Rewards",NULL,True,"Points Related","Incorrect Points Balance"
"615","MSR Points","Commercial","Sales","Complaint","Post Sales Complaint","Maruti Suzuki Rewards",NULL,True,"Points Related","Incorrect Transaction History"
"616","MSR - Issue With Dealer","Commercial","Sales","Complaint","Post Sales Complaint","Maruti Suzuki Rewards",NULL,True,"Dealer Related","Unsatisfactory Dealer Interaction"
"617","MSR - Issue With Dealer","Commercial","Sales","Complaint","Post Sales Complaint","Maruti Suzuki Rewards",NULL,True,"Dealer Related","Not Informed About The Program"
"618","MSR General Complaint","Commercial","Sales","Complaint","Post Sales Complaint","Maruti Suzuki Rewards",NULL,True,"Others","Others"
"620","Accessories","Commercial","Sales","Complaint","Pre Sales Complaint","Suzuki Connect","Gen 1",True,"Suzuki Connect Sales Related","Subscription Not Sold in DMS"
"621","Accessories","Commercial","Sales","Complaint","Pre Sales Complaint","Suzuki Connect","Gen 1",True,"Suzuki Connect Sales Related","Mobile Number Not Updated"
"622","Accessories","Commercial","Sales","Complaint","Pre Sales Complaint","Suzuki Connect","Gen 1",True,"Suzuki Connect Sales Related","Vehicle Registration Number Not Updated"
"623","Accessories","Commercial","Sales","Complaint","Pre Sales Complaint","Suzuki Connect","Gen 1",True,"Suzuki Connect Sales Related","Billing Related"
"624","Accessories","Commercial","Sales","Complaint","Pre Sales Complaint","Suzuki Connect","Gen 1",True,"Suzuki Connect Sales Related","Others"
"625","Booking Related","Commercial","Sales","Complaint","Pre Sales Complaint","Sales",NULL,True,"Asked for Premium/Forced Accessories",NULL
"626","Booking Related","Commercial","Sales","Complaint","Pre Sales Complaint","Sales",NULL,True,"Booking Refused",NULL
"627","Company Fitted","Commercial","Sales","Complaint","Pre Sales Complaint","Suzuki Connect","Gen 2",True,"Suzuki Connect Sales Related","Subscription Not Sold in DMS"
"628","Company Fitted","Commercial","Sales","Complaint","Pre Sales Complaint","Suzuki Connect","Gen 2",True,"Suzuki Connect Sales Related","Mobile Number Not Updated"
"629","Company Fitted","Commercial","Sales","Complaint","Pre Sales Complaint","Suzuki Connect","Gen 2",True,"Suzuki Connect Sales Related","Vehicle Registration Number Not Updated"
"630","Company Fitted","Commercial","Sales","Complaint","Pre Sales Complaint","Suzuki Connect","Gen 2",True,"Suzuki Connect Sales Related","Billing Related"
"631","Company Fitted","Commercial","Sales","Complaint","Pre Sales Complaint","Suzuki Connect","Gen 2",True,"Suzuki Connect Sales Related","Others"
"632","Deal","Commercial","Sales","Complaint","Pre Sales Complaint","Sales",NULL,True,"False Commitment (Verbal)",NULL
"633","Deal","Commercial","Sales","Complaint","Pre Sales Complaint","Sales",NULL,True,"False Commitment (Written)",NULL
"634","Deal","Commercial","Sales","Complaint","Pre Sales Complaint","Sales",NULL,True,"Price of The Car(Verbal)",NULL
"635","Deal","Commercial","Sales","Complaint","Pre Sales Complaint","Sales",NULL,True,"Price of The Car(Written)",NULL
"636","Deal","Commercial","Sales","Complaint","Pre Sales Complaint","Sales",NULL,True,"Scheme/Discount Related (Verbal)",NULL
"637","Deal","Commercial","Sales","Complaint","Pre Sales Complaint","Sales",NULL,True,"Scheme/Discount Related (Written)",NULL
"638","Delayed Delivery Days","Commercial","Sales","Complaint","Pre Sales Complaint","Sales",NULL,True,"Delayed Delivery Days (Verbal)",NULL
"639","Delayed Delivery Days","Commercial","Sales","Complaint","Pre Sales Complaint","Sales",NULL,True,"Delayed Delivery Days (Written)",NULL
"640","Documents Not Received","Commercial","Sales","Complaint","Pre Sales Complaint","Sales",NULL,True,"Documents Not Received/Delay in Receipt of Documents (Verbal)",NULL
"641","Finance","Commercial","Sales","Complaint","Pre Sales Complaint","Smart Finance",NULL,True,"Finance Process Related",NULL
"642","Finance","Commercial","Sales","Complaint","Pre Sales Complaint","Smart Finance",NULL,True,"Finance Related",NULL
"643","Finance","Commercial","Sales","Complaint","Pre Sales Complaint","Smart Finance",NULL,True,"Smart Finance - Dealer Related","Price Visibile on Portal"
"644","Finance","Commercial","Sales","Complaint","Pre Sales Complaint","Smart Finance",NULL,True,"Smart Finance - Dealer Related","Dealer Support Assistance on MSSF "
"645","Finance","Commercial","Sales","Complaint","Pre Sales Complaint","Smart Finance",NULL,True,"Smart Finance - Dealer Related","Dealer Behaviour Related"
"646","Finance","Commercial","Sales","Complaint","Pre Sales Complaint","Smart Finance",NULL,True,"Smart Finance - Dealer Related","Others"
"647","Finance","Commercial","Sales","Complaint","Pre Sales Complaint","Smart Finance",NULL,True,"Smart Finance - Financer Related","No Response/Delayed in Issuing Sanction Letter"
"648","Finance","Commercial","Sales","Complaint","Pre Sales Complaint","Smart Finance",NULL,True,"Smart Finance - Financer Related","Financer Seeking Documents Again "
"649","Finance","Commercial","Sales","Complaint","Pre Sales Complaint","Smart Finance",NULL,True,"Smart Finance - Financer Related","Financer Refusing to Honor Sanction Letter"
"650","Finance","Commercial","Sales","Complaint","Pre Sales Complaint","Smart Finance",NULL,True,"Smart Finance - Financer Related","Others"
"651","Multiple","Commercial","Sales","Complaint","Pre Sales Complaint","Sales",NULL,True,"Multiple",NULL
"652","Others","Commercial","Sales","Complaint","Pre Sales Complaint","Sales",NULL,True,"Others",NULL
"653","Overcharging","Commercial","Sales","Complaint","Pre Sales Complaint","Sales",NULL,True,"Overcharging",NULL
"654","Paper Work","Commercial","Sales","Complaint","Pre Sales Complaint","Sales",NULL,True,"Hassle Free/Transparent Paper Work",NULL
"655","Payment Related","Commercial","Sales","Complaint","Pre Sales Complaint","Sales",NULL,True,"Non Refund of Amount",NULL
"656","PDI ","Commercial","Sales","Complaint","Pre Sales Complaint","Sales",NULL,True,"Dirty Car Delivered",NULL
"657","PDI ","Commercial","Sales","Complaint","Pre Sales Complaint","Sales",NULL,True,"Scratches & Dent",NULL
"658","Product/Colour Availability","Commercial","Sales","Complaint","Pre Sales Complaint","Sales",NULL,True,"Product/Colour Availability (Verbal)",NULL
"659","Product/Colour Availability","Commercial","Sales","Complaint","Pre Sales Complaint","Sales",NULL,True,"Product/Colour Availability (Written)",NULL
"660","Sales Initiation","Commercial","Sales","Complaint","Pre Sales Complaint","Sales",NULL,True,"Parking",NULL
"661","Sales Initiation","Commercial","Sales","Complaint","Pre Sales Complaint","Sales",NULL,True,"Showroom Ambience",NULL
"662","Sales Initiation","Commercial","Sales","Complaint","Pre Sales Complaint","Sales",NULL,True,"Tea/Water Offered",NULL
"663","Sales Initiation","Commercial","Sales","Complaint","Pre Sales Complaint","Sales",NULL,True,"Test Drive",NULL
"3400","Subscription Information","Arena","Sales","Query",NULL,"Maruti Suzuki Subscribe",NULL,True,"Plan Details","Pricing and Mileage Options"
"2113","Refund Issue","True Value","True Value","Query",NULL,"True Value",NULL,True,"Non-Refund of Security",NULL
"666","Sales Person","Commercial","Sales","Complaint","Pre Sales Complaint","Sales Person",NULL,True,"Attention Focused on You",NULL
"667","Sales Person","Commercial","Sales","Complaint","Pre Sales Complaint","Sales Person",NULL,True,"Behaviour",NULL
"668","Sales Person","Commercial","Sales","Complaint","Pre Sales Complaint","Sales Person",NULL,True,"Knowledge & Explanation During Sales",NULL
"3228","Business Area","Commercial","MSGP","Generic Query",NULL,NULL,NULL,True,"E-Booking Related",NULL
"3229","Business Area","Commercial","MSGP","Generic Query",NULL,NULL,NULL,True,"Rewards/Loyalty Points Related",NULL
"3230","MSIL","Commercial","MSGP","Generic Query",NULL,NULL,NULL,True,"MSIL Related Information (Contact)",NULL
"3231","MSIL","Commercial","MSGP","Generic Query",NULL,NULL,NULL,True,"Query About Maruti Product",NULL
"2719","MSR Not Able To Use","Nexa","Sales","Feedback",NULL,"Maruti Suzuki Rewards",NULL,True,"Enrollment Related","Unable to Enroll"
"2720","MSR Points","Nexa","Sales","Feedback",NULL,"Maruti Suzuki Rewards",NULL,True,"Points Related","Points Not Redeemed"
"2721","MSR Points","Nexa","Sales","Feedback",NULL,"Maruti Suzuki Rewards",NULL,True,"Points Related","Points Not Awarded"
"2722","MSR Points","Nexa","Sales","Feedback",NULL,"Maruti Suzuki Rewards",NULL,True,"Points Related","Incorrect Points Balance"
"2723","MSR - Issue With Dealer","Nexa","Sales","Feedback",NULL,"Maruti Suzuki Rewards",NULL,True,"Dealer Related","Not Informed About The Program"
"2724","MSR - Issue With Dealer","Nexa","Sales","Feedback",NULL,"Maruti Suzuki Rewards",NULL,True,"Dealer Related","Unsatisfactory Dealer Interaction"
"2725","MSR General Complaint","Nexa","Sales","Feedback",NULL,"Maruti Suzuki Rewards",NULL,True,"Others","Others"
"2726","MSR Not Able To Use","Nexa","Accessories","Feedback",NULL,"Maruti Suzuki Rewards",NULL,True,"Enrollment Related","Unable to Enroll"
"2727","MSR Points","Nexa","Accessories","Feedback",NULL,"Maruti Suzuki Rewards",NULL,True,"Points Related","Points Not Redeemed"
"2728","MSR Points","Nexa","Accessories","Feedback",NULL,"Maruti Suzuki Rewards",NULL,True,"Points Related","Points Not Awarded"
"2729","MSR Points","Nexa","Accessories","Feedback",NULL,"Maruti Suzuki Rewards",NULL,True,"Points Related","Incorrect Points Balance"
"2730","MSR - Issue With Dealer","Nexa","Accessories","Feedback",NULL,"Maruti Suzuki Rewards",NULL,True,"Dealer Related","Not Informed About The Program"
"2731","MSR - Issue With Dealer","Nexa","Accessories","Feedback",NULL,"Maruti Suzuki Rewards",NULL,True,"Dealer Related","Unsatisfactory Dealer Interaction"
"2732","MSR General Complaint","Nexa","Accessories","Feedback",NULL,"Maruti Suzuki Rewards",NULL,True,"Others","Others"
"2733","MSR Not Able To Use","Nexa","Service","Feedback",NULL,"Maruti Suzuki Rewards",NULL,True,"Enrollment Related","Unable to Enroll"
"2734","MSR Points","Nexa","Service","Feedback",NULL,"Maruti Suzuki Rewards",NULL,True,"Points Related","Points Not Redeemed"
"2735","MSR Points","Nexa","Service","Feedback",NULL,"Maruti Suzuki Rewards",NULL,True,"Points Related","Points Not Awarded"
"2736","MSR Points","Nexa","Service","Feedback",NULL,"Maruti Suzuki Rewards",NULL,True,"Points Related","Incorrect Points Balance"
"2737","MSR - Issue With Dealer","Nexa","Service","Feedback",NULL,"Maruti Suzuki Rewards",NULL,True,"Dealer Related","Not Informed About The Program"
"2738","MSR - Issue With Dealer","Nexa","Service","Feedback",NULL,"Maruti Suzuki Rewards",NULL,True,"Dealer Related","Unsatisfactory Dealer Interaction"
"2739","MSR General Complaint","Nexa","Service","Feedback",NULL,"Maruti Suzuki Rewards",NULL,True,"Others","Others"
"1161","Service Initiation","Arena","Service","Query",NULL,"Service",NULL,True,"Others","Loaner Car Not Given"
"1162","Service Initiation","Arena","Service","Query",NULL,"Service",NULL,True,"Others","Maruti App Improper Working"
"1163","Service Initiation","Arena","Service","Query",NULL,"Service",NULL,True,"Others","MisBehavior"
"1164","Service Initiation","Arena","Service","Query",NULL,"Service",NULL,True,"Others","MOS Response Not Ok"
"1165","Service Initiation","Arena","Service","Query",NULL,"Service",NULL,True,"Others","Refreshments To Customer Not Offered"
"1166","Service Initiation","Arena","Service","Query",NULL,"Service",NULL,True,"Others","Kms reading punched wrongly"
"1167","Service Initiation","Arena","Service","Query",NULL,"Service",NULL,True,"Others","Job Card opened by non-visited workshop"
"1168","Service Initiation","Arena","Service","Query",NULL,"Service",NULL,True,"Others","Others"
"1169","Service Delivery","Arena","Service","Query",NULL,"Service",NULL,True,"Delay Issue","Delay In Deliver Due To Spares"
"1170","Service Delivery","Arena","Service","Query",NULL,"Service",NULL,True,"Delay Issue","Delay In Delivery After Body Repairs"
"1171","Service Delivery","Arena","Service","Query",NULL,"Service",NULL,True,"Delay Issue","Delay In Delivery After Service Repairs"
"1172","Service Delivery","Arena","Service","Query",NULL,"Service",NULL,True,"Delay Issue","Delay In Service/Repairs Not Updated To Customer"
"1173","Service Delivery","Arena","Service","Query",NULL,"Service",NULL,True,"Others","Details Of Job Carried Out Not Explained"
"1174","Service Delivery","Arena","Service","Query",NULL,"Service",NULL,True,"Others","Demanded Repairs Not Completed"
"1175","Service Delivery","Arena","Service","Query",NULL,"Service",NULL,True,"Others","Invoice Not Given To Customer"
"1176","Service Delivery","Arena","Service","Query",NULL,"Service",NULL,True,"Others","Job Required In Future Not Explained"
"1177","Service Delivery","Arena","Service","Query",NULL,"Service",NULL,True,"Others","MisBehavior"
"1178","Service Delivery","Arena","Service","Query",NULL,"Service",NULL,True,"Others","Old Parts Not Returned"
"1179","Service Delivery","Arena","Service","Query",NULL,"Service",NULL,True,"Others","Over Charging"
"1180","Service Delivery","Arena","Service","Query",NULL,"Service",NULL,True,"Others","Road Test Not Conducted After Repairs"
"1181","Service Delivery","Arena","Service","Query",NULL,"Service",NULL,True,"Others","Service Charges Not Explained To Customer"
"1182","Service Delivery","Arena","Service","Query",NULL,"Service",NULL,True,"Others","Others"
"1183","Service Feedback","Arena","Service","Feedback",NULL,"Service",NULL,True,"Workshop",NULL
"1184","Service Feedback","Arena","Service","Feedback",NULL,"Service",NULL,True,"MASS",NULL
"1185","Service Feedback","Arena","Service","Feedback",NULL,"Service",NULL,True,"Driving School",NULL
"1186","Service Feedback","Arena","Service","Feedback",NULL,"Service",NULL,True,"MOS",NULL
"1187","Service Feedback","Arena","Service","Feedback",NULL,"Service",NULL,True,"True Value",NULL
"1188","Service Feedback","Arena","Service","Feedback",NULL,"Service",NULL,True,"Others",NULL
"1371","Service Booking Related","Nexa","Service","Query",NULL,"Service",NULL,True,"Car Servicing Charges",NULL
"1372","Service Booking Related","Nexa","Service","Query",NULL,"Service",NULL,True,"Non Availability of Spare Part in Particular Workshop",NULL
"1373","Service Booking Related","Nexa","Service","Query",NULL,"Service",NULL,True,"Retrofitment Charges",NULL
"1374","Service Booking Related","Nexa","Service","Query",NULL,"Service",NULL,True,"Retrofitment Procedure",NULL
"1375","Service Booking Related","Nexa","Service","Query",NULL,"Service",NULL,True,"Retrofitment Recertification",NULL
"1376","Service Booking Related","Nexa","Service","Query",NULL,"Service",NULL,True,"Service Booking Related",NULL
"1377","Service Booking Related","Nexa","Service","Query",NULL,"Service",NULL,True,"Servicing of CNG",NULL
"1378","Service Booking Related","Nexa","Service","Query",NULL,"Service",NULL,True,"Spare Part Availability",NULL
"1379","Service Booking Related","Nexa","Service","Query",NULL,"Service",NULL,True,"Spare Part Price",NULL
"1380","Service Booking Related","Nexa","Service","Query",NULL,"Service",NULL,True,"Wants Service from Particular Workshop",NULL
"1381","Service Booking Related","Nexa","Service","Query",NULL,"Service",NULL,True,"Workshop Details for Vehicle Service",NULL
"1382","Service Booking Related","Nexa","Service","Query",NULL,"Service",NULL,True,"Status of Open Complaint",NULL
"1383","Service Booking Related","Nexa","Service","Query",NULL,"Service",NULL,True,"Complaint Withdrawal",NULL
"1384","Service Booking Related","Nexa","Service","Query",NULL,"Service",NULL,True,"Service Camps",NULL
"1385","Service Booking Related","Nexa","Service","Query",NULL,"Service",NULL,True,"Service and Maintenance ",NULL
"1386","Service Booking Related","Nexa","Service","Query",NULL,"Service",NULL,True,"Retrofitments",NULL
"1387","Service Booking Related","Nexa","Service","Query",NULL,"Service",NULL,True,"Delivery Related",NULL
"1388","Service Booking Related","Nexa","Service","Query",NULL,"Service",NULL,True,"Workshop/MASS Details",NULL
"1389","Workmanship Bodyshop","Nexa","Service","Query",NULL,"Service",NULL,True,"Vehicle Body Issue","Body Gaps After Bodyshop Repairs"
"1390","Workmanship Bodyshop","Nexa","Service","Query",NULL,"Service",NULL,True,"Vehicle Body Issue","Body Noise After Bodyshop Repairs"
"1391","Workmanship Bodyshop","Nexa","Service","Query",NULL,"Service",NULL,True,"Paint Issue","Paint Finish Not Okay After Body Repairs"
"3232","MSIL","Commercial","MSGP","Generic Query",NULL,NULL,NULL,True,"Recall Related",NULL
"3233","MSIL","Commercial","MSGP","Generic Query",NULL,NULL,NULL,True,"New Model",NULL
"3234","MSIL","Commercial","MSGP","Generic Query",NULL,NULL,NULL,True,"Price Related",NULL
"3235","MSIL","Commercial","MSGP","Generic Query",NULL,NULL,NULL,True,"Booked Car Related",NULL
"3236","MSIL","Commercial","MSGP","Generic Query",NULL,NULL,NULL,True,"Spam Email",NULL
"3237","MSIL","Commercial","MSGP","Generic Query",NULL,NULL,NULL,True,"Service Related",NULL
"3238","Enquiry","Commercial","MSGP","Generic Query",NULL,NULL,NULL,True,"Status of Complaint",NULL
"3239","Enquiry","Commercial","MSGP","Generic Query",NULL,NULL,NULL,True,"Complaint Withdrawal",NULL
"3240","Others","Commercial","MSGP","Generic Query",NULL,NULL,NULL,True,"RO Related",NULL
"3241","Others","Commercial","MSGP","Generic Query",NULL,NULL,NULL,True,"Incomplete Information of Customer",NULL
"3242","Others","Commercial","MSGP","Generic Query",NULL,NULL,NULL,True,"Non Maruti Car",NULL
"3243","Others","Commercial","MSGP","Generic Query",NULL,NULL,NULL,True,"Other Query",NULL
"3401","Subscription Information","Arena","Sales","Query",NULL,"Maruti Suzuki Subscribe",NULL,True,"Plan Details","Lease Partners"
"3402","Subscription Information","Arena","Sales","Query",NULL,"Maruti Suzuki Subscribe",NULL,True,"Plan Details","Subscription Cities"
"3403","Subscription Information","Arena","Sales","Query",NULL,"Maruti Suzuki Subscribe",NULL,True,"Plan Details","Inclusions"
"819","Service Booking Related","Nexa","Service","Query",NULL,"Service",NULL,True,"Others",NULL
"1392","Workmanship Bodyshop","Nexa","Service","Query",NULL,"Service",NULL,True,"Paint Issue","Paint Mismatch After Body Repairs"
"1393","Workmanship Bodyshop","Nexa","Service","Query",NULL,"Service",NULL,True,"Paint Issue","Paint Peeling Off After Body Repairs"
"1394","Workmanship Bodyshop","Nexa","Service","Query",NULL,"Service",NULL,True,"Paint Issue","Paint Related Defect After Body Repairs"
"1395","Workmanship Bodyshop","Nexa","Service","Query",NULL,"Service",NULL,True,"Denting & Others","Rough Surface/Dent After Body Repairs"
"1396","Workmanship Bodyshop","Nexa","Service","Query",NULL,"Service",NULL,True,"Denting & Others","Rusting After Painting"
"1397","Workmanship Bodyshop","Nexa","Service","Query",NULL,"Service",NULL,True,"Denting & Others","Water Leakage After Bodyshop Repairs"
"1398","Workmanship Bodyshop","Nexa","Service","Query",NULL,"Service",NULL,True,"Denting & Others","Door Noise After Bodyshop Repairs"
"1399","Workmanship Bodyshop","Nexa","Service","Query",NULL,"Service",NULL,True,"Denting & Others","Foul Smell After Bodyshop Repairs"
"1400","Workmanship Bodyshop","Nexa","Service","Query",NULL,"Service",NULL,True,"Denting & Others","Others"
"1401","Workmanship - Service/Repairs","Nexa","Service","Query",NULL,"Service",NULL,True,"AC Issue","Ac Less Effective"
"1402","Workmanship - Service/Repairs","Nexa","Service","Query",NULL,"Service",NULL,True,"AC Issue","Ac Noise"
"1403","Workmanship - Service/Repairs","Nexa","Service","Query",NULL,"Service",NULL,True,"AC Issue","Ac Not Working"
"1404","Workmanship - Service/Repairs","Nexa","Service","Query",NULL,"Service",NULL,True,"Brake Issue","Brake Fluid Leakage"
"2114","Refund Issue","True Value","True Value","Query",NULL,"True Value",NULL,True,"Non-Refund of Vehicle Price",NULL
"3404","Subscription Information","Arena","Sales","Query",NULL,"Maruti Suzuki Subscribe",NULL,True,"Booking Process","How to Book"
"790","Sales Feedback","Commercial","Sales","Feedback",NULL,NULL,NULL,True,"Booking Related",NULL
"791","Sales Feedback","Commercial","Sales","Feedback",NULL,NULL,NULL,True,"Delivery Related Feedback",NULL
"792","Sales Feedback","Commercial","Sales","Feedback",NULL,NULL,NULL,True,"Documentation Related",NULL
"793","Sales Feedback","Commercial","Sales","Feedback",NULL,NULL,NULL,True,"Payment Related",NULL
"794","Sales Feedback","Commercial","Sales","Feedback",NULL,NULL,NULL,True,"MisBehavior",NULL
"795","Sales Feedback","Commercial","Sales","Feedback",NULL,NULL,NULL,True,"Others",NULL
"796","Sales Feedback","Commercial","Sales","Feedback",NULL,NULL,NULL,True,"FAME Scheme Related",NULL
"797","Product Feedback","Commercial","Sales","Feedback",NULL,NULL,NULL,True,"Product",NULL
"798","Others Feedback","Commercial","Sales","Feedback",NULL,NULL,NULL,True,"Finance",NULL
"799","Others Feedback","Commercial","Sales","Feedback",NULL,NULL,NULL,True,"Insurance",NULL
"800","Others Feedback","Commercial","Sales","Feedback",NULL,NULL,NULL,True,"Extended Warranty",NULL
"801","Others Feedback","Commercial","Sales","Feedback",NULL,NULL,NULL,True,"Others",NULL
"802","Others Feedback","Commercial","Sales","Feedback",NULL,NULL,NULL,True,"AutoCard",NULL
"803","Others Feedback","Commercial","Sales","Feedback",NULL,NULL,NULL,True,"Maruti Suzuki Smart Finance",NULL
"3405","Subscription Information","Arena","Sales","Query",NULL,"Maruti Suzuki Subscribe",NULL,True,"Booking Process","Required Documents"
"3406","Subscription Information","Arena","Sales","Query",NULL,"Maruti Suzuki Subscribe",NULL,True,"Vehicle Availability","Variants and Colour Choices"
"3407","Subscription Information","Arena","Sales","Query",NULL,"Maruti Suzuki Subscribe",NULL,True,"Vehicle Availability","Estimate Delivery Timeline"
"3408","Subscription Information","Arena","Sales","Query",NULL,"Maruti Suzuki Subscribe",NULL,True,"Others","Others"
"3409","Subscription Vehicle & Service Support","Arena","Sales","Query",NULL,"Maruti Suzuki Subscribe",NULL,True,"Maintenance & Servicing","Scheduled Maintenance Coverage"
"3410","Subscription Vehicle & Service Support","Arena","Sales","Query",NULL,"Maruti Suzuki Subscribe",NULL,True,"Maintenance & Servicing","Service Center Locations"
"3411","Subscription Vehicle & Service Support","Arena","Sales","Query",NULL,"Maruti Suzuki Subscribe",NULL,True,"Roadside Assistance","Emergency Support Availability"
"3412","Subscription Vehicle & Service Support","Arena","Sales","Query",NULL,"Maruti Suzuki Subscribe",NULL,True,"Roadside Assistance","Contact Details"
"3413","Subscription Vehicle & Service Support","Arena","Sales","Query",NULL,"Maruti Suzuki Subscribe",NULL,True,"Vehicle Details","Vehicle Feature Description"
"3414","Subscription Vehicle & Service Support","Arena","Sales","Query",NULL,"Maruti Suzuki Subscribe",NULL,True,"Vehicle Details","Model Comparison"
"3415","Subscription Vehicle & Service Support","Arena","Sales","Query",NULL,"Maruti Suzuki Subscribe",NULL,True,"Others","Others"
"3416","Subscription Information","Nexa","Sales","Query",NULL,"Maruti Suzuki Subscribe",NULL,True,"Plan Details","Loan vs Subscribe Comparison"
"3417","Subscription Information","Nexa","Sales","Query",NULL,"Maruti Suzuki Subscribe",NULL,True,"Plan Details","Subscription Tenure Options"
"3418","Subscription Information","Nexa","Sales","Query",NULL,"Maruti Suzuki Subscribe",NULL,True,"Plan Details","Pricing and Mileage Options"
"3419","Subscription Information","Nexa","Sales","Query",NULL,"Maruti Suzuki Subscribe",NULL,True,"Plan Details","Lease Partners"
"3420","Subscription Information","Nexa","Sales","Query",NULL,"Maruti Suzuki Subscribe",NULL,True,"Plan Details","Subscription Cities"
"3421","Subscription Information","Nexa","Sales","Query",NULL,"Maruti Suzuki Subscribe",NULL,True,"Plan Details","Inclusions"
"3422","Subscription Information","Nexa","Sales","Query",NULL,"Maruti Suzuki Subscribe",NULL,True,"Booking Process","How to Book"
"3423","Subscription Information","Nexa","Sales","Query",NULL,"Maruti Suzuki Subscribe",NULL,True,"Booking Process","Required Documents"
"3424","Subscription Information","Nexa","Sales","Query",NULL,"Maruti Suzuki Subscribe",NULL,True,"Vehicle Availability","Variants and Colour Choices"
"3425","Subscription Information","Nexa","Sales","Query",NULL,"Maruti Suzuki Subscribe",NULL,True,"Vehicle Availability","Estimate Delivery Timeline"
"3426","Subscription Information","Nexa","Sales","Query",NULL,"Maruti Suzuki Subscribe",NULL,True,"Others","Others"
"3427","Subscription Vehicle & Service Support","Nexa","Sales","Query",NULL,"Maruti Suzuki Subscribe",NULL,True,"Maintenance & Servicing","Scheduled Maintenance Coverage"
"3428","Subscription Vehicle & Service Support","Nexa","Sales","Query",NULL,"Maruti Suzuki Subscribe",NULL,True,"Maintenance & Servicing","Service Center Locations"
"3429","Subscription Vehicle & Service Support","Nexa","Sales","Query",NULL,"Maruti Suzuki Subscribe",NULL,True,"Roadside Assistance","Emergency Support Availability"
"3430","Subscription Vehicle & Service Support","Nexa","Sales","Query",NULL,"Maruti Suzuki Subscribe",NULL,True,"Roadside Assistance","Contact Details"
"3431","Subscription Vehicle & Service Support","Nexa","Sales","Query",NULL,"Maruti Suzuki Subscribe",NULL,True,"Vehicle Details","Vehicle Feature Description"
"3432","Subscription Vehicle & Service Support","Nexa","Sales","Query",NULL,"Maruti Suzuki Subscribe",NULL,True,"Vehicle Details","Model Comparison"
"3433","Subscription Vehicle & Service Support","Nexa","Sales","Query",NULL,"Maruti Suzuki Subscribe",NULL,True,"Others","Others"
"3434","Subscription Information","Arena","Sales","Generic Query",NULL,NULL,NULL,True,"Plan Details","Loan vs Subscribe Comparison"
"3435","Subscription Information","Arena","Sales","Generic Query",NULL,NULL,NULL,True,"Plan Details","Subscription Tenure Options"
"3436","Subscription Information","Arena","Sales","Generic Query",NULL,NULL,NULL,True,"Plan Details","Pricing and Mileage Options"
"3437","Subscription Information","Arena","Sales","Generic Query",NULL,NULL,NULL,True,"Plan Details","Lease Partners"
"3438","Subscription Information","Arena","Sales","Generic Query",NULL,NULL,NULL,True,"Plan Details","Subscription Cities"
"3439","Subscription Information","Arena","Sales","Generic Query",NULL,NULL,NULL,True,"Plan Details","Inclusions"
"3440","Subscription Information","Arena","Sales","Generic Query",NULL,NULL,NULL,True,"Booking Process","How to Book"
"3441","Subscription Information","Arena","Sales","Generic Query",NULL,NULL,NULL,True,"Booking Process","Required Documents"
"3442","Subscription Information","Arena","Sales","Generic Query",NULL,NULL,NULL,True,"Vehicle Availability","Variants and Colour Choices"
"3443","Subscription Information","Arena","Sales","Generic Query",NULL,NULL,NULL,True,"Vehicle Availability","Estimate Delivery Timeline"
"3444","Subscription Information","Arena","Sales","Generic Query",NULL,NULL,NULL,True,"Others","Others"
"3445","Subscription Vehicle & Service Support","Arena","Sales","Generic Query",NULL,NULL,NULL,True,"Maintenance & Servicing","Scheduled Maintenance Coverage"
"3446","Subscription Vehicle & Service Support","Arena","Sales","Generic Query",NULL,NULL,NULL,True,"Maintenance & Servicing","Service Center Locations"
"3447","Subscription Vehicle & Service Support","Arena","Sales","Generic Query",NULL,NULL,NULL,True,"Roadside Assistance","Emergency Support Availability"
"3448","Subscription Vehicle & Service Support","Arena","Sales","Generic Query",NULL,NULL,NULL,True,"Roadside Assistance","Contact Details"
"3449","Subscription Vehicle & Service Support","Arena","Sales","Generic Query",NULL,NULL,NULL,True,"Vehicle Details","Vehicle Feature Description"
"3450","Subscription Vehicle & Service Support","Arena","Sales","Generic Query",NULL,NULL,NULL,True,"Vehicle Details","Model Comparison"
"3451","Subscription Vehicle & Service Support","Arena","Sales","Generic Query",NULL,NULL,NULL,True,"Others","Others"
"3452","Subscription Information","Nexa","Sales","Generic Query",NULL,NULL,NULL,True,"Plan Details","Loan vs Subscribe Comparison"
"3453","Subscription Information","Nexa","Sales","Generic Query",NULL,NULL,NULL,True,"Plan Details","Subscription Tenure Options"
"3454","Subscription Information","Nexa","Sales","Generic Query",NULL,NULL,NULL,True,"Plan Details","Pricing and Mileage Options"
"3455","Subscription Information","Nexa","Sales","Generic Query",NULL,NULL,NULL,True,"Plan Details","Lease Partners"
"3456","Subscription Information","Nexa","Sales","Generic Query",NULL,NULL,NULL,True,"Plan Details","Subscription Cities"
"3457","Subscription Information","Nexa","Sales","Generic Query",NULL,NULL,NULL,True,"Plan Details","Inclusions"
"3458","Subscription Information","Nexa","Sales","Generic Query",NULL,NULL,NULL,True,"Booking Process","How to Book"
"3459","Subscription Information","Nexa","Sales","Generic Query",NULL,NULL,NULL,True,"Booking Process","Required Documents"
"3460","Subscription Information","Nexa","Sales","Generic Query",NULL,NULL,NULL,True,"Vehicle Availability","Variants and Colour Choices"
"3461","Subscription Information","Nexa","Sales","Generic Query",NULL,NULL,NULL,True,"Vehicle Availability","Estimate Delivery Timeline"
"3462","Subscription Information","Nexa","Sales","Generic Query",NULL,NULL,NULL,True,"Others","Others"
"3463","Subscription Vehicle & Service Support","Nexa","Sales","Generic Query",NULL,NULL,NULL,True,"Maintenance & Servicing","Scheduled Maintenance Coverage"
"3464","Subscription Vehicle & Service Support","Nexa","Sales","Generic Query",NULL,NULL,NULL,True,"Maintenance & Servicing","Service Center Locations"
"3465","Subscription Vehicle & Service Support","Nexa","Sales","Generic Query",NULL,NULL,NULL,True,"Roadside Assistance","Emergency Support Availability"
"3466","Subscription Vehicle & Service Support","Nexa","Sales","Generic Query",NULL,NULL,NULL,True,"Roadside Assistance","Contact Details"
"3467","Subscription Vehicle & Service Support","Nexa","Sales","Generic Query",NULL,NULL,NULL,True,"Vehicle Details","Vehicle Feature Description"
"3468","Subscription Vehicle & Service Support","Nexa","Sales","Generic Query",NULL,NULL,NULL,True,"Vehicle Details","Model Comparison"
"3469","Subscription Vehicle & Service Support","Nexa","Sales","Generic Query",NULL,NULL,NULL,True,"Others","Others"
"3470","Subscription Information","Arena","Sales","Feedback",NULL,"Maruti Suzuki Subscribe",NULL,True,"Plan Details","Loan vs Subscribe Comparison"
"3471","Subscription Information","Arena","Sales","Feedback",NULL,"Maruti Suzuki Subscribe",NULL,True,"Plan Details","Subscription Tenure Options"
"3472","Subscription Information","Arena","Sales","Feedback",NULL,"Maruti Suzuki Subscribe",NULL,True,"Plan Details","Pricing and Mileage Options"
"3473","Subscription Information","Arena","Sales","Feedback",NULL,"Maruti Suzuki Subscribe",NULL,True,"Plan Details","Lease Partners"
"3474","Subscription Information","Arena","Sales","Feedback",NULL,"Maruti Suzuki Subscribe",NULL,True,"Plan Details","Subscription Cities"
"3475","Subscription Information","Arena","Sales","Feedback",NULL,"Maruti Suzuki Subscribe",NULL,True,"Plan Details","Inclusions"
"3476","Subscription Information","Arena","Sales","Feedback",NULL,"Maruti Suzuki Subscribe",NULL,True,"Booking Process","How to Book"
"3477","Subscription Information","Arena","Sales","Feedback",NULL,"Maruti Suzuki Subscribe",NULL,True,"Booking Process","Required Documents"
"3478","Subscription Information","Arena","Sales","Feedback",NULL,"Maruti Suzuki Subscribe",NULL,True,"Vehicle Availability","Variants and Colour Choices"
"3479","Subscription Information","Arena","Sales","Feedback",NULL,"Maruti Suzuki Subscribe",NULL,True,"Vehicle Availability","Estimate Delivery Timeline"
"3480","Subscription Information","Arena","Sales","Feedback",NULL,"Maruti Suzuki Subscribe",NULL,True,"Others","Others"
"3481","Subscription Vehicle & Service Support","Arena","Sales","Feedback",NULL,"Maruti Suzuki Subscribe",NULL,True,"Maintenance & Servicing","Scheduled Maintenance Coverage"
"3482","Subscription Vehicle & Service Support","Arena","Sales","Feedback",NULL,"Maruti Suzuki Subscribe",NULL,True,"Maintenance & Servicing","Service Center Locations"
"3483","Subscription Vehicle & Service Support","Arena","Sales","Feedback",NULL,"Maruti Suzuki Subscribe",NULL,True,"Roadside Assistance","Emergency Support Availability"
"3484","Subscription Vehicle & Service Support","Arena","Sales","Feedback",NULL,"Maruti Suzuki Subscribe",NULL,True,"Roadside Assistance","Contact Details"
"3485","Subscription Vehicle & Service Support","Arena","Sales","Feedback",NULL,"Maruti Suzuki Subscribe",NULL,True,"Vehicle Details","Vehicle Feature Description"
"3486","Subscription Vehicle & Service Support","Arena","Sales","Feedback",NULL,"Maruti Suzuki Subscribe",NULL,True,"Vehicle Details","Model Comparison"
"3487","Subscription Vehicle & Service Support","Arena","Sales","Feedback",NULL,"Maruti Suzuki Subscribe",NULL,True,"Others","Others"
"3488","Subscription Information","Nexa","Sales","Feedback",NULL,"Maruti Suzuki Subscribe",NULL,True,"Plan Details","Loan vs Subscribe Comparison"
"3489","Subscription Information","Nexa","Sales","Feedback",NULL,"Maruti Suzuki Subscribe",NULL,True,"Plan Details","Subscription Tenure Options"
"3490","Subscription Information","Nexa","Sales","Feedback",NULL,"Maruti Suzuki Subscribe",NULL,True,"Plan Details","Pricing and Mileage Options"
"3491","Subscription Information","Nexa","Sales","Feedback",NULL,"Maruti Suzuki Subscribe",NULL,True,"Plan Details","Lease Partners"
"3492","Subscription Information","Nexa","Sales","Feedback",NULL,"Maruti Suzuki Subscribe",NULL,True,"Plan Details","Subscription Cities"
"3493","Subscription Information","Nexa","Sales","Feedback",NULL,"Maruti Suzuki Subscribe",NULL,True,"Plan Details","Inclusions"
"3494","Subscription Information","Nexa","Sales","Feedback",NULL,"Maruti Suzuki Subscribe",NULL,True,"Booking Process","How to Book"
"3495","Subscription Information","Nexa","Sales","Feedback",NULL,"Maruti Suzuki Subscribe",NULL,True,"Booking Process","Required Documents"
"3496","Subscription Information","Nexa","Sales","Feedback",NULL,"Maruti Suzuki Subscribe",NULL,True,"Vehicle Availability","Variants and Colour Choices"
"3497","Subscription Information","Nexa","Sales","Feedback",NULL,"Maruti Suzuki Subscribe",NULL,True,"Vehicle Availability","Estimate Delivery Timeline"
"3498","Subscription Information","Nexa","Sales","Feedback",NULL,"Maruti Suzuki Subscribe",NULL,True,"Others","Others"
"3499","Subscription Vehicle & Service Support","Nexa","Sales","Feedback",NULL,"Maruti Suzuki Subscribe",NULL,True,"Maintenance & Servicing","Scheduled Maintenance Coverage"
"3500","Subscription Vehicle & Service Support","Nexa","Sales","Feedback",NULL,"Maruti Suzuki Subscribe",NULL,True,"Maintenance & Servicing","Service Center Locations"
"3501","Subscription Vehicle & Service Support","Nexa","Sales","Feedback",NULL,"Maruti Suzuki Subscribe",NULL,True,"Roadside Assistance","Emergency Support Availability"
"3502","Subscription Vehicle & Service Support","Nexa","Sales","Feedback",NULL,"Maruti Suzuki Subscribe",NULL,True,"Roadside Assistance","Contact Details"
"3503","Subscription Vehicle & Service Support","Nexa","Sales","Feedback",NULL,"Maruti Suzuki Subscribe",NULL,True,"Vehicle Details","Vehicle Feature Description"
"3504","Subscription Vehicle & Service Support","Nexa","Sales","Feedback",NULL,"Maruti Suzuki Subscribe",NULL,True,"Vehicle Details","Model Comparison"
"3505","Subscription Vehicle & Service Support","Nexa","Sales","Feedback",NULL,"Maruti Suzuki Subscribe",NULL,True,"Others","Others"
"3506","Product Complaint","Arena","Suzuki Connect","Complaint","Post Sales Complaint","Suzuki Connect","Gen 2",True,"Payment Related","Invoice related issues"
"3507","Product Complaint","Nexa","Suzuki Connect","Complaint","Post Sales Complaint","Suzuki Connect","Gen 2",True,"Payment Related","Invoice related issues"
"3508","Product Complaint","Arena","Suzuki Connect","Complaint","Post Sales Complaint","Suzuki Connect","Gen 2",True,"Payment Related","Transaction ID related issues"
"3509","Product Complaint","Nexa","Suzuki Connect","Complaint","Post Sales Complaint","Suzuki Connect","Gen 2",True,"Payment Related","Transaction ID related issues"
"3512","Product Complaint","Arena","Suzuki Connect","Complaint","Post Sales Complaint","Suzuki Connect","Gen 2",True,"Payment Related","Others"
"3513","Product Complaint","Nexa","Suzuki Connect","Complaint","Post Sales Complaint","Suzuki Connect","Gen 2",True,"Payment Related","Others"
"3514","Product Complaint","Nexa","Suzuki Connect","Complaint","Post Sales Complaint","Suzuki Connect","Gen 2",True,"Website","Incorrect amount display"
"3515","Product Complaint","Arena","Suzuki Connect","Complaint","Post Sales Complaint","Suzuki Connect","Gen 2",True,"Website","Incorrect amount display"
"3516","Product Complaint","Nexa","Suzuki Connect","Complaint","Post Sales Complaint","Suzuki Connect","Gen 2",True,"Website","Mobile Number not displaying "
"3517","Product Complaint","Arena","Suzuki Connect","Complaint","Post Sales Complaint","Suzuki Connect","Gen 2",True,"Website","Mobile Number not displaying "
"3518","Product Complaint","Nexa","Suzuki Connect","Complaint","Post Sales Complaint","Suzuki Connect","Gen 2",True,"Website","Amount not reflecting "
"3519","Product Complaint","Arena","Suzuki Connect","Complaint","Post Sales Complaint","Suzuki Connect","Gen 2",True,"Website","Amount not reflecting "
"3520","Product Complaint","Nexa","Suzuki Connect","Complaint","Post Sales Complaint","Suzuki Connect","Gen 2",True,"Website","Incorrect mobile number displaying"
"3521","Product Complaint","Arena","Suzuki Connect","Complaint","Post Sales Complaint","Suzuki Connect","Gen 2",True,"Website","Incorrect mobile number displaying"
"3522","Product Complaint","Nexa","Suzuki Connect","Complaint","Post Sales Complaint","Suzuki Connect","Gen 2",True,"Website","Vehicle not linked"
"3523","Product Complaint","Arena","Suzuki Connect","Complaint","Post Sales Complaint","Suzuki Connect","Gen 2",True,"Website","Vehicle not linked"
"3524","Product Complaint","Nexa","Suzuki Connect","Complaint","Post Sales Complaint","Suzuki Connect","Gen 2",True,"Unable to Login - Device Not Activated","After subscription device not working"
"3525","Product Complaint","Arena","Suzuki Connect","Complaint","Post Sales Complaint","Suzuki Connect","Gen 2",True,"Unable to Login - Device Not Activated","After subscription device not working"
"3526","Product Complaint","Nexa","Suzuki Connect","Complaint","Post Sales Complaint","Suzuki Connect","Gen 2",True,"Website","Others"
"3527","Product Complaint","Arena","Suzuki Connect","Complaint","Post Sales Complaint","Suzuki Connect","Gen 2",True,"Website","Others"
"3022","Others","True Value","Accessories","Feedback",NULL,NULL,NULL,False,"Others",NULL
"3023","Others","True Value","Accessories","Query",NULL,NULL,NULL,False,"Others",NULL
"3024","Others","True Value","True Value","Complaint",NULL,NULL,NULL,False,"Others",NULL
"3047","Others","Arena","Suzuki Connect","Complaint",NULL,NULL,"Gen 2",False,"Others",NULL
"3048","Others","Arena","Suzuki Connect","Query",NULL,NULL,"Gen 2",False,"Others",NULL
"3049","Others","Arena","Suzuki Connect","Feedback",NULL,NULL,"Gen 2",False,"Others",NULL
"3070","Others","Nexa","Suzuki Connect","Complaint",NULL,NULL,"Gen 2",False,"Others",NULL
"3071","Others","Nexa","Suzuki Connect","Query",NULL,NULL,"Gen 2",False,"Others",NULL
"3072","Others","Nexa","Suzuki Connect","Feedback",NULL,NULL,"Gen 2",False,"Others",NULL
"3003","Others","Arena","Service","Query",NULL,"Service",NULL,False,"Others",NULL
"3004","Others","Nexa","Service","Query",NULL,"Service",NULL,False,"Others",NULL
"3009","Others","Arena","Accessories","Query",NULL,"Accessories",NULL,False,"Others",NULL
"3010","Others","Nexa","Accessories","Query",NULL,"Accessories",NULL,False,"Others",NULL
"3012","Others","Arena","Accessories","Feedback",NULL,"Accessories",NULL,False,"Others",NULL
"3013","Others","Nexa","Accessories","Feedback",NULL,"Accessories",NULL,False,"Others",NULL
"3244","Suzuki Connect","Arena","Sales","Generic Query",NULL,NULL,"Gen 2",True,"Company Fitted","Renew & Subscription Related"
"3245","Suzuki Connect","Arena","Sales","Generic Query",NULL,NULL,"Gen 2",True,"Company Fitted","Others"
"3246","Suzuki Connect","Arena","Sales","Generic Query",NULL,NULL,"Gen 2",True,"Company Fitted","Account Deletion/Contract Cancel"
"3247","Suzuki Connect","Arena","Sales","Generic Query",NULL,NULL,"Gen 2",True,"Company Fitted","Device Replacement"
"3248","Suzuki Connect","Arena","Sales","Generic Query",NULL,NULL,"Gen 2",True,"Company Fitted","Vehicle Inspection"
"3249","Suzuki Connect","Arena","Sales","Generic Query",NULL,NULL,"Gen 2",True,"Company Fitted","Re-enrollment/Enrollment"
"3250","Suzuki Connect","Arena","Sales","Generic Query",NULL,NULL,"Gen 2",True,"Company Fitted","KYC Related"
"3251","Suzuki Connect","Arena","Sales","Generic Query",NULL,NULL,"Gen 2",True,"Company Fitted","VRN number Update/Change"
"3252","Suzuki Connect","Arena","Sales","Generic Query",NULL,NULL,"Gen 2",True,"Company Fitted","Mobile Number Update/Change"
"3253","Suzuki Connect","Arena","Sales","Generic Query",NULL,NULL,"Gen 1",True,"Accessories","Renew & Subscription Related"
"3254","Suzuki Connect","Arena","Sales","Generic Query",NULL,NULL,"Gen 1",True,"Accessories","Others"
"3255","Suzuki Connect","Arena","Sales","Generic Query",NULL,NULL,"Gen 1",True,"Accessories","Account Deletion/Contract Cancel"
"3256","Suzuki Connect","Arena","Sales","Generic Query",NULL,NULL,"Gen 1",True,"Accessories","Device Replacement"
"3257","Suzuki Connect","Arena","Sales","Generic Query",NULL,NULL,"Gen 1",True,"Accessories","Vehicle Inspection"
"3258","Suzuki Connect","Arena","Sales","Generic Query",NULL,NULL,"Gen 1",True,"Accessories","Re-enrollment/Enrollment"
"3259","Suzuki Connect","Arena","Sales","Generic Query",NULL,NULL,"Gen 1",True,"Accessories","KYC Related"
"3260","Suzuki Connect","Arena","Sales","Generic Query",NULL,NULL,"Gen 1",True,"Accessories","VRN number Update/Change"
"3261","Suzuki Connect","Arena","Sales","Generic Query",NULL,NULL,"Gen 1",True,"Accessories","Mobile Number Update/Change"
"3262","Suzuki Connect","Nexa","Sales","Generic Query",NULL,NULL,"Gen 2",True,"Company Fitted","Renew & Subscription Related"
"3263","Suzuki Connect","Nexa","Sales","Generic Query",NULL,NULL,"Gen 2",True,"Company Fitted","Others"
"3264","Suzuki Connect","Nexa","Sales","Generic Query",NULL,NULL,"Gen 2",True,"Company Fitted","Account Deletion/Contract Cancel"
"3265","Suzuki Connect","Nexa","Sales","Generic Query",NULL,NULL,"Gen 2",True,"Company Fitted","Device Replacement"
"3266","Suzuki Connect","Nexa","Sales","Generic Query",NULL,NULL,"Gen 2",True,"Company Fitted","Vehicle Inspection"
"3267","Suzuki Connect","Nexa","Sales","Generic Query",NULL,NULL,"Gen 2",True,"Company Fitted","Re-enrollment/Enrollment"
"3268","Suzuki Connect","Nexa","Sales","Generic Query",NULL,NULL,"Gen 2",True,"Company Fitted","KYC Related"
"3269","Suzuki Connect","Nexa","Sales","Generic Query",NULL,NULL,"Gen 2",True,"Company Fitted","VRN number Update/Change"
"3270","Suzuki Connect","Nexa","Sales","Generic Query",NULL,NULL,"Gen 2",True,"Company Fitted","Mobile Number Update/Change"
"3271","Suzuki Connect","Nexa","Sales","Generic Query",NULL,NULL,"Gen 1",True,"Accessories","Renew & Subscription Related"
"3272","Suzuki Connect","Nexa","Sales","Generic Query",NULL,NULL,"Gen 1",True,"Accessories","Others"
"3273","Suzuki Connect","Nexa","Sales","Generic Query",NULL,NULL,"Gen 1",True,"Accessories","Account Deletion/Contract Cancel"
"3274","Suzuki Connect","Nexa","Sales","Generic Query",NULL,NULL,"Gen 1",True,"Accessories","Device Replacement"
"3275","Suzuki Connect","Nexa","Sales","Generic Query",NULL,NULL,"Gen 1",True,"Accessories","Vehicle Inspection"
"3276","Suzuki Connect","Nexa","Sales","Generic Query",NULL,NULL,"Gen 1",True,"Accessories","Re-enrollment/Enrollment"
"3277","Suzuki Connect","Nexa","Sales","Generic Query",NULL,NULL,"Gen 1",True,"Accessories","KYC Related"
"3278","Suzuki Connect","Nexa","Sales","Generic Query",NULL,NULL,"Gen 1",True,"Accessories","VRN number Update/Change"
"3279","Suzuki Connect","Nexa","Sales","Generic Query",NULL,NULL,"Gen 1",True,"Accessories","Mobile Number Update/Change"
"3280","Suzuki Connect","Commercial","Sales","Generic Query",NULL,NULL,"Gen 2",True,"Company Fitted","Renew & Subscription Related"
"3281","Suzuki Connect","Commercial","Sales","Generic Query",NULL,NULL,"Gen 2",True,"Company Fitted","Others"
"3282","Suzuki Connect","Commercial","Sales","Generic Query",NULL,NULL,"Gen 2",True,"Company Fitted","Account Deletion/Contract Cancel"
"3283","Suzuki Connect","Commercial","Sales","Generic Query",NULL,NULL,"Gen 2",True,"Company Fitted","Device Replacement"
"3284","Suzuki Connect","Commercial","Sales","Generic Query",NULL,NULL,"Gen 2",True,"Company Fitted","Vehicle Inspection"
"3285","Suzuki Connect","Commercial","Sales","Generic Query",NULL,NULL,"Gen 2",True,"Company Fitted","Re-enrollment/Enrollment"
"3286","Suzuki Connect","Commercial","Sales","Generic Query",NULL,NULL,"Gen 2",True,"Company Fitted","KYC Related"
"3287","Suzuki Connect","Commercial","Sales","Generic Query",NULL,NULL,"Gen 2",True,"Company Fitted","VRN number Update/Change"
"3288","Suzuki Connect","Commercial","Sales","Generic Query",NULL,NULL,"Gen 2",True,"Company Fitted","Mobile Number Update/Change"
"3289","Suzuki Connect","Commercial","Sales","Generic Query",NULL,NULL,"Gen 1",True,"Accessories","Renew & Subscription Related"
"3290","Suzuki Connect","Commercial","Sales","Generic Query",NULL,NULL,"Gen 1",True,"Accessories","Others"
"3291","Suzuki Connect","Commercial","Sales","Generic Query",NULL,NULL,"Gen 1",True,"Accessories","Account Deletion/Contract Cancel"
"3292","Suzuki Connect","Commercial","Sales","Generic Query",NULL,NULL,"Gen 1",True,"Accessories","Device Replacement"
"3293","Suzuki Connect","Commercial","Sales","Generic Query",NULL,NULL,"Gen 1",True,"Accessories","Vehicle Inspection"
"3294","Suzuki Connect","Commercial","Sales","Generic Query",NULL,NULL,"Gen 1",True,"Accessories","Re-enrollment/Enrollment"
"3295","Suzuki Connect","Commercial","Sales","Generic Query",NULL,NULL,"Gen 1",True,"Accessories","KYC Related"
"3296","Suzuki Connect","Commercial","Sales","Generic Query",NULL,NULL,"Gen 1",True,"Accessories","VRN number Update/Change"
"3297","Suzuki Connect","Commercial","Sales","Generic Query",NULL,NULL,"Gen 1",True,"Accessories","Mobile Number Update/Change"
"3528","Product Complaint","Nexa","Suzuki Connect","Complaint","Post Sales Complaint","Suzuki Connect","Gen 2",True,"Payment Related","Payment Related"
"3529","Product Complaint","Arena","Suzuki Connect","Complaint","Post Sales Complaint","Suzuki Connect","Gen 2",True,"Payment Related","Payment Related"
"3530","Accessories","Arena","Sales","Complaint","Post Sales Complaint","Accessories",NULL,True,"Accessories Not Fixed Properly",NULL
"3531","Accessories","Arena","Sales","Complaint","Post Sales Complaint","Accessories",NULL,True,"Accessories Related",NULL
"3532","Accessories","Arena","Sales","Complaint","Pre Sales Complaint","Accessories",NULL,True,"Accessories Related",NULL
"3533","Accessories","Nexa","Sales","Complaint","Post Sales Complaint","Accessories",NULL,True,"Accessories Not Fixed Properly",NULL
"3302","Product Complaints","Arena","Service","Query",NULL,NULL,NULL,True,"Infotainment issue",NULL
"3303","Product Complaints","Arena","Service","Query",NULL,NULL,NULL,True,"MIL glowing/Warning light in dashboard",NULL
"3304","Product Complaints","Arena","Service","Query",NULL,NULL,NULL,True,"Vehicle Noise issue",NULL
"3305","Product Complaints","Arena","Service","Query",NULL,NULL,NULL,True,"Engine Misfiring/Jerking",NULL
"3534","Accessories","Nexa","Sales","Complaint","Post Sales Complaint","Accessories",NULL,True,"Accessories Related",NULL
"3535","Accessories","Nexa","Sales","Complaint","Pre Sales Complaint","Accessories",NULL,True,"Accessories Related",NULL
"3536","Accessories","Commercial","Sales","Complaint","Post Sales Complaint","Accessories",NULL,True,"Accessories Not Fixed Properly",NULL
"3537","Accessories","Commercial","Sales","Complaint","Post Sales Complaint","Accessories",NULL,True,"Accessories Related",NULL
"3310","Product Complaints","Nexa","Service","Query",NULL,NULL,NULL,True,"Infotainment issue",NULL
"3311","Product Complaints","Nexa","Service","Query",NULL,NULL,NULL,True,"MIL glowing/Warning light in dashboard",NULL
"3312","Product Complaints","Nexa","Service","Query",NULL,NULL,NULL,True,"Vehicle Noise issue",NULL
"3313","Product Complaints","Nexa","Service","Query",NULL,NULL,NULL,True,"Engine Misfiring/Jerking",NULL
"3538","Accessories","Commercial","Sales","Complaint","Pre Sales Complaint","Accessories",NULL,True,"Accessories Related",NULL
"3539","Accessories","Arena","Sales","Query",NULL,"Accessories",NULL,True,"Accessories Not Fixed Properly",NULL
"3540","Accessories","Arena","Sales","Query",NULL,"Accessories",NULL,True,"Accessories Related",NULL
"3541","Accessories","Nexa","Sales","Query",NULL,"Accessories",NULL,True,"Accessories Not Fixed Properly",NULL
"3318","Product Complaints","Commercial","Service","Query",NULL,NULL,NULL,True,"Infotainment issue",NULL
"3319","Product Complaints","Commercial","Service","Query",NULL,NULL,NULL,True,"MIL glowing/Warning light in dashboard",NULL
"3320","Product Complaints","Commercial","Service","Query",NULL,NULL,NULL,True,"Vehicle Noise issue",NULL
"3321","Product Complaints","Commercial","Service","Query",NULL,NULL,NULL,True,"Engine Misfiring/Jerking",NULL
"3542","Accessories","Nexa","Sales","Query",NULL,"Accessories",NULL,True,"Accessories Related",NULL
"3543","Accessories","Commercial","Sales","Query",NULL,"Accessories",NULL,True,"Accessories Not Fixed Properly",NULL
"3544","Accessories","Commercial","Sales","Query",NULL,"Accessories",NULL,True,"Accessories Related",NULL
"1","Accessories","Arena","Sales","Complaint","Post Sales Complaint","Sales",NULL,False,"Accessories Not Fixed Properly",NULL
"2","Accessories","Arena","Sales","Complaint","Post Sales Complaint","Sales",NULL,False,"Accessories Related",NULL
"83","Accessories","Arena","Sales","Complaint","Pre Sales Complaint","Sales",NULL,False,"Accessories Related",NULL
"268","Accessories","Nexa","Sales","Complaint","Post Sales Complaint","Sales",NULL,False,"Accessories Not Fixed Properly",NULL
"269","Accessories","Nexa","Sales","Complaint","Post Sales Complaint","Sales",NULL,False,"Accessories Related",NULL
"350","Accessories","Nexa","Sales","Complaint","Pre Sales Complaint","Sales",NULL,False,"Accessories Related",NULL
"536","Accessories","Commercial","Sales","Complaint","Post Sales Complaint","Sales",NULL,False,"Accessories Not Fixed Properly",NULL
"537","Accessories","Commercial","Sales","Complaint","Post Sales Complaint","Sales",NULL,False,"Accessories Related",NULL
"619","Accessories","Commercial","Sales","Complaint","Pre Sales Complaint","Sales",NULL,False,"Accessories Related",NULL
"434","Accessories","Nexa","Sales","Query",NULL,"Sales",NULL,False,"Accessories Related",NULL
"703","Accessories","Commercial","Sales","Query",NULL,"Sales",NULL,False,"Accessories Not Fixed Properly",NULL
"704","Accessories","Commercial","Sales","Query",NULL,"Sales",NULL,False,"Accessories Related",NULL
"3545","Product Complaints","Nexa","Service","Complaint",NULL,NULL,NULL,True,"Electrical Issue","Lead Acid Battery related"
"3546","Product Complaints","Nexa","Service","Complaint",NULL,NULL,NULL,True,"Charging  related","Vehicle not charging"
"3547","Product Complaints","Nexa","Service","Complaint",NULL,NULL,NULL,True,"State of charge (SoC) related","Low SoC / Out Of Charge"
"3548","Product Complaints","Nexa","Service","Complaint",NULL,NULL,NULL,True,"Transmission related","Noise from E-Axle / Motor"
"3549","Product Complaints","Nexa","Service","Complaint",NULL,NULL,NULL,True,"Transmission related","Transmission / E-axle Oil Leakage"
"3550","Product Complaints","Nexa","Service","Complaint",NULL,NULL,NULL,True,"Transmission related","E-axle related"
"3551","Product Complaints","Nexa","Service","Complaint",NULL,NULL,NULL,True,"Transmission related","Shift Position Does not change properly"
"3552","Product Complaints","Nexa","Service","Complaint",NULL,NULL,NULL,True,"Transmission related","Shift Position Indicator Issue"
"3553","Product Complaints","Nexa","Service","Complaint",NULL,NULL,NULL,True,"Transmission related","Noise from motor"
"3554","Product Complaints","Nexa","Service","Complaint",NULL,NULL,NULL,True,"Transmission related","Gear shift knob stuck"
"3555","Product Complaints","Nexa","Service","Complaint",NULL,NULL,NULL,True,"HV System Related","Traction Battery Related"
"3556","Product Complaints","Nexa","Service","Complaint",NULL,NULL,NULL,True,"HV System Related","ESU related"
"3557","Product Complaints","Nexa","Service","Complaint",NULL,NULL,NULL,True,"HV System Related","E-drive related"
"1219","Service Feedback","Commercial","Service","Feedback",NULL,NULL,NULL,True,"Driving School",NULL
"3558","Product Complaints","Nexa","Service","Complaint",NULL,NULL,NULL,True,"HV System Related","Traction Battery Damage/Crack/Leakage"
"3559","Product Complaints","Nexa","Service","Complaint",NULL,NULL,NULL,True,"Electrical Issue","Lead acid battery getting discharged"
"3560","Product Complaints","Nexa","Service","Complaint",NULL,NULL,NULL,True,"Electrical Issue","High power / energy consumption"
"3561","Product Complaints","Nexa","Service","Complaint",NULL,NULL,NULL,True,"Electrical Issue","Start -stop switch issue"
"3562","Product Complaints","Nexa","Service","Complaint",NULL,NULL,NULL,True,"Electrical Issue","EV not getting to ""OFF"" stage"
"3563","Product Complaints","Nexa","Service","Complaint",NULL,NULL,NULL,True,"Electrical Issue","Vehicle not going to ready stage"
"3565","Product Complaints","Nexa","Service","Complaint",NULL,NULL,NULL,True,"Electrical Issue","Advanced Drivers Assistance (ADAS) issue"
"3566","Product Complaints","Nexa","Service","Complaint",NULL,NULL,NULL,True,"Electrical Issue","Acoustive vehicle alert system (AVAS) issue"
"3567","Product Complaints","Nexa","Service","Complaint",NULL,NULL,NULL,True,"Electrical Issue","Multi Information display not working"
"3568","Product Complaints","Nexa","Service","Complaint",NULL,NULL,NULL,True,"Electrical Issue","Drive Mode Malfunction"
"3569","Product Complaints","Nexa","Service","Complaint",NULL,NULL,NULL,True,"Body Issue","Charging port / lid related"
"3570","Product Complaints","Nexa","Service","Complaint",NULL,NULL,NULL,True,"Electrical Issue","360 degree view camera not working"
"3571","Product Complaints","Nexa","Service","Complaint",NULL,NULL,NULL,True,"Others","Traction battery coolant leakage / low"
"3572","Product Complaints","Nexa","Service","Complaint",NULL,NULL,NULL,True,"Others","Heater coolant leakage / low"
"3573","Workmanship - Service/Repairs","Nexa","Service","Complaint",NULL,NULL,NULL,True,"Electrical Issue","Lead Acid Battery related"
"3574","Workmanship - Service/Repairs","Nexa","Service","Complaint",NULL,NULL,NULL,True,"Charging  related","Vehicle not charging"
"3575","Workmanship - Service/Repairs","Nexa","Service","Complaint",NULL,NULL,NULL,True,"State of charge (SoC) related","Low SoC / Out Of Charge"
"3576","Workmanship - Service/Repairs","Nexa","Service","Complaint",NULL,NULL,NULL,True,"Transmission related","Noise from E-Axle / Motor"
"3577","Workmanship - Service/Repairs","Nexa","Service","Complaint",NULL,NULL,NULL,True,"Transmission related","Transmission / E-axle Oil Leakage"
"3578","Workmanship - Service/Repairs","Nexa","Service","Complaint",NULL,NULL,NULL,True,"Transmission related","E-axle related"
"3579","Workmanship - Service/Repairs","Nexa","Service","Complaint",NULL,NULL,NULL,True,"Transmission related","Shift Position Does not change properly"
"3580","Workmanship - Service/Repairs","Nexa","Service","Complaint",NULL,NULL,NULL,True,"Transmission related","Shift Position Indicator Issue"
"3581","Workmanship - Service/Repairs","Nexa","Service","Complaint",NULL,NULL,NULL,True,"Transmission related","Noise from motor"
"3582","Workmanship - Service/Repairs","Nexa","Service","Complaint",NULL,NULL,NULL,True,"Transmission related","Gear shift knob stuck"
"3583","Workmanship - Service/Repairs","Nexa","Service","Complaint",NULL,NULL,NULL,True,"HV System Related","Traction Battery Related"
"3584","Workmanship - Service/Repairs","Nexa","Service","Complaint",NULL,NULL,NULL,True,"HV System Related","ESU related"
"3585","Workmanship - Service/Repairs","Nexa","Service","Complaint",NULL,NULL,NULL,True,"HV System Related","E-drive related"
"3586","Workmanship - Service/Repairs","Nexa","Service","Complaint",NULL,NULL,NULL,True,"HV System Related","Traction Battery Damage/Crack/Leakage"
"3587","Workmanship - Service/Repairs","Nexa","Service","Complaint",NULL,NULL,NULL,True,"Electrical Issue","Lead acid battery getting discharged"
"3588","Workmanship - Service/Repairs","Nexa","Service","Complaint",NULL,NULL,NULL,True,"Electrical Issue","High power / energy consumption"
"3589","Workmanship - Service/Repairs","Nexa","Service","Complaint",NULL,NULL,NULL,True,"Electrical Issue","Start -stop switch issue"
"3590","Workmanship - Service/Repairs","Nexa","Service","Complaint",NULL,NULL,NULL,True,"Electrical Issue","EV not getting to ""OFF"" stage"
"3591","Workmanship - Service/Repairs","Nexa","Service","Complaint",NULL,NULL,NULL,True,"Electrical Issue","Vehicle not going to ready stage"
"3593","Workmanship - Service/Repairs","Nexa","Service","Complaint",NULL,NULL,NULL,True,"Electrical Issue","Advanced Drivers Assistance (ADAS) issue"
"3594","Workmanship - Service/Repairs","Nexa","Service","Complaint",NULL,NULL,NULL,True,"Electrical Issue","Acoustive vehicle alert system (AVAS) issue"
"3595","Workmanship - Service/Repairs","Nexa","Service","Complaint",NULL,NULL,NULL,True,"Electrical Issue","Multi Information display not working"
"3596","Workmanship - Service/Repairs","Nexa","Service","Complaint",NULL,NULL,NULL,True,"Electrical Issue","Drive Mode Malfunction"
"3597","Workmanship - Service/Repairs","Nexa","Service","Complaint",NULL,NULL,NULL,True,"Body Issue","Charging port / lid related"
"3598","Workmanship - Service/Repairs","Nexa","Service","Complaint",NULL,NULL,NULL,True,"Electrical Issue","360 degree view camera not working"
"3599","Workmanship - Service/Repairs","Nexa","Service","Complaint",NULL,NULL,NULL,True,"Others","Traction battery coolant leakage / low"
"3600","Workmanship - Service/Repairs","Nexa","Service","Complaint",NULL,NULL,NULL,True,"Others","Heater coolant leakage / low"
"3601","Product Complaints","Nexa","Service","Complaint",NULL,NULL,NULL,True,"Range / SoC Related","State of Charge (SoC) related"
"3602","Workmanship - Service/Repairs","Nexa","Service","Complaint",NULL,NULL,NULL,True,"Range / SoC Related","Range related"
"3603","Product Complaints","Nexa","Service","Feedback",NULL,"Service",NULL,True,"Electrical Issue","Lead Acid Battery related"
"3604","Product Complaints","Nexa","Service","Feedback",NULL,"Service",NULL,True,"Charging  related","Vehicle not charging"
"3605","Product Complaints","Nexa","Service","Feedback",NULL,"Service",NULL,True,"State of charge (SoC) related","Low SoC / Out Of Charge"
"3606","Product Complaints","Nexa","Service","Feedback",NULL,"Service",NULL,True,"Transmission related","Noise from E-Axle / Motor"
"3607","Product Complaints","Nexa","Service","Feedback",NULL,"Service",NULL,True,"Transmission related","Transmission / E-axle Oil Leakage"
"3608","Product Complaints","Nexa","Service","Feedback",NULL,"Service",NULL,True,"Transmission related","E-axle related"
"3609","Product Complaints","Nexa","Service","Feedback",NULL,"Service",NULL,True,"Transmission related","Shift Position Does not change properly"
"3610","Product Complaints","Nexa","Service","Feedback",NULL,"Service",NULL,True,"Transmission related","Shift Position Indicator Issue"
"3611","Product Complaints","Nexa","Service","Feedback",NULL,"Service",NULL,True,"Transmission related","Noise from motor"
"3612","Product Complaints","Nexa","Service","Feedback",NULL,"Service",NULL,True,"Transmission related","Gear shift knob stuck"
"3613","Product Complaints","Nexa","Service","Feedback",NULL,"Service",NULL,True,"HV System Related","Traction Battery Related"
"3614","Product Complaints","Nexa","Service","Feedback",NULL,"Service",NULL,True,"HV System Related","ESU related"
"3615","Product Complaints","Nexa","Service","Feedback",NULL,"Service",NULL,True,"HV System Related","E-drive related"
"3616","Product Complaints","Nexa","Service","Feedback",NULL,"Service",NULL,True,"HV System Related","Traction Battery Damage/Crack/Leakage"
"3617","Product Complaints","Nexa","Service","Feedback",NULL,"Service",NULL,True,"Electrical Issue","Lead acid battery getting discharged"
"3618","Product Complaints","Nexa","Service","Feedback",NULL,"Service",NULL,True,"Electrical Issue","High power / energy consumption"
"3619","Product Complaints","Nexa","Service","Feedback",NULL,"Service",NULL,True,"Electrical Issue","Start -stop switch issue"
"3620","Product Complaints","Nexa","Service","Feedback",NULL,"Service",NULL,True,"Electrical Issue","EV not getting to ""OFF"" stage"
"3621","Product Complaints","Nexa","Service","Feedback",NULL,"Service",NULL,True,"Electrical Issue","Vehicle not going to ready stage"
"3623","Product Complaints","Nexa","Service","Feedback",NULL,"Service",NULL,True,"Electrical Issue","Advanced Drivers Assistance (ADAS) issue"
"3624","Product Complaints","Nexa","Service","Feedback",NULL,"Service",NULL,True,"Electrical Issue","Acoustive vehicle alert system (AVAS) issue"
"3625","Product Complaints","Nexa","Service","Feedback",NULL,"Service",NULL,True,"Electrical Issue","Multi Information display not working"
"3626","Product Complaints","Nexa","Service","Feedback",NULL,"Service",NULL,True,"Electrical Issue","Drive Mode Malfunction"
"3627","Product Complaints","Nexa","Service","Feedback",NULL,"Service",NULL,True,"Body Issue","Charging port / lid related"
"3628","Product Complaints","Nexa","Service","Feedback",NULL,"Service",NULL,True,"Electrical Issue","360 degree view camera not working"
"3629","Product Complaints","Nexa","Service","Feedback",NULL,"Service",NULL,True,"Others","Traction battery coolant leakage / low"
"3630","Product Complaints","Nexa","Service","Feedback",NULL,"Service",NULL,True,"Others","Heater coolant leakage / low"
"3631","Workmanship - Service/Repairs","Nexa","Service","Feedback",NULL,"Service",NULL,True,"Electrical Issue","Lead Acid Battery related"
"3632","Workmanship - Service/Repairs","Nexa","Service","Feedback",NULL,"Service",NULL,True,"Charging  related","Vehicle not charging"
"3633","Workmanship - Service/Repairs","Nexa","Service","Feedback",NULL,"Service",NULL,True,"State of charge (SoC) related","Low SoC / Out Of Charge"
"3634","Workmanship - Service/Repairs","Nexa","Service","Feedback",NULL,"Service",NULL,True,"Transmission related","Noise from E-Axle / Motor"
"3635","Workmanship - Service/Repairs","Nexa","Service","Feedback",NULL,"Service",NULL,True,"Transmission related","Transmission / E-axle Oil Leakage"
"3636","Workmanship - Service/Repairs","Nexa","Service","Feedback",NULL,"Service",NULL,True,"Transmission related","E-axle related"
"3637","Workmanship - Service/Repairs","Nexa","Service","Feedback",NULL,"Service",NULL,True,"Transmission related","Shift Position Does not change properly"
"3638","Workmanship - Service/Repairs","Nexa","Service","Feedback",NULL,"Service",NULL,True,"Transmission related","Shift Position Indicator Issue"
"3639","Workmanship - Service/Repairs","Nexa","Service","Feedback",NULL,"Service",NULL,True,"Transmission related","Noise from motor"
"3640","Workmanship - Service/Repairs","Nexa","Service","Feedback",NULL,"Service",NULL,True,"Transmission related","Gear shift knob stuck"
"3641","Workmanship - Service/Repairs","Nexa","Service","Feedback",NULL,"Service",NULL,True,"HV System Related","Traction Battery Related"
"3642","Workmanship - Service/Repairs","Nexa","Service","Feedback",NULL,"Service",NULL,True,"HV System Related","ESU related"
"3643","Workmanship - Service/Repairs","Nexa","Service","Feedback",NULL,"Service",NULL,True,"HV System Related","E-drive related"
"3644","Workmanship - Service/Repairs","Nexa","Service","Feedback",NULL,"Service",NULL,True,"HV System Related","Traction Battery Damage/Crack/Leakage"
"3645","Workmanship - Service/Repairs","Nexa","Service","Feedback",NULL,"Service",NULL,True,"Electrical Issue","Lead acid battery bulging"
"3646","Workmanship - Service/Repairs","Nexa","Service","Feedback",NULL,"Service",NULL,True,"Electrical Issue","Lead acid battery damage/crack"
"3647","Workmanship - Service/Repairs","Nexa","Service","Feedback",NULL,"Service",NULL,True,"Electrical Issue","Lead acid battery getting discharged"
"3648","Workmanship - Service/Repairs","Nexa","Service","Feedback",NULL,"Service",NULL,True,"Electrical Issue","Lead acid terminal sulphation"
"3649","Workmanship - Service/Repairs","Nexa","Service","Feedback",NULL,"Service",NULL,True,"Electrical Issue","High power / energy consumption"
"3650","Workmanship - Service/Repairs","Nexa","Service","Feedback",NULL,"Service",NULL,True,"Electrical Issue","Start -stop switch issue"
"3651","Workmanship - Service/Repairs","Nexa","Service","Feedback",NULL,"Service",NULL,True,"Electrical Issue","EV not getting to ""OFF"" stage"
"3652","Workmanship - Service/Repairs","Nexa","Service","Feedback",NULL,"Service",NULL,True,"Electrical Issue","Vehicle not going to ready stage"
"3654","Workmanship - Service/Repairs","Nexa","Service","Feedback",NULL,"Service",NULL,True,"Electrical Issue","Advanced Drivers Assistance (ADAS) issue"
"3655","Workmanship - Service/Repairs","Nexa","Service","Feedback",NULL,"Service",NULL,True,"Electrical Issue","Acoustive vehicle alert system (AVAS) issue"
"3656","Workmanship - Service/Repairs","Nexa","Service","Feedback",NULL,"Service",NULL,True,"Electrical Issue","Multi Information display not working"
"3657","Workmanship - Service/Repairs","Nexa","Service","Feedback",NULL,"Service",NULL,True,"Electrical Issue","Drive Mode Malfunction"
"3658","Workmanship - Service/Repairs","Nexa","Service","Feedback",NULL,"Service",NULL,True,"Body Issue","Charging port / lid related"
"3659","Workmanship - Service/Repairs","Nexa","Service","Feedback",NULL,"Service",NULL,True,"Electrical Issue","360 degree view camera not working"
"3660","Workmanship - Service/Repairs","Nexa","Service","Feedback",NULL,"Service",NULL,True,"Others","Traction battery coolant leakage / low"
"3661","Workmanship - Service/Repairs","Nexa","Service","Feedback",NULL,"Service",NULL,True,"Others","Heater coolant leakage / low"
"3662","Product Complaints","Nexa","Service","Feedback",NULL,"Service",NULL,True,"Range / SoC Related","State of Charge (SoC) related"
"3663","Workmanship - Service/Repairs","Nexa","Service","Feedback",NULL,"Service",NULL,True,"Range / SoC Related","Range related"
"3664","Product Complaints","Nexa","Service","Query",NULL,"Service",NULL,True,"Electrical Issue","Lead Acid Battery related"
"3665","Product Complaints","Nexa","Service","Query",NULL,"Service",NULL,True,"Charging  related","Vehicle not charging"
"3666","Product Complaints","Nexa","Service","Query",NULL,"Service",NULL,True,"State of charge (SoC) related","Low SoC / Out Of Charge"
"3667","Product Complaints","Nexa","Service","Query",NULL,"Service",NULL,True,"Transmission related","Noise from E-Axle / Motor"
"3668","Product Complaints","Nexa","Service","Query",NULL,"Service",NULL,True,"Transmission related","Transmission / E-axle Oil Leakage"
"3669","Product Complaints","Nexa","Service","Query",NULL,"Service",NULL,True,"Transmission related","E-axle related"
"3670","Product Complaints","Nexa","Service","Query",NULL,"Service",NULL,True,"Transmission related","Shift Position Does not change properly"
"3671","Product Complaints","Nexa","Service","Query",NULL,"Service",NULL,True,"Transmission related","Shift Position Indicator Issue"
"3672","Product Complaints","Nexa","Service","Query",NULL,"Service",NULL,True,"Transmission related","Noise from motor"
"3673","Product Complaints","Nexa","Service","Query",NULL,"Service",NULL,True,"Transmission related","Gear shift knob stuck"
"3674","Product Complaints","Nexa","Service","Query",NULL,"Service",NULL,True,"HV System Related","Traction Battery Related"
"3675","Product Complaints","Nexa","Service","Query",NULL,"Service",NULL,True,"HV System Related","ESU related"
"3676","Product Complaints","Nexa","Service","Query",NULL,"Service",NULL,True,"HV System Related","E-drive related"
"3677","Product Complaints","Nexa","Service","Query",NULL,"Service",NULL,True,"HV System Related","Traction Battery Damage/Crack/Leakage"
"3678","Product Complaints","Nexa","Service","Query",NULL,"Service",NULL,True,"Electrical Issue","Lead acid battery bulging"
"3679","Product Complaints","Nexa","Service","Query",NULL,"Service",NULL,True,"Electrical Issue","Lead acid battery damage/crack"
"3680","Product Complaints","Nexa","Service","Query",NULL,"Service",NULL,True,"Electrical Issue","Lead acid battery getting discharged"
"3681","Product Complaints","Nexa","Service","Query",NULL,"Service",NULL,True,"Electrical Issue","Lead acid terminal sulphation"
"3682","Product Complaints","Nexa","Service","Query",NULL,"Service",NULL,True,"Electrical Issue","High power / energy consumption"
"3683","Product Complaints","Nexa","Service","Query",NULL,"Service",NULL,True,"Electrical Issue","Start -stop switch issue"
"3684","Product Complaints","Nexa","Service","Query",NULL,"Service",NULL,True,"Electrical Issue","EV not getting to ""OFF"" stage"
"3685","Product Complaints","Nexa","Service","Query",NULL,"Service",NULL,True,"Electrical Issue","Vehicle not going to ready stage"
"3687","Product Complaints","Nexa","Service","Query",NULL,"Service",NULL,True,"Electrical Issue","Advanced Drivers Assistance (ADAS) issue"
"3688","Product Complaints","Nexa","Service","Query",NULL,"Service",NULL,True,"Electrical Issue","Acoustive vehicle alert system (AVAS) issue"
"3689","Product Complaints","Nexa","Service","Query",NULL,"Service",NULL,True,"Electrical Issue","Multi Information display not working"
"3690","Product Complaints","Nexa","Service","Query",NULL,"Service",NULL,True,"Electrical Issue","Drive Mode Malfunction"
"3691","Product Complaints","Nexa","Service","Query",NULL,"Service",NULL,True,"Body Issue","Charging port / lid related"
"3692","Product Complaints","Nexa","Service","Query",NULL,"Service",NULL,True,"Electrical Issue","360 degree view camera not working"
"3693","Product Complaints","Nexa","Service","Query",NULL,"Service",NULL,True,"Others","Traction battery coolant leakage / low"
"3694","Product Complaints","Nexa","Service","Query",NULL,"Service",NULL,True,"Others","Heater coolant leakage / low"
"3695","Workmanship - Service/Repairs","Nexa","Service","Query",NULL,"Service",NULL,True,"Electrical Issue","Lead Acid Battery related"
"3696","Workmanship - Service/Repairs","Nexa","Service","Query",NULL,"Service",NULL,True,"Charging  related","Vehicle not charging"
"3322","Business Area","MDS","MSDS","Generic Query",NULL,NULL,NULL,True,"MSDS",NULL
"3323","Enquiry","Arena","Sales","Generic Query",NULL,NULL,NULL,True,"General Information",NULL
"3324","Enquiry","Arena","Sales","Generic Query",NULL,NULL,NULL,True,"Dealer Contact Details",NULL
"3325","Enquiry","Arena","Service","Generic Query",NULL,NULL,NULL,True,"General Information",NULL
"3326","Enquiry","Arena","Service","Generic Query",NULL,NULL,NULL,True,"Dealer Contact Details",NULL
"3327","Enquiry","Arena","Accessories","Generic Query",NULL,NULL,NULL,True,"General Information",NULL
"3328","Enquiry","Arena","Accessories","Generic Query",NULL,NULL,NULL,True,"Dealer Contact Details",NULL
"3329","Enquiry","Arena","Suzuki Connect","Generic Query",NULL,NULL,NULL,True,"General Information",NULL
"3330","Enquiry","Arena","Suzuki Connect","Generic Query",NULL,NULL,NULL,True,"Dealer Contact Details",NULL
"3331","Enquiry","Nexa","Sales","Generic Query",NULL,NULL,NULL,True,"General Information",NULL
"3332","Enquiry","Nexa","Sales","Generic Query",NULL,NULL,NULL,True,"Dealer Contact Details",NULL
"3333","Enquiry","Nexa","Service","Generic Query",NULL,NULL,NULL,True,"General Information",NULL
"3334","Enquiry","Nexa","Service","Generic Query",NULL,NULL,NULL,True,"Dealer Contact Details",NULL
"3335","Enquiry","Nexa","Accessories","Generic Query",NULL,NULL,NULL,True,"General Information",NULL
"3336","Enquiry","Nexa","Accessories","Generic Query",NULL,NULL,NULL,True,"Dealer Contact Details",NULL
"3337","Enquiry","Nexa","Suzuki Connect","Generic Query",NULL,NULL,NULL,True,"General Information",NULL
"3338","Enquiry","Nexa","Suzuki Connect","Generic Query",NULL,NULL,NULL,True,"Dealer Contact Details",NULL
"3339","Enquiry","True Value","Accessories","Generic Query",NULL,NULL,NULL,True,"General Information",NULL
"3340","Enquiry","True Value","Accessories","Generic Query",NULL,NULL,NULL,True,"Dealer Contact Details",NULL
"3341","Enquiry","True Value","True Value","Generic Query",NULL,NULL,NULL,True,"General Information",NULL
"3342","Enquiry","True Value","True Value","Generic Query",NULL,NULL,NULL,True,"Dealer Contact Details",NULL
"3343","Enquiry","Commercial","Sales","Generic Query",NULL,NULL,NULL,True,"General Information",NULL
"3344","Enquiry","Commercial","Sales","Generic Query",NULL,NULL,NULL,True,"Dealer Contact Details",NULL
"3345","Enquiry","Commercial","Service","Generic Query",NULL,NULL,NULL,True,"General Information",NULL
"3346","Enquiry","Commercial","Service","Generic Query",NULL,NULL,NULL,True,"Dealer Contact Details",NULL
"3347","Enquiry","Commercial","Accessories","Generic Query",NULL,NULL,NULL,True,"General Information",NULL
"3348","Enquiry","Commercial","Accessories","Generic Query",NULL,NULL,NULL,True,"Dealer Contact Details",NULL
"3349","Enquiry","Arena","MSGP","Generic Query",NULL,NULL,NULL,True,"General Information",NULL
"3350","Enquiry","Arena","MSGP","Generic Query",NULL,NULL,NULL,True,"Dealer Contact Details",NULL
"3351","Enquiry","Nexa","MSGP","Generic Query",NULL,NULL,NULL,True,"General Information",NULL
"3352","Enquiry","Nexa","MSGP","Generic Query",NULL,NULL,NULL,True,"Dealer Contact Details",NULL
"3353","Enquiry","Commercial","MSGP","Generic Query",NULL,NULL,NULL,True,"General Information",NULL
"3354","Enquiry","Commercial","MSGP","Generic Query",NULL,NULL,NULL,True,"Dealer Contact Details",NULL
"3355","Enquiry","MDS","MSDS","Generic Query",NULL,NULL,NULL,True,"General Information",NULL
"3356","Enquiry","MDS","MSDS","Generic Query",NULL,NULL,NULL,True,"Dealer Contact Details",NULL
"3697","Workmanship - Service/Repairs","Nexa","Service","Query",NULL,"Service",NULL,True,"State of charge (SoC) related","Low SoC / Out Of Charge"
"3698","Workmanship - Service/Repairs","Nexa","Service","Query",NULL,"Service",NULL,True,"Transmission related","Noise from E-Axle / Motor"
"3699","Workmanship - Service/Repairs","Nexa","Service","Query",NULL,"Service",NULL,True,"Transmission related","Transmission / E-axle Oil Leakage"
"3700","Workmanship - Service/Repairs","Nexa","Service","Query",NULL,"Service",NULL,True,"Transmission related","E-axle related"
"3701","Workmanship - Service/Repairs","Nexa","Service","Query",NULL,"Service",NULL,True,"Transmission related","Shift Position Does not change properly"
"3702","Workmanship - Service/Repairs","Nexa","Service","Query",NULL,"Service",NULL,True,"Transmission related","Shift Position Indicator Issue"
"3703","Workmanship - Service/Repairs","Nexa","Service","Query",NULL,"Service",NULL,True,"Transmission related","Noise from motor"
"3704","Workmanship - Service/Repairs","Nexa","Service","Query",NULL,"Service",NULL,True,"Transmission related","Gear shift knob stuck"
"3705","Workmanship - Service/Repairs","Nexa","Service","Query",NULL,"Service",NULL,True,"HV System Related","Traction Battery Related"
"3706","Workmanship - Service/Repairs","Nexa","Service","Query",NULL,"Service",NULL,True,"HV System Related","ESU related"
"3707","Workmanship - Service/Repairs","Nexa","Service","Query",NULL,"Service",NULL,True,"HV System Related","E-drive related"
"3708","Workmanship - Service/Repairs","Nexa","Service","Query",NULL,"Service",NULL,True,"HV System Related","Traction Battery Damage/Crack/Leakage"
"3709","Workmanship - Service/Repairs","Nexa","Service","Query",NULL,"Service",NULL,True,"Electrical Issue","Lead acid battery getting discharged"
"3710","Workmanship - Service/Repairs","Nexa","Service","Query",NULL,"Service",NULL,True,"Electrical Issue","High power / energy consumption"
"3711","Workmanship - Service/Repairs","Nexa","Service","Query",NULL,"Service",NULL,True,"Electrical Issue","Start -stop switch issue"
"3712","Workmanship - Service/Repairs","Nexa","Service","Query",NULL,"Service",NULL,True,"Electrical Issue","EV not getting to ""OFF"" stage"
"3713","Workmanship - Service/Repairs","Nexa","Service","Query",NULL,"Service",NULL,True,"Electrical Issue","Vehicle not going to ready stage"
"3715","Workmanship - Service/Repairs","Nexa","Service","Query",NULL,"Service",NULL,True,"Electrical Issue","Advanced Drivers Assistance (ADAS) issue"
"3716","Workmanship - Service/Repairs","Nexa","Service","Query",NULL,"Service",NULL,True,"Electrical Issue","Acoustive vehicle alert system (AVAS) issue"
"3717","Workmanship - Service/Repairs","Nexa","Service","Query",NULL,"Service",NULL,True,"Electrical Issue","Multi Information display not working"
"3718","Workmanship - Service/Repairs","Nexa","Service","Query",NULL,"Service",NULL,True,"Electrical Issue","Drive Mode Malfunction"
"3719","Workmanship - Service/Repairs","Nexa","Service","Query",NULL,"Service",NULL,True,"Body Issue","Charging port / lid related"
"3720","Workmanship - Service/Repairs","Nexa","Service","Query",NULL,"Service",NULL,True,"Electrical Issue","360 degree view camera not working"
"3721","Workmanship - Service/Repairs","Nexa","Service","Query",NULL,"Service",NULL,True,"Others","Traction battery coolant leakage / low"
"3722","Workmanship - Service/Repairs","Nexa","Service","Query",NULL,"Service",NULL,True,"Others","Heater coolant leakage / low"
"3723","Product Complaints","Nexa","Service","Query",NULL,"Service",NULL,True,"Range / SoC Related","State of Charge (SoC) related"
"3724","Workmanship - Service/Repairs","Nexa","Service","Query",NULL,"Service",NULL,True,"Range / SoC Related","Range related"
"3725","Product Complaints","Arena","Service","Complaint",NULL,NULL,NULL,True,"Electrical Issue","Lead Acid Battery related"
"3726","Product Complaints","Arena","Service","Complaint",NULL,NULL,NULL,True,"Charging  related","Vehicle not charging"
"3727","Product Complaints","Arena","Service","Complaint",NULL,NULL,NULL,True,"State of charge (SoC) related","Low SoC / Out Of Charge"
"3728","Product Complaints","Arena","Service","Complaint",NULL,NULL,NULL,True,"Transmission related","Noise from E-Axle / Motor"
"3729","Product Complaints","Arena","Service","Complaint",NULL,NULL,NULL,True,"Transmission related","Transmission / E-axle Oil Leakage"
"3730","Product Complaints","Arena","Service","Complaint",NULL,NULL,NULL,True,"Transmission related","E-axle related"
"3731","Product Complaints","Arena","Service","Complaint",NULL,NULL,NULL,True,"Transmission related","Shift Position Does not change properly"
"3732","Product Complaints","Arena","Service","Complaint",NULL,NULL,NULL,True,"Transmission related","Shift Position Indicator Issue"
"3733","Product Complaints","Arena","Service","Complaint",NULL,NULL,NULL,True,"Transmission related","Noise from motor"
"3734","Product Complaints","Arena","Service","Complaint",NULL,NULL,NULL,True,"Transmission related","Gear shift knob stuck"
"3735","Product Complaints","Arena","Service","Complaint",NULL,NULL,NULL,True,"HV System Related","Traction Battery Related"
"3736","Product Complaints","Arena","Service","Complaint",NULL,NULL,NULL,True,"HV System Related","ESU related"
"3737","Product Complaints","Arena","Service","Complaint",NULL,NULL,NULL,True,"HV System Related","E-drive related"
"3738","Product Complaints","Arena","Service","Complaint",NULL,NULL,NULL,True,"HV System Related","Traction Battery Damage/Crack/Leakage"
"3739","Product Complaints","Arena","Service","Complaint",NULL,NULL,NULL,True,"Electrical Issue","Lead acid battery getting discharged"
"3740","Product Complaints","Arena","Service","Complaint",NULL,NULL,NULL,True,"Electrical Issue","High power / energy consumption"
"3741","Product Complaints","Arena","Service","Complaint",NULL,NULL,NULL,True,"Electrical Issue","Start -stop switch issue"
"3742","Product Complaints","Arena","Service","Complaint",NULL,NULL,NULL,True,"Electrical Issue","EV not getting to ""OFF"" stage"
"3743","Product Complaints","Arena","Service","Complaint",NULL,NULL,NULL,True,"Electrical Issue","Vehicle not going to ready stage"
"3745","Product Complaints","Arena","Service","Complaint",NULL,NULL,NULL,True,"Electrical Issue","Advanced Drivers Assistance (ADAS) issue"
"3746","Product Complaints","Arena","Service","Complaint",NULL,NULL,NULL,True,"Electrical Issue","Acoustive vehicle alert system (AVAS) issue"
"3747","Product Complaints","Arena","Service","Complaint",NULL,NULL,NULL,True,"Electrical Issue","Multi Information display not working"
"3748","Product Complaints","Arena","Service","Complaint",NULL,NULL,NULL,True,"Electrical Issue","Drive Mode Malfunction"
"896","Product Complaints","Arena","Service","Complaint",NULL,NULL,NULL,True,"Electrical Issue","Electrical  - Other (Not Ac)"
"3749","Product Complaints","Arena","Service","Complaint",NULL,NULL,NULL,True,"Body Issue","Charging port / lid related"
"3750","Product Complaints","Arena","Service","Complaint",NULL,NULL,NULL,True,"Electrical Issue","360 degree view camera not working"
"3751","Product Complaints","Arena","Service","Complaint",NULL,NULL,NULL,True,"Others","Traction battery coolant leakage / low"
"3752","Product Complaints","Arena","Service","Complaint",NULL,NULL,NULL,True,"Others","Heater coolant leakage / low"
"3753","Workmanship - Service/Repairs","Arena","Service","Complaint",NULL,NULL,NULL,True,"Electrical Issue","Lead Acid Battery related"
"3357","Enquiry","Arena","Suzuki Connect","Generic Query",NULL,NULL,"Gen 1",True,"Dealer Contact Details",NULL
"3358","Enquiry","Arena","Suzuki Connect","Generic Query",NULL,NULL,"Gen 1",True,"General Information",NULL
"3359","Enquiry","Arena","Suzuki Connect","Generic Query",NULL,NULL,"Gen 2",True,"Dealer Contact Details",NULL
"3360","Enquiry","Arena","Suzuki Connect","Generic Query",NULL,NULL,"Gen 2",True,"General Information",NULL
"3361","Enquiry","Nexa","Suzuki Connect","Generic Query",NULL,NULL,"Gen 1",True,"Dealer Contact Details",NULL
"3362","Enquiry","Nexa","Suzuki Connect","Generic Query",NULL,NULL,"Gen 1",True,"General Information",NULL
"3363","Enquiry","Nexa","Suzuki Connect","Generic Query",NULL,NULL,"Gen 2",True,"Dealer Contact Details",NULL
"3364","Enquiry","Nexa","Suzuki Connect","Generic Query",NULL,NULL,"Gen 2",True,"General Information",NULL
"3365","Course related","MDS","MSDS","Complaint",NULL,NULL,NULL,True,NULL,NULL
"3366","Fees Related","MDS","MSDS","Complaint",NULL,NULL,NULL,True,NULL,NULL
"3367","Manpower Related","MDS","MSDS","Complaint",NULL,NULL,NULL,True,NULL,NULL
"3368","Course related","MDS","MSDS","Query",NULL,NULL,NULL,True,NULL,NULL
"3369","Fees Related","MDS","MSDS","Query",NULL,NULL,NULL,True,NULL,NULL
"3370","Manpower Related","MDS","MSDS","Query",NULL,NULL,NULL,True,NULL,NULL
"3371","Driving school details","MDS","MSDS","Query",NULL,NULL,NULL,True,NULL,NULL
"3754","Workmanship - Service/Repairs","Arena","Service","Complaint",NULL,NULL,NULL,True,"Charging  related","Vehicle not charging"
"3755","Workmanship - Service/Repairs","Arena","Service","Complaint",NULL,NULL,NULL,True,"State of charge (SoC) related","Low SoC / Out Of Charge"
"3756","Workmanship - Service/Repairs","Arena","Service","Complaint",NULL,NULL,NULL,True,"Transmission related","Noise from E-Axle / Motor"
"3757","Workmanship - Service/Repairs","Arena","Service","Complaint",NULL,NULL,NULL,True,"Transmission related","Transmission / E-axle Oil Leakage"
"3758","Workmanship - Service/Repairs","Arena","Service","Complaint",NULL,NULL,NULL,True,"Transmission related","E-axle related"
"3759","Workmanship - Service/Repairs","Arena","Service","Complaint",NULL,NULL,NULL,True,"Transmission related","Shift Position Does not change properly"
"3760","Workmanship - Service/Repairs","Arena","Service","Complaint",NULL,NULL,NULL,True,"Transmission related","Shift Position Indicator Issue"
"3761","Workmanship - Service/Repairs","Arena","Service","Complaint",NULL,NULL,NULL,True,"Transmission related","Noise from motor"
"3762","Workmanship - Service/Repairs","Arena","Service","Complaint",NULL,NULL,NULL,True,"Transmission related","Gear shift knob stuck"
"3763","Workmanship - Service/Repairs","Arena","Service","Complaint",NULL,NULL,NULL,True,"HV System Related","Traction Battery Related"
"3764","Workmanship - Service/Repairs","Arena","Service","Complaint",NULL,NULL,NULL,True,"HV System Related","ESU related"
"3765","Workmanship - Service/Repairs","Arena","Service","Complaint",NULL,NULL,NULL,True,"HV System Related","E-drive related"
"3766","Workmanship - Service/Repairs","Arena","Service","Complaint",NULL,NULL,NULL,True,"HV System Related","Traction Battery Damage/Crack/Leakage"
"3767","Workmanship - Service/Repairs","Arena","Service","Complaint",NULL,NULL,NULL,True,"Electrical Issue","Lead acid battery getting discharged"
"3768","Workmanship - Service/Repairs","Arena","Service","Complaint",NULL,NULL,NULL,True,"Electrical Issue","High power / energy consumption"
"3769","Workmanship - Service/Repairs","Arena","Service","Complaint",NULL,NULL,NULL,True,"Electrical Issue","Start -stop switch issue"
"3770","Workmanship - Service/Repairs","Arena","Service","Complaint",NULL,NULL,NULL,True,"Electrical Issue","EV not getting to ""OFF"" stage"
"3771","Workmanship - Service/Repairs","Arena","Service","Complaint",NULL,NULL,NULL,True,"Electrical Issue","Vehicle not going to ready stage"
"3773","Workmanship - Service/Repairs","Arena","Service","Complaint",NULL,NULL,NULL,True,"Electrical Issue","Advanced Drivers Assistance (ADAS) issue"
"3774","Workmanship - Service/Repairs","Arena","Service","Complaint",NULL,NULL,NULL,True,"Electrical Issue","Acoustive vehicle alert system (AVAS) issue"
"3775","Workmanship - Service/Repairs","Arena","Service","Complaint",NULL,NULL,NULL,True,"Electrical Issue","Multi Information display not working"
"3776","Workmanship - Service/Repairs","Arena","Service","Complaint",NULL,NULL,NULL,True,"Electrical Issue","Drive Mode Malfunction"
"3777","Workmanship - Service/Repairs","Arena","Service","Complaint",NULL,NULL,NULL,True,"Body Issue","Charging port / lid related"
"3778","Workmanship - Service/Repairs","Arena","Service","Complaint",NULL,NULL,NULL,True,"Electrical Issue","360 degree view camera not working"
"3779","Workmanship - Service/Repairs","Arena","Service","Complaint",NULL,NULL,NULL,True,"Others","Traction battery coolant leakage / low"
"3780","Workmanship - Service/Repairs","Arena","Service","Complaint",NULL,NULL,NULL,True,"Others","Heater coolant leakage / low"
"3781","Product Complaints","Arena","Service","Complaint",NULL,NULL,NULL,True,"Range / SoC Related","State of Charge (SoC) related"
"3782","Workmanship - Service/Repairs","Arena","Service","Complaint",NULL,NULL,NULL,True,"Range / SoC Related","Range related"
"3783","Product Complaints","Arena","Service","Feedback",NULL,"Service",NULL,True,"Electrical Issue","Lead Acid Battery related"
"3784","Product Complaints","Arena","Service","Feedback",NULL,"Service",NULL,True,"Charging  related","Vehicle not charging"
"3785","Product Complaints","Arena","Service","Feedback",NULL,"Service",NULL,True,"State of charge (SoC) related","Low SoC / Out Of Charge"
"3786","Product Complaints","Arena","Service","Feedback",NULL,"Service",NULL,True,"Transmission related","Noise from E-Axle / Motor"
"3787","Product Complaints","Arena","Service","Feedback",NULL,"Service",NULL,True,"Transmission related","Transmission / E-axle Oil Leakage"
"3788","Product Complaints","Arena","Service","Feedback",NULL,"Service",NULL,True,"Transmission related","E-axle related"
"3789","Product Complaints","Arena","Service","Feedback",NULL,"Service",NULL,True,"Transmission related","Shift Position Does not change properly"
"3790","Product Complaints","Arena","Service","Feedback",NULL,"Service",NULL,True,"Transmission related","Shift Position Indicator Issue"
"3791","Product Complaints","Arena","Service","Feedback",NULL,"Service",NULL,True,"Transmission related","Noise from motor"
"3792","Product Complaints","Arena","Service","Feedback",NULL,"Service",NULL,True,"Transmission related","Gear shift knob stuck"
"3793","Product Complaints","Arena","Service","Feedback",NULL,"Service",NULL,True,"HV System Related","Traction Battery Related"
"3794","Product Complaints","Arena","Service","Feedback",NULL,"Service",NULL,True,"HV System Related","ESU related"
"3795","Product Complaints","Arena","Service","Feedback",NULL,"Service",NULL,True,"HV System Related","E-drive related"
"3796","Product Complaints","Arena","Service","Feedback",NULL,"Service",NULL,True,"HV System Related","Traction Battery Damage/Crack/Leakage"
"3797","Product Complaints","Arena","Service","Feedback",NULL,"Service",NULL,True,"Electrical Issue","Lead acid battery getting discharged"
"3798","Product Complaints","Arena","Service","Feedback",NULL,"Service",NULL,True,"Electrical Issue","High power / energy consumption"
"3799","Product Complaints","Arena","Service","Feedback",NULL,"Service",NULL,True,"Electrical Issue","Start -stop switch issue"
"3800","Product Complaints","Arena","Service","Feedback",NULL,"Service",NULL,True,"Electrical Issue","EV not getting to ""OFF"" stage"
"3801","Product Complaints","Arena","Service","Feedback",NULL,"Service",NULL,True,"Electrical Issue","Vehicle not going to ready stage"
"3803","Product Complaints","Arena","Service","Feedback",NULL,"Service",NULL,True,"Electrical Issue","Advanced Drivers Assistance (ADAS) issue"
"3804","Product Complaints","Arena","Service","Feedback",NULL,"Service",NULL,True,"Electrical Issue","Acoustive vehicle alert system (AVAS) issue"
"3805","Product Complaints","Arena","Service","Feedback",NULL,"Service",NULL,True,"Electrical Issue","Multi Information display not working"
"3806","Product Complaints","Arena","Service","Feedback",NULL,"Service",NULL,True,"Electrical Issue","Drive Mode Malfunction"
"3807","Product Complaints","Arena","Service","Feedback",NULL,"Service",NULL,True,"Body Issue","Charging port / lid related"
"3808","Product Complaints","Arena","Service","Feedback",NULL,"Service",NULL,True,"Electrical Issue","360 degree view camera not working"
"3809","Product Complaints","Arena","Service","Feedback",NULL,"Service",NULL,True,"Others","Traction battery coolant leakage / low"
"3810","Product Complaints","Arena","Service","Feedback",NULL,"Service",NULL,True,"Others","Heater coolant leakage / low"
"3811","Workmanship - Service/Repairs","Arena","Service","Feedback",NULL,"Service",NULL,True,"Electrical Issue","Lead Acid Battery related"
"3812","Workmanship - Service/Repairs","Arena","Service","Feedback",NULL,"Service",NULL,True,"Charging  related","Vehicle not charging"
"3813","Workmanship - Service/Repairs","Arena","Service","Feedback",NULL,"Service",NULL,True,"State of charge (SoC) related","Low SoC / Out Of Charge"
"3814","Workmanship - Service/Repairs","Arena","Service","Feedback",NULL,"Service",NULL,True,"Transmission related","Noise from E-Axle / Motor"
"3815","Workmanship - Service/Repairs","Arena","Service","Feedback",NULL,"Service",NULL,True,"Transmission related","Transmission / E-axle Oil Leakage"
"3816","Workmanship - Service/Repairs","Arena","Service","Feedback",NULL,"Service",NULL,True,"Transmission related","E-axle related"
"3817","Workmanship - Service/Repairs","Arena","Service","Feedback",NULL,"Service",NULL,True,"Transmission related","Shift Position Does not change properly"
"3818","Workmanship - Service/Repairs","Arena","Service","Feedback",NULL,"Service",NULL,True,"Transmission related","Shift Position Indicator Issue"
"3819","Workmanship - Service/Repairs","Arena","Service","Feedback",NULL,"Service",NULL,True,"Transmission related","Noise from motor"
"3820","Workmanship - Service/Repairs","Arena","Service","Feedback",NULL,"Service",NULL,True,"Transmission related","Gear shift knob stuck"
"3372","MSR General Complaint","True Value","Accessories","Feedback",NULL,"Maruti Suzuki Rewards",NULL,True,"Others","Others"
"3373","MSR General Complaint","True Value","Accessories","Query",NULL,"Maruti Suzuki Rewards",NULL,True,"Others","Others"
"3374","MSR Not Able To Use","True Value","Accessories","Feedback",NULL,"Maruti Suzuki Rewards",NULL,True,"Enrollment Related","Unable to Enroll"
"3375","MSR Not Able To Use","True Value","Accessories","Query",NULL,"Maruti Suzuki Rewards",NULL,True,"Enrollment Related","Unable to Enroll"
"3376","MSR Points","True Value","Accessories","Feedback",NULL,"Maruti Suzuki Rewards",NULL,True,"Points Related","Incorrect Points Balance"
"3377","MSR Points","True Value","Accessories","Query",NULL,"Maruti Suzuki Rewards",NULL,True,"Points Related","Incorrect Points Balance"
"3378","MSR - Issue With Dealer","True Value","Accessories","Feedback",NULL,"Maruti Suzuki Rewards",NULL,True,"Dealer Related","Unsatisfactory Dealer Interaction"
"3379","MSR - Issue With Dealer","True Value","Accessories","Query",NULL,"Maruti Suzuki Rewards",NULL,True,"Dealer Related","Unsatisfactory Dealer Interaction"
"3380","MSR Points","True Value","Accessories","Feedback",NULL,"Maruti Suzuki Rewards",NULL,True,"Points Related","Points Not Awarded"
"3381","MSR Points","True Value","Accessories","Query",NULL,"Maruti Suzuki Rewards",NULL,True,"Points Related","Points Not Awarded"
"3382","MSR - Issue With Dealer","True Value","Accessories","Feedback",NULL,"Maruti Suzuki Rewards",NULL,True,"Dealer Related","Not Informed About The Program"
"3821","Workmanship - Service/Repairs","Arena","Service","Feedback",NULL,"Service",NULL,True,"HV System Related","Traction Battery Related"
"3822","Workmanship - Service/Repairs","Arena","Service","Feedback",NULL,"Service",NULL,True,"HV System Related","ESU related"
"3823","Workmanship - Service/Repairs","Arena","Service","Feedback",NULL,"Service",NULL,True,"HV System Related","E-drive related"
"3824","Workmanship - Service/Repairs","Arena","Service","Feedback",NULL,"Service",NULL,True,"HV System Related","Traction Battery Damage/Crack/Leakage"
"3825","Workmanship - Service/Repairs","Arena","Service","Feedback",NULL,"Service",NULL,True,"Electrical Issue","Lead acid battery bulging"
"3826","Workmanship - Service/Repairs","Arena","Service","Feedback",NULL,"Service",NULL,True,"Electrical Issue","Lead acid battery damage/crack"
"3827","Workmanship - Service/Repairs","Arena","Service","Feedback",NULL,"Service",NULL,True,"Electrical Issue","Lead acid battery getting discharged"
"1578","Service Feedback","Commercial","Service","Feedback",NULL,NULL,NULL,True,"MOS",NULL
"3828","Workmanship - Service/Repairs","Arena","Service","Feedback",NULL,"Service",NULL,True,"Electrical Issue","Lead acid terminal sulphation"
"3829","Workmanship - Service/Repairs","Arena","Service","Feedback",NULL,"Service",NULL,True,"Electrical Issue","High power / energy consumption"
"3830","Workmanship - Service/Repairs","Arena","Service","Feedback",NULL,"Service",NULL,True,"Electrical Issue","Start -stop switch issue"
"3831","Workmanship - Service/Repairs","Arena","Service","Feedback",NULL,"Service",NULL,True,"Electrical Issue","EV not getting to ""OFF"" stage"
"3832","Workmanship - Service/Repairs","Arena","Service","Feedback",NULL,"Service",NULL,True,"Electrical Issue","Vehicle not going to ready stage"
"3834","Workmanship - Service/Repairs","Arena","Service","Feedback",NULL,"Service",NULL,True,"Electrical Issue","Advanced Drivers Assistance (ADAS) issue"
"3835","Workmanship - Service/Repairs","Arena","Service","Feedback",NULL,"Service",NULL,True,"Electrical Issue","Acoustive vehicle alert system (AVAS) issue"
"3836","Workmanship - Service/Repairs","Arena","Service","Feedback",NULL,"Service",NULL,True,"Electrical Issue","Multi Information display not working"
"3837","Workmanship - Service/Repairs","Arena","Service","Feedback",NULL,"Service",NULL,True,"Electrical Issue","Drive Mode Malfunction"
"3838","Workmanship - Service/Repairs","Arena","Service","Feedback",NULL,"Service",NULL,True,"Body Issue","Charging port / lid related"
"3839","Workmanship - Service/Repairs","Arena","Service","Feedback",NULL,"Service",NULL,True,"Electrical Issue","360 degree view camera not working"
"3840","Workmanship - Service/Repairs","Arena","Service","Feedback",NULL,"Service",NULL,True,"Others","Traction battery coolant leakage / low"
"3841","Workmanship - Service/Repairs","Arena","Service","Feedback",NULL,"Service",NULL,True,"Others","Heater coolant leakage / low"
"3842","Product Complaints","Arena","Service","Feedback",NULL,"Service",NULL,True,"Range / SoC Related","State of Charge (SoC) related"
"3843","Workmanship - Service/Repairs","Arena","Service","Feedback",NULL,"Service",NULL,True,"Range / SoC Related","Range related"
"3844","Product Complaints","Arena","Service","Query",NULL,"Service",NULL,True,"Electrical Issue","Lead Acid Battery related"
"3845","Product Complaints","Arena","Service","Query",NULL,"Service",NULL,True,"Charging  related","Vehicle not charging"
"3846","Product Complaints","Arena","Service","Query",NULL,"Service",NULL,True,"State of charge (SoC) related","Low SoC / Out Of Charge"
"3847","Product Complaints","Arena","Service","Query",NULL,"Service",NULL,True,"Transmission related","Noise from E-Axle / Motor"
"3848","Product Complaints","Arena","Service","Query",NULL,"Service",NULL,True,"Transmission related","Transmission / E-axle Oil Leakage"
"3849","Product Complaints","Arena","Service","Query",NULL,"Service",NULL,True,"Transmission related","E-axle related"
"3850","Product Complaints","Arena","Service","Query",NULL,"Service",NULL,True,"Transmission related","Shift Position Does not change properly"
"3851","Product Complaints","Arena","Service","Query",NULL,"Service",NULL,True,"Transmission related","Shift Position Indicator Issue"
"3852","Product Complaints","Arena","Service","Query",NULL,"Service",NULL,True,"Transmission related","Noise from motor"
"3853","Product Complaints","Arena","Service","Query",NULL,"Service",NULL,True,"Transmission related","Gear shift knob stuck"
"3854","Product Complaints","Arena","Service","Query",NULL,"Service",NULL,True,"HV System Related","Traction Battery Related"
"3855","Product Complaints","Arena","Service","Query",NULL,"Service",NULL,True,"HV System Related","ESU related"
"3856","Product Complaints","Arena","Service","Query",NULL,"Service",NULL,True,"HV System Related","E-drive related"
"3857","Product Complaints","Arena","Service","Query",NULL,"Service",NULL,True,"HV System Related","Traction Battery Damage/Crack/Leakage"
"3858","Product Complaints","Arena","Service","Query",NULL,"Service",NULL,True,"Electrical Issue","Lead acid battery bulging"
"3859","Product Complaints","Arena","Service","Query",NULL,"Service",NULL,True,"Electrical Issue","Lead acid battery damage/crack"
"3860","Product Complaints","Arena","Service","Query",NULL,"Service",NULL,True,"Electrical Issue","Lead acid battery getting discharged"
"3861","Product Complaints","Arena","Service","Query",NULL,"Service",NULL,True,"Electrical Issue","Lead acid terminal sulphation"
"3862","Product Complaints","Arena","Service","Query",NULL,"Service",NULL,True,"Electrical Issue","High power / energy consumption"
"3863","Product Complaints","Arena","Service","Query",NULL,"Service",NULL,True,"Electrical Issue","Start -stop switch issue"
"3864","Product Complaints","Arena","Service","Query",NULL,"Service",NULL,True,"Electrical Issue","EV not getting to ""OFF"" stage"
"3865","Product Complaints","Arena","Service","Query",NULL,"Service",NULL,True,"Electrical Issue","Vehicle not going to ready stage"
"3867","Product Complaints","Arena","Service","Query",NULL,"Service",NULL,True,"Electrical Issue","Advanced Drivers Assistance (ADAS) issue"
"3868","Product Complaints","Arena","Service","Query",NULL,"Service",NULL,True,"Electrical Issue","Acoustive vehicle alert system (AVAS) issue"
"3869","Product Complaints","Arena","Service","Query",NULL,"Service",NULL,True,"Electrical Issue","Multi Information display not working"
"3870","Product Complaints","Arena","Service","Query",NULL,"Service",NULL,True,"Electrical Issue","Drive Mode Malfunction"
"3871","Product Complaints","Arena","Service","Query",NULL,"Service",NULL,True,"Body Issue","Charging port / lid related"
"3872","Product Complaints","Arena","Service","Query",NULL,"Service",NULL,True,"Electrical Issue","360 degree view camera not working"
"3873","Product Complaints","Arena","Service","Query",NULL,"Service",NULL,True,"Others","Traction battery coolant leakage / low"
"3874","Product Complaints","Arena","Service","Query",NULL,"Service",NULL,True,"Others","Heater coolant leakage / low"
"3875","Workmanship - Service/Repairs","Arena","Service","Query",NULL,"Service",NULL,True,"Electrical Issue","Lead Acid Battery related"
"3876","Workmanship - Service/Repairs","Arena","Service","Query",NULL,"Service",NULL,True,"Charging  related","Vehicle not charging"
"3877","Workmanship - Service/Repairs","Arena","Service","Query",NULL,"Service",NULL,True,"State of charge (SoC) related","Low SoC / Out Of Charge"
"3878","Workmanship - Service/Repairs","Arena","Service","Query",NULL,"Service",NULL,True,"Transmission related","Noise from E-Axle / Motor"
"3879","Workmanship - Service/Repairs","Arena","Service","Query",NULL,"Service",NULL,True,"Transmission related","Transmission / E-axle Oil Leakage"
"3880","Workmanship - Service/Repairs","Arena","Service","Query",NULL,"Service",NULL,True,"Transmission related","E-axle related"
"3881","Workmanship - Service/Repairs","Arena","Service","Query",NULL,"Service",NULL,True,"Transmission related","Shift Position Does not change properly"
"3882","Workmanship - Service/Repairs","Arena","Service","Query",NULL,"Service",NULL,True,"Transmission related","Shift Position Indicator Issue"
"3883","Workmanship - Service/Repairs","Arena","Service","Query",NULL,"Service",NULL,True,"Transmission related","Noise from motor"
"3884","Workmanship - Service/Repairs","Arena","Service","Query",NULL,"Service",NULL,True,"Transmission related","Gear shift knob stuck"
"3885","Workmanship - Service/Repairs","Arena","Service","Query",NULL,"Service",NULL,True,"HV System Related","Traction Battery Related"
"3886","Workmanship - Service/Repairs","Arena","Service","Query",NULL,"Service",NULL,True,"HV System Related","ESU related"
"3887","Workmanship - Service/Repairs","Arena","Service","Query",NULL,"Service",NULL,True,"HV System Related","E-drive related"
"3888","Workmanship - Service/Repairs","Arena","Service","Query",NULL,"Service",NULL,True,"HV System Related","Traction Battery Damage/Crack/Leakage"
"3889","Workmanship - Service/Repairs","Arena","Service","Query",NULL,"Service",NULL,True,"Electrical Issue","Lead acid battery getting discharged"
"3890","Workmanship - Service/Repairs","Arena","Service","Query",NULL,"Service",NULL,True,"Electrical Issue","High power / energy consumption"
"3891","Workmanship - Service/Repairs","Arena","Service","Query",NULL,"Service",NULL,True,"Electrical Issue","Start -stop switch issue"
"3892","Workmanship - Service/Repairs","Arena","Service","Query",NULL,"Service",NULL,True,"Electrical Issue","EV not getting to ""OFF"" stage"
"3893","Workmanship - Service/Repairs","Arena","Service","Query",NULL,"Service",NULL,True,"Electrical Issue","Vehicle not going to ready stage"
"3895","Workmanship - Service/Repairs","Arena","Service","Query",NULL,"Service",NULL,True,"Electrical Issue","Advanced Drivers Assistance (ADAS) issue"
"3896","Workmanship - Service/Repairs","Arena","Service","Query",NULL,"Service",NULL,True,"Electrical Issue","Acoustive vehicle alert system (AVAS) issue"
"3897","Workmanship - Service/Repairs","Arena","Service","Query",NULL,"Service",NULL,True,"Electrical Issue","Multi Information display not working"
"3898","Workmanship - Service/Repairs","Arena","Service","Query",NULL,"Service",NULL,True,"Electrical Issue","Drive Mode Malfunction"
"3899","Workmanship - Service/Repairs","Arena","Service","Query",NULL,"Service",NULL,True,"Body Issue","Charging port / lid related"
"3900","Workmanship - Service/Repairs","Arena","Service","Query",NULL,"Service",NULL,True,"Electrical Issue","360 degree view camera not working"
"3901","Workmanship - Service/Repairs","Arena","Service","Query",NULL,"Service",NULL,True,"Others","Traction battery coolant leakage / low"
"3902","Workmanship - Service/Repairs","Arena","Service","Query",NULL,"Service",NULL,True,"Others","Heater coolant leakage / low"
"3903","Product Complaints","Arena","Service","Query",NULL,"Service",NULL,True,"Range / SoC Related","State of Charge (SoC) related"
"3904","Workmanship - Service/Repairs","Arena","Service","Query",NULL,"Service",NULL,True,"Range / SoC Related","Range related"
"3905","Business Area","Nexa","Service","Generic Query",NULL,NULL,NULL,True,"Telematics & Apps related","S-Connect related"
"3906","Business Area","Nexa","Service","Generic Query",NULL,NULL,NULL,True,"EV Functions / Features related",NULL
"3907","Business Area","Nexa","Service","Generic Query",NULL,NULL,NULL,True,"Maruti Suzuki App Related",NULL
"3908","Business Area","Nexa","Service","Generic Query",NULL,NULL,NULL,True,"Charging App Related",NULL
"3909","Business Area","Nexa","Service","Generic Query",NULL,NULL,NULL,True,"Charger Related",NULL
"3910","Business Area","Nexa","Service","Generic Query",NULL,NULL,NULL,True,"Charger Related","DC charger related"
"3911","Business Area","Nexa","Service","Generic Query",NULL,NULL,NULL,True,"Charger Related","3.3 kW charger not working"
"3912","Business Area","Nexa","Service","Generic Query",NULL,NULL,NULL,True,"Charger Related","7.2 kW charger not working"
"3913","Business Area","Nexa","Service","Generic Query",NULL,NULL,NULL,True,"Charging Related",NULL
"3914","Business Area","Nexa","Service","Generic Query",NULL,NULL,NULL,True,"Charging Related","Fast (DC) Charging not working"
"3915","Business Area","Nexa","Service","Generic Query",NULL,NULL,NULL,True,"Charging Related","Slow (AC) Charging not working"
"3916","Business Area","Nexa","Service","Generic Query",NULL,NULL,NULL,True,"Charging Related","Vehicle not charging with 7.2 kW Charger"
"3917","Business Area","Nexa","Service","Generic Query",NULL,NULL,NULL,True,"Charging Related","Vehicle not charging with 3.3 kW Charger"
"3918","Business Area","Nexa","Service","Generic Query",NULL,NULL,NULL,True,"Charging Related","Charging gun issue"
"3919","Business Area","Arena","Service","Generic Query",NULL,NULL,NULL,True,"Telematics & Apps related","S-Connect related"
"3920","Business Area","Arena","Service","Generic Query",NULL,NULL,NULL,True,"EV Functions / Features related",NULL
"3921","Business Area","Arena","Service","Generic Query",NULL,NULL,NULL,True,"Maruti Suzuki App Related",NULL
"3922","Business Area","Arena","Service","Generic Query",NULL,NULL,NULL,True,"Charging App Related",NULL
"3923","Business Area","Arena","Service","Generic Query",NULL,NULL,NULL,True,"Charger Related",NULL
"3924","Business Area","Arena","Service","Generic Query",NULL,NULL,NULL,True,"Charger Related","DC charger related"
"3925","Business Area","Arena","Service","Generic Query",NULL,NULL,NULL,True,"Charger Related","3.3 kW charger not working"
"3926","Business Area","Arena","Service","Generic Query",NULL,NULL,NULL,True,"Charger Related","7.2 kW charger not working"
"3927","Business Area","Arena","Service","Generic Query",NULL,NULL,NULL,True,"Charging Related",NULL
"3928","Business Area","Arena","Service","Generic Query",NULL,NULL,NULL,True,"Charging Related","Fast (DC) Charging not working"
"3929","Business Area","Arena","Service","Generic Query",NULL,NULL,NULL,True,"Charging Related","Slow (AC) Charging not working"
"3930","Business Area","Arena","Service","Generic Query",NULL,NULL,NULL,True,"Charging Related","Vehicle not charging with 7.2 kW Charger"
"3931","Business Area","Arena","Service","Generic Query",NULL,NULL,NULL,True,"Charging Related","Vehicle not charging with 3.3 kW Charger"
"3932","Business Area","Arena","Service","Generic Query",NULL,NULL,NULL,True,"Charging Related","Charging gun issue"
"3933","Workmanship - Service/Repairs","Arena","Service","Complaint",NULL,NULL,NULL,True,"Brake Issue","Hand Brake/Parking Brake/EPB Issue"
"3934","Product Complaints","Arena","Service","Complaint",NULL,NULL,NULL,True,"Brake Issue","Hand Brake/Parking Brake/EPB Issue"
"3935","Workmanship - Service/Repairs","Arena","Service","Query",NULL,"Service",NULL,True,"Brake Issue","Hand Brake/Parking Brake/EPB Issue"
"3936","Product Complaints","Arena","Service","Query",NULL,"Service",NULL,True,"Brake Issue","Hand Brake/Parking Brake/EPB Issue"
"3937","Workmanship - Service/Repairs","Nexa","Service","Complaint",NULL,NULL,NULL,True,"Brake Issue","Hand Brake/Parking Brake/EPB Issue"
"3938","Product Complaints","Nexa","Service","Complaint",NULL,NULL,NULL,True,"Brake Issue","Hand Brake/Parking Brake/EPB Issue"
"3939","Workmanship - Service/Repairs","Nexa","Service","Query",NULL,"Service",NULL,True,"Brake Issue","Hand Brake/Parking Brake/EPB Issue"
"3940","Product Complaints","Nexa","Service","Query",NULL,"Service",NULL,True,"Brake Issue","Hand Brake/Parking Brake/EPB Issue"
"3941","Workmanship - Service/Repairs","Commercial","Service","Complaint",NULL,NULL,NULL,True,"Brake Issue","Hand Brake/Parking Brake/EPB Issue"
"3942","Product Complaints","Commercial","Service","Complaint",NULL,NULL,NULL,True,"Brake Issue","Hand Brake/Parking Brake/EPB Issue"
"3943","Workmanship - Service/Repairs","Commercial","Service","Query",NULL,NULL,NULL,True,"Brake Issue","Hand Brake/Parking Brake/EPB Issue"
"3944","Product Complaints","Commercial","Service","Query",NULL,NULL,NULL,True,"Brake Issue","Hand Brake/Parking Brake/EPB Issue"
"824","Workmanship - Service/Repairs","Arena","Service","Complaint",NULL,NULL,NULL,False,"Brake Issue","Hand Brake/Parking Brake Issue"
"885","Product Complaints","Arena","Service","Complaint",NULL,NULL,NULL,False,"Brake Issue","Hand Brake/Parking Brake Issue"
"1023","Workmanship - Service/Repairs","Arena","Service","Query",NULL,"Service",NULL,False,"Brake Issue","Hand Brake/Parking Brake Issue"
"1084","Product Complaints","Arena","Service","Query",NULL,"Service",NULL,False,"Brake Issue","Hand Brake/Parking Brake Issue"
"1208","Workmanship - Service/Repairs","Nexa","Service","Complaint",NULL,NULL,NULL,False,"Brake Issue","Hand Brake/Parking Brake Issue"
"1270","Product Complaints","Nexa","Service","Complaint",NULL,NULL,NULL,False,"Brake Issue","Hand Brake/Parking Brake Issue"
"1408","Workmanship - Service/Repairs","Nexa","Service","Query",NULL,"Service",NULL,False,"Brake Issue","Hand Brake/Parking Brake Issue"
"1469","Product Complaints","Nexa","Service","Query",NULL,"Service",NULL,False,"Brake Issue","Hand Brake/Parking Brake Issue"
"1594","Workmanship - Service/Repairs","Commercial","Service","Complaint",NULL,NULL,NULL,False,"Brake Issue","Hand Brake/Parking Brake Issue"
"1655","Product Complaints","Commercial","Service","Complaint",NULL,NULL,NULL,False,"Brake Issue","Hand Brake/Parking Brake Issue"
"1855","Product Complaints","Commercial","Service","Query",NULL,NULL,NULL,False,"Brake Issue","Hand Brake/Parking Brake Issue"
"1794","Workmanship - Service/Repairs","Commercial","Service","Query",NULL,NULL,NULL,False,"Brake Issue","Hand Brake/Parking Brake Issue"
"1756","Service Booking Related","Commercial","Service","Query",NULL,NULL,NULL,True,"Car Servicing Charges",NULL
"1757","Service Booking Related","Commercial","Service","Query",NULL,NULL,NULL,True,"Non Availability of Spare Part in Particular Workshop",NULL
"1758","Service Booking Related","Commercial","Service","Query",NULL,NULL,NULL,True,"Retrofitment Charges",NULL
"1759","Service Booking Related","Commercial","Service","Query",NULL,NULL,NULL,True,"Retrofitment Procedure",NULL
"1760","Service Booking Related","Commercial","Service","Query",NULL,NULL,NULL,True,"Retrofitment Recertification",NULL
"1761","Service Booking Related","Commercial","Service","Query",NULL,NULL,NULL,True,"Service Booking Related",NULL
"1762","Service Booking Related","Commercial","Service","Query",NULL,NULL,NULL,True,"Servicing of CNG",NULL
"1763","Service Booking Related","Commercial","Service","Query",NULL,NULL,NULL,True,"Spare Part Availability",NULL
"1764","Service Booking Related","Commercial","Service","Query",NULL,NULL,NULL,True,"Spare Part Price",NULL
"1765","Service Booking Related","Commercial","Service","Query",NULL,NULL,NULL,True,"Wants Service from Particular Workshop",NULL
"1766","Service Booking Related","Commercial","Service","Query",NULL,NULL,NULL,True,"Workshop Details for Vehicle Service",NULL
"1767","Service Booking Related","Commercial","Service","Query",NULL,NULL,NULL,True,"Status of Open Complaint",NULL
"1768","Service Booking Related","Commercial","Service","Query",NULL,NULL,NULL,True,"Complaint Withdrawal",NULL
"1769","Service Booking Related","Commercial","Service","Query",NULL,NULL,NULL,True,"Service Camps",NULL
"1770","Service Booking Related","Commercial","Service","Query",NULL,NULL,NULL,True,"Service and Maintenance ",NULL
"1771","Service Booking Related","Commercial","Service","Query",NULL,NULL,NULL,True,"Retrofitments",NULL
"1772","Service Booking Related","Commercial","Service","Query",NULL,NULL,NULL,True,"Delivery Related",NULL
"1773","Service Booking Related","Commercial","Service","Query",NULL,NULL,NULL,True,"Workshop/MASS Details",NULL
"1774","Service Booking Related","Commercial","Service","Query",NULL,NULL,NULL,True,"Others",NULL
"1775","Workmanship Bodyshop","Commercial","Service","Query",NULL,NULL,NULL,True,"Vehicle Body Issue","Body Gaps After Bodyshop Repairs"
"1776","Workmanship Bodyshop","Commercial","Service","Query",NULL,NULL,NULL,True,"Vehicle Body Issue","Body Noise After Bodyshop Repairs"
"1777","Workmanship Bodyshop","Commercial","Service","Query",NULL,NULL,NULL,True,"Paint Issue","Paint Finish Not Okay After Body Repairs"
"1778","Workmanship Bodyshop","Commercial","Service","Query",NULL,NULL,NULL,True,"Paint Issue","Paint Mismatch After Body Repairs"
"1779","Workmanship Bodyshop","Commercial","Service","Query",NULL,NULL,NULL,True,"Paint Issue","Paint Peeling Off After Body Repairs"
"1780","Workmanship Bodyshop","Commercial","Service","Query",NULL,NULL,NULL,True,"Paint Issue","Paint Related Defect After Body Repairs"
"1781","Workmanship Bodyshop","Commercial","Service","Query",NULL,NULL,NULL,True,"Denting & Others","Rough Surface/Dent After Body Repairs"
"1782","Workmanship Bodyshop","Commercial","Service","Query",NULL,NULL,NULL,True,"Denting & Others","Rusting After Painting"
"1783","Workmanship Bodyshop","Commercial","Service","Query",NULL,NULL,NULL,True,"Denting & Others","Water Leakage After Bodyshop Repairs"
"1784","Workmanship Bodyshop","Commercial","Service","Query",NULL,NULL,NULL,True,"Denting & Others","Door Noise After Bodyshop Repairs"
"1785","Workmanship Bodyshop","Commercial","Service","Query",NULL,NULL,NULL,True,"Denting & Others","Foul Smell After Bodyshop Repairs"
"1786","Workmanship Bodyshop","Commercial","Service","Query",NULL,NULL,NULL,True,"Denting & Others","Others"
"1787","Workmanship - Service/Repairs","Commercial","Service","Query",NULL,NULL,NULL,True,"AC Issue","Ac Less Effective"
"1788","Workmanship - Service/Repairs","Commercial","Service","Query",NULL,NULL,NULL,True,"AC Issue","Ac Noise"
"1789","Workmanship - Service/Repairs","Commercial","Service","Query",NULL,NULL,NULL,True,"AC Issue","Ac Not Working"
"1790","Workmanship - Service/Repairs","Commercial","Service","Query",NULL,NULL,NULL,True,"Brake Issue","Brake Fluid Leakage"
"1791","Workmanship - Service/Repairs","Commercial","Service","Query",NULL,NULL,NULL,True,"Brake Issue","Brake Less Effective"
"1792","Workmanship - Service/Repairs","Commercial","Service","Query",NULL,NULL,NULL,True,"Brake Issue","Brake Noise/Vibration"
"1793","Workmanship - Service/Repairs","Commercial","Service","Query",NULL,NULL,NULL,True,"Brake Issue","Brake Pad Wear Off"
"1795","Workmanship - Service/Repairs","Commercial","Service","Query",NULL,NULL,NULL,True,"Brake Issue","Brake Pedal Hard"
"1796","Workmanship - Service/Repairs","Commercial","Service","Query",NULL,NULL,NULL,True,"Clutch Issue","Clutch Hard"
"1797","Workmanship - Service/Repairs","Commercial","Service","Query",NULL,NULL,NULL,True,"Clutch Issue","Clutch Noise"
"1798","Workmanship - Service/Repairs","Commercial","Service","Query",NULL,NULL,NULL,True,"Clutch Issue","Clutch Not Working"
"1799","Workmanship - Service/Repairs","Commercial","Service","Query",NULL,NULL,NULL,True,"Door Issue","Door Hard To Close"
"1800","Workmanship - Service/Repairs","Commercial","Service","Query",NULL,NULL,NULL,True,"Door Issue","Door Noise After Workshop Repairs"
"1801","Workmanship - Service/Repairs","Commercial","Service","Query",NULL,NULL,NULL,True,"Electrical Issue","Electrical  - Battery"
"1802","Workmanship - Service/Repairs","Commercial","Service","Query",NULL,NULL,NULL,True,"Electrical Issue","Electrical  - Fuses Related"
"1803","Workmanship - Service/Repairs","Commercial","Service","Query",NULL,NULL,NULL,True,"Electrical Issue","Electrical  - Head Light Not Working"
"1804","Workmanship - Service/Repairs","Commercial","Service","Query",NULL,NULL,NULL,True,"Electrical Issue","Electrical  - Horn Not Working"
"1805","Workmanship - Service/Repairs","Commercial","Service","Query",NULL,NULL,NULL,True,"Electrical Issue","Electrical  - Mil/Dashboard Light"
"1806","Workmanship - Service/Repairs","Commercial","Service","Query",NULL,NULL,NULL,True,"Electrical Issue","Electrical  - Others (Not Ac)"
"1807","Workmanship - Service/Repairs","Commercial","Service","Query",NULL,NULL,NULL,True,"Electrical Issue","Electrical  - Side Indicator Not Working"
"1808","Workmanship - Service/Repairs","Commercial","Service","Query",NULL,NULL,NULL,True,"Electrical Issue","Electrical  - Wiper Not Working"
"1809","Workmanship - Service/Repairs","Commercial","Service","Query",NULL,NULL,NULL,True,"Engine Issue","Engine High Oil Consumption"
"1810","Workmanship - Service/Repairs","Commercial","Service","Query",NULL,NULL,NULL,True,"Engine Issue","Engine Hydrostatic Lock"
"1811","Workmanship - Service/Repairs","Commercial","Service","Query",NULL,NULL,NULL,True,"Engine Issue","Engine Noise/Vibration"
"1812","Workmanship - Service/Repairs","Commercial","Service","Query",NULL,NULL,NULL,True,"Engine Issue","Engine Oil Leakage After Repair"
"1813","Workmanship - Service/Repairs","Commercial","Service","Query",NULL,NULL,NULL,True,"Engine Issue","Engine Overheating"
"1814","Workmanship - Service/Repairs","Commercial","Service","Query",NULL,NULL,NULL,True,"Engine Issue","Engine Stalling"
"1815","Workmanship - Service/Repairs","Commercial","Service","Query",NULL,NULL,NULL,True,"Gear Issue","Gear Lever Vibration"
"1816","Workmanship - Service/Repairs","Commercial","Service","Query",NULL,NULL,NULL,True,"Gear Issue","Gear Noise"
"1817","Workmanship - Service/Repairs","Commercial","Service","Query",NULL,NULL,NULL,True,"Gear Issue","Gear Shifting Hard"
"1818","Workmanship - Service/Repairs","Commercial","Service","Query",NULL,NULL,NULL,True,"Gear Issue","Gear Slippage"
"1819","Workmanship - Service/Repairs","Commercial","Service","Query",NULL,NULL,NULL,True,"Gear Issue","Glass Noise After Workshop Repairs"
"1820","Workmanship - Service/Repairs","Commercial","Service","Query",NULL,NULL,NULL,True,"Steering Issue","Steering Hard"
"1821","Workmanship - Service/Repairs","Commercial","Service","Query",NULL,NULL,NULL,True,"Steering Issue","Steering Noise"
"1822","Workmanship - Service/Repairs","Commercial","Service","Query",NULL,NULL,NULL,True,"Steering Issue","Steering Return Ability - Improper"
"1823","Workmanship - Service/Repairs","Commercial","Service","Query",NULL,NULL,NULL,True,"Suspension Issue","Suspension Hard"
"1824","Workmanship - Service/Repairs","Commercial","Service","Query",NULL,NULL,NULL,True,"Suspension Issue","Suspension Noise"
"1825","Workmanship - Service/Repairs","Commercial","Service","Query",NULL,NULL,NULL,True,"Tyre Issue","Tyre Burst/Swell"
"1826","Workmanship - Service/Repairs","Commercial","Service","Query",NULL,NULL,NULL,True,"Tyre Issue","Tyre Wear"
"1827","Workmanship - Service/Repairs","Commercial","Service","Query",NULL,NULL,NULL,True,"Wheel Issue","Wheel Alignment"
"1828","Workmanship - Service/Repairs","Commercial","Service","Query",NULL,NULL,NULL,True,"Wheel Issue","Wheel Wobbling"
"1829","Workmanship - Service/Repairs","Commercial","Service","Query",NULL,NULL,NULL,True,"Others","Audio System"
"1830","Workmanship - Service/Repairs","Commercial","Service","Query",NULL,NULL,NULL,True,"Others","Axle Noise"
"1831","Workmanship - Service/Repairs","Commercial","Service","Query",NULL,NULL,NULL,True,"Others","Body Noise After Workshop Repairs"
"1832","Workmanship - Service/Repairs","Commercial","Service","Query",NULL,NULL,NULL,True,"Others","Central Locking"
"1833","Workmanship - Service/Repairs","Commercial","Service","Query",NULL,NULL,NULL,True,"Others","Coolant Leakage After Repair"
"1834","Workmanship - Service/Repairs","Commercial","Service","Query",NULL,NULL,NULL,True,"Others","Fog Lamp"
"1835","Workmanship - Service/Repairs","Commercial","Service","Query",NULL,NULL,NULL,True,"Others","Foul Smell After Workshop Repairs"
"1836","Workmanship - Service/Repairs","Commercial","Service","Query",NULL,NULL,NULL,True,"Others","Fuel Leakage"
"1837","Workmanship - Service/Repairs","Commercial","Service","Query",NULL,NULL,NULL,True,"Others","Low Mileage"
"1838","Workmanship - Service/Repairs","Commercial","Service","Query",NULL,NULL,NULL,True,"Others","Low Pickup"
"1839","Workmanship - Service/Repairs","Commercial","Service","Query",NULL,NULL,NULL,True,"Others","Oil Leakage"
"1840","Workmanship - Service/Repairs","Commercial","Service","Query",NULL,NULL,NULL,True,"Others","Poor PDI"
"1841","Workmanship - Service/Repairs","Commercial","Service","Query",NULL,NULL,NULL,True,"Others","Poor Washing/Cleaning"
"1842","Workmanship - Service/Repairs","Commercial","Service","Query",NULL,NULL,NULL,True,"Others","Security System"
"1843","Workmanship - Service/Repairs","Commercial","Service","Query",NULL,NULL,NULL,True,"Others","Service/Repairs Not Done As Per Customer Satisfaction"
"1844","Workmanship - Service/Repairs","Commercial","Service","Query",NULL,NULL,NULL,True,"Others","Starting Problem"
"1845","Workmanship - Service/Repairs","Commercial","Service","Query",NULL,NULL,NULL,True,"Others","Vehicle Damage In Workshop/Misuse"
"1846","Workmanship - Service/Repairs","Commercial","Service","Query",NULL,NULL,NULL,True,"Others","Vehicle Pulling One Side"
"1847","Workmanship - Service/Repairs","Commercial","Service","Query",NULL,NULL,NULL,True,"Others","Others"
"1848","Product Complaints","Commercial","Service","Query",NULL,NULL,NULL,True,"AC Issue","Ac Less Effective"
"1849","Product Complaints","Commercial","Service","Query",NULL,NULL,NULL,True,"AC Issue","Ac Noise"
"1850","Product Complaints","Commercial","Service","Query",NULL,NULL,NULL,True,"AC Issue","Ac Not Working"
"1851","Product Complaints","Commercial","Service","Query",NULL,NULL,NULL,True,"Brake Issue","Brake Fluid Leakage"
"1852","Product Complaints","Commercial","Service","Query",NULL,NULL,NULL,True,"Brake Issue","Brake Less Effective"
"1853","Product Complaints","Commercial","Service","Query",NULL,NULL,NULL,True,"Brake Issue","Brake Noise/Vibration"
"1854","Product Complaints","Commercial","Service","Query",NULL,NULL,NULL,True,"Brake Issue","Brake Pad Wear"
"1856","Product Complaints","Commercial","Service","Query",NULL,NULL,NULL,True,"Brake Issue","Brake Pedal Hard"
"1857","Product Complaints","Commercial","Service","Query",NULL,NULL,NULL,True,"Clutch Issue","Clutch Hard"
"1858","Product Complaints","Commercial","Service","Query",NULL,NULL,NULL,True,"Clutch Issue","Clutch Noise"
"1859","Product Complaints","Commercial","Service","Query",NULL,NULL,NULL,True,"Clutch Issue","Clutch Not Working"
"1860","Product Complaints","Commercial","Service","Query",NULL,NULL,NULL,True,"Door Issue","Door Hard To Close"
"1861","Product Complaints","Commercial","Service","Query",NULL,NULL,NULL,True,"Door Issue","Door Noise Before Workshop Repairs"
"1862","Product Complaints","Commercial","Service","Query",NULL,NULL,NULL,True,"Electrical Issue","Electrical  - Battery"
"1863","Product Complaints","Commercial","Service","Query",NULL,NULL,NULL,True,"Electrical Issue","Electrical  - Head Light Not Working"
"1864","Product Complaints","Commercial","Service","Query",NULL,NULL,NULL,True,"Electrical Issue","Electrical  - Horn Not Working"
"1865","Product Complaints","Commercial","Service","Query",NULL,NULL,NULL,True,"Electrical Issue","Electrical  - Mil/Dashboard Light"
"1866","Product Complaints","Commercial","Service","Query",NULL,NULL,NULL,True,"Electrical Issue","Electrical  - Other (Not Ac)"
"1867","Product Complaints","Commercial","Service","Query",NULL,NULL,NULL,True,"Electrical Issue","Electrical  - Side Indicator Not Working"
"1868","Product Complaints","Commercial","Service","Query",NULL,NULL,NULL,True,"Electrical Issue","Electrical  - Wiper Not Working"
"1869","Product Complaints","Commercial","Service","Query",NULL,NULL,NULL,True,"Engine Issue","Engine High Oil Consumption"
"1870","Product Complaints","Commercial","Service","Query",NULL,NULL,NULL,True,"Engine Issue","Engine Hydrostatic Lock"
"1871","Product Complaints","Commercial","Service","Query",NULL,NULL,NULL,True,"Engine Issue","Engine Noise/Vibration"
"1872","Product Complaints","Commercial","Service","Query",NULL,NULL,NULL,True,"Engine Issue","Engine Overheating"
"1873","Product Complaints","Commercial","Service","Query",NULL,NULL,NULL,True,"Engine Issue","Engine Stalling"
"1874","Product Complaints","Commercial","Service","Query",NULL,NULL,NULL,True,"Gear Issue","Gear Lever Vibration"
"1875","Product Complaints","Commercial","Service","Query",NULL,NULL,NULL,True,"Gear Issue","Gear Noise"
"1876","Product Complaints","Commercial","Service","Query",NULL,NULL,NULL,True,"Gear Issue","Gear Shifting Hard"
"1877","Product Complaints","Commercial","Service","Query",NULL,NULL,NULL,True,"Gear Issue","Gear Slippage"
"1878","Product Complaints","Commercial","Service","Query",NULL,NULL,NULL,True,"Paint Issue","Paint - Any Other Paint Defect Before Workshop Repairs"
"1879","Product Complaints","Commercial","Service","Query",NULL,NULL,NULL,True,"Paint Issue","Paint Chipped Off Before Workshop Repairs"
"1880","Product Complaints","Commercial","Service","Query",NULL,NULL,NULL,True,"Paint Issue","Paint Finish Not Okay Before Workshop Repairs"
"1881","Product Complaints","Commercial","Service","Query",NULL,NULL,NULL,True,"Paint Issue","Paint Mismatch Before Workshop Repairs"
"1882","Product Complaints","Commercial","Service","Query",NULL,NULL,NULL,True,"Steering Issue","Steering Hard"
"1883","Product Complaints","Commercial","Service","Query",NULL,NULL,NULL,True,"Steering Issue","Steering Noise"
"1884","Product Complaints","Commercial","Service","Query",NULL,NULL,NULL,True,"Steering Issue","Steering Return Ability"
"1885","Product Complaints","Commercial","Service","Query",NULL,NULL,NULL,True,"Suspension Issue","Suspension Hard"
"1886","Product Complaints","Commercial","Service","Query",NULL,NULL,NULL,True,"Suspension Issue","Suspension Noise"
"1887","Product Complaints","Commercial","Service","Query",NULL,NULL,NULL,True,"Tyre Issue","Tyre Burst/Swell"
"1888","Product Complaints","Commercial","Service","Query",NULL,NULL,NULL,True,"Tyre Issue","Tyre Wear"
"1889","Product Complaints","Commercial","Service","Query",NULL,NULL,NULL,True,"Wheel Issue","Wheel Alignment"
"1890","Product Complaints","Commercial","Service","Query",NULL,NULL,NULL,True,"Wheel Issue","Wheel Wobbling"
"1891","Product Complaints","Commercial","Service","Query",NULL,NULL,NULL,True,"Body Issue","Body Gaps Before Workshop Repairs"
"1892","Product Complaints","Commercial","Service","Query",NULL,NULL,NULL,True,"Body Issue","Body Noise Before Workshop Repairs"
"1893","Product Complaints","Commercial","Service","Query",NULL,NULL,NULL,True,"Body Issue","Glass Noise Before Workshop Repairs"
"1894","Product Complaints","Commercial","Service","Query",NULL,NULL,NULL,True,"Body Issue","Rusting Defect Before Workshop Repairs"
"1895","Product Complaints","Commercial","Service","Query",NULL,NULL,NULL,True,"Body Issue","Water Leakage Before Workshop Repairs"
"1896","Product Complaints","Commercial","Service","Query",NULL,NULL,NULL,True,"Others","Vehicle Pulling One Side"
"1897","Product Complaints","Commercial","Service","Query",NULL,NULL,NULL,True,"Others","Accessory-(Like Seat, Rear Parking Sensor, Camera)"
"1898","Product Complaints","Commercial","Service","Query",NULL,NULL,NULL,True,"Others","Air Bag Not Deployed"
"1899","Product Complaints","Commercial","Service","Query",NULL,NULL,NULL,True,"Others","Audio System"
"1900","Product Complaints","Commercial","Service","Query",NULL,NULL,NULL,True,"Others","Axle Noise"
"1901","Product Complaints","Commercial","Service","Query",NULL,NULL,NULL,True,"Others","Central Locking"
"1902","Product Complaints","Commercial","Service","Query",NULL,NULL,NULL,True,"Others","Coolant Leakage"
"1903","Product Complaints","Commercial","Service","Query",NULL,NULL,NULL,True,"Others","Feedback Regarding Product Improvement"
"1904","Product Complaints","Commercial","Service","Query",NULL,NULL,NULL,True,"Others","Fog Lamp"
"1905","Product Complaints","Commercial","Service","Query",NULL,NULL,NULL,True,"Others","Foul Smell Before Workshop Repairs"
"1906","Product Complaints","Commercial","Service","Query",NULL,NULL,NULL,True,"Others","Fuel Leakage"
"1907","Product Complaints","Commercial","Service","Query",NULL,NULL,NULL,True,"Others","Low Mileage"
"1908","Product Complaints","Commercial","Service","Query",NULL,NULL,NULL,True,"Others","Low Pickup"
"1909","Product Complaints","Commercial","Service","Query",NULL,NULL,NULL,True,"Others","Oil Leakage"
"1910","Product Complaints","Commercial","Service","Query",NULL,NULL,NULL,True,"Others","Rat Entry / Bite"
"1911","Product Complaints","Commercial","Service","Query",NULL,NULL,NULL,True,"Others","Security System"
"1912","Product Complaints","Commercial","Service","Query",NULL,NULL,NULL,True,"Others","Starting Problem"
"1913","Product Complaints","Commercial","Service","Query",NULL,NULL,NULL,True,"Others","Locks & Key related"
"1914","Service Initiation","Commercial","Service","Query",NULL,NULL,NULL,True,"Vehicle Pickup & Drop Issue","Pickup & Drop Associate Came Late"
"1915","Service Initiation","Commercial","Service","Query",NULL,NULL,NULL,True,"Vehicle Pickup & Drop Issue","Pickup & Drop Associate Misbehaved"
"1916","Service Initiation","Commercial","Service","Query",NULL,NULL,NULL,True,"Vehicle Pickup & Drop Issue","Pickup & Drop Facility Not Given"
"1917","Service Initiation","Commercial","Service","Query",NULL,NULL,NULL,True,"Vehicle Pickup & Drop Issue","Pickup & Drop Vehicle Dropped Is Not Clean"
"1918","Service Initiation","Commercial","Service","Query",NULL,NULL,NULL,True,"Service Issue","Service Reminder Not Given"
"1919","Service Initiation","Commercial","Service","Query",NULL,NULL,NULL,True,"Others","Vehicle Not Attended As Per Appointment Date & Time"
"1920","Service Initiation","Commercial","Service","Query",NULL,NULL,NULL,True,"Others","Warranty Request/Rejection"
"1921","Service Initiation","Commercial","Service","Query",NULL,NULL,NULL,True,"Others","Workshop Facilities Are Not Proper"
"1922","Service Initiation","Commercial","Service","Query",NULL,NULL,NULL,True,"Others","Additional Jobs Not Explained/Permission Not Taken"
"1923","Service Initiation","Commercial","Service","Query",NULL,NULL,NULL,True,"Others","All Service Jobs Not Explained"
"1924","Service Initiation","Commercial","Service","Query",NULL,NULL,NULL,True,"Others","Cashless Facility Not Given"
"1925","Service Initiation","Commercial","Service","Query",NULL,NULL,NULL,True,"Others","Customer Not Attended"
"1926","Service Initiation","Commercial","Service","Query",NULL,NULL,NULL,True,"Others","Delivery Date/ Time Not Given"
"1927","Service Initiation","Commercial","Service","Query",NULL,NULL,NULL,True,"Others","Depreciation Not Explained"
"1928","Service Initiation","Commercial","Service","Query",NULL,NULL,NULL,True,"Others","Drop Facility Not Offered"
"1929","Service Initiation","Commercial","Service","Query",NULL,NULL,NULL,True,"Others","Item Lost During Service"
"1930","Service Initiation","Commercial","Service","Query",NULL,NULL,NULL,True,"Others","Job Card Opening Delayed"
"1931","Service Initiation","Commercial","Service","Query",NULL,NULL,NULL,True,"Others","Loaner Car Not Given"
"1932","Service Initiation","Commercial","Service","Query",NULL,NULL,NULL,True,"Others","Maruti App Improper Working"
"1933","Service Initiation","Commercial","Service","Query",NULL,NULL,NULL,True,"Others","MisBehavior"
"1934","Service Initiation","Commercial","Service","Query",NULL,NULL,NULL,True,"Others","MOS Response Not Ok"
"1935","Service Initiation","Commercial","Service","Query",NULL,NULL,NULL,True,"Others","Refreshments To Customer Not Offered"
"1936","Service Initiation","Commercial","Service","Query",NULL,NULL,NULL,True,"Others","Kms reading punched wrongly"
"1937","Service Initiation","Commercial","Service","Query",NULL,NULL,NULL,True,"Others","Job Card opened by non-visited workshop"
"1938","Service Initiation","Commercial","Service","Query",NULL,NULL,NULL,True,"Others","Others"
"1939","Service Delivery","Commercial","Service","Query",NULL,NULL,NULL,True,"Delay Issue","Delay In Deliver Due To Spares"
"1940","Service Delivery","Commercial","Service","Query",NULL,NULL,NULL,True,"Delay Issue","Delay In Delivery After Body Repairs"
"1941","Service Delivery","Commercial","Service","Query",NULL,NULL,NULL,True,"Delay Issue","Delay In Delivery After Service Repairs"
"1942","Service Delivery","Commercial","Service","Query",NULL,NULL,NULL,True,"Delay Issue","Delay In Service/Repairs Not Updated To Customer"
"1943","Service Delivery","Commercial","Service","Query",NULL,NULL,NULL,True,"Others","Details Of Job Carried Out Not Explained"
"1944","Service Delivery","Commercial","Service","Query",NULL,NULL,NULL,True,"Others","Demanded Repairs Not Completed"
"1945","Service Delivery","Commercial","Service","Query",NULL,NULL,NULL,True,"Others","Invoice Not Given To Customer"
"1946","Service Delivery","Commercial","Service","Query",NULL,NULL,NULL,True,"Others","Job Required In Future Not Explained"
"1947","Service Delivery","Commercial","Service","Query",NULL,NULL,NULL,True,"Others","MisBehavior"
"1948","Service Delivery","Commercial","Service","Query",NULL,NULL,NULL,True,"Others","Old Parts Not Returned"
"1949","Service Delivery","Commercial","Service","Query",NULL,NULL,NULL,True,"Others","Over Charging"
"1950","Service Delivery","Commercial","Service","Query",NULL,NULL,NULL,True,"Others","Road Test Not Conducted After Repairs"
"1951","Service Delivery","Commercial","Service","Query",NULL,NULL,NULL,True,"Others","Service Charges Not Explained To Customer"
"1952","Service Delivery","Commercial","Service","Query",NULL,NULL,NULL,True,"Others","Others"
"1953","Service Feedback","Commercial","Service","Feedback",NULL,NULL,NULL,True,"Workshop",NULL
"1954","Service Feedback","Commercial","Service","Feedback",NULL,NULL,NULL,True,"MASS",NULL
"1955","Service Feedback","Commercial","Service","Feedback",NULL,NULL,NULL,True,"True Value",NULL
"1956","Service Feedback","Commercial","Service","Feedback",NULL,NULL,NULL,True,"Others",NULL
"1957","Deal","True Value","True Value","Complaint","Buyer",NULL,NULL,True,"Price of The Car(Verbal)",NULL
"1958","Deal","True Value","True Value","Complaint","Buyer",NULL,NULL,True,"Price of The Car(Written)",NULL
"1959","Deal","True Value","True Value","Complaint","Buyer",NULL,NULL,True,"Deal Not Explained (Exchange Bonus/Price etc)",NULL
"1960","Deal","True Value","True Value","Complaint","Buyer",NULL,NULL,True,"Deal Not Adhered (False Commitment)",NULL
"1961","Deal","True Value","True Value","Complaint","Buyer",NULL,NULL,True,"Part/Component Missing(Eg: Spare Wheel, Speaker, Audio System, etc)",NULL
"1962","RC Transfer Delay","True Value","True Value","Complaint","Buyer",NULL,NULL,True,"RC Not Received (Buyer)",NULL
"1963","RC Transfer Delay","True Value","True Value","Complaint","Buyer",NULL,NULL,True,"RC Not Transferred (Seller)",NULL
"1964","Refund Issue","True Value","True Value","Complaint","Buyer",NULL,NULL,True,"Non-Refund of Security",NULL
"1965","Refund Issue","True Value","True Value","Complaint","Buyer",NULL,NULL,True,"Non-Refund of Vehicle Price",NULL
"1966","Bank NOC Issue","True Value","True Value","Complaint","Buyer",NULL,NULL,True,"NOC Not Issued",NULL
"1967","Bank NOC Issue","True Value","True Value","Complaint","Buyer",NULL,NULL,True,"NOC Not Provided",NULL
"1968","Bank NOC Issue","True Value","True Value","Complaint","Buyer",NULL,NULL,True,"Wrong NOC Issued",NULL
"1969","RTO NOC Issue","True Value","True Value","Complaint","Buyer",NULL,NULL,True,"NOC Not Issued",NULL
"1970","RTO NOC Issue","True Value","True Value","Complaint","Buyer",NULL,NULL,True,"NOC Not Provided",NULL
"1971","RTO NOC Issue","True Value","True Value","Complaint","Buyer",NULL,NULL,True,"Wrong NOC Issued",NULL
"1972","RTO NOC Issue","True Value","True Value","Complaint","Buyer",NULL,NULL,True,"Other Party Present Pending",NULL
"1973","Document Issue","True Value","True Value","Complaint","Buyer",NULL,NULL,True,"Service Booklet/Owner Manual Not Received",NULL
"1974","Document Issue","True Value","True Value","Complaint","Buyer",NULL,NULL,True,"Transferred Insurance Not Received",NULL
"1975","Document Issue","True Value","True Value","Complaint","Buyer",NULL,NULL,True,"Any Other Paperwork Issue",NULL
"1976","Over Promise","True Value","True Value","Complaint","Buyer",NULL,NULL,True,"False Commitment (Verbal)",NULL
"1977","Over Promise","True Value","True Value","Complaint","Buyer",NULL,NULL,True,"False Commitment (Written)",NULL
"1978","Over Promise","True Value","True Value","Complaint","Buyer",NULL,NULL,True,"Commitment Not Delivered (Verbal)",NULL
"1979","Over Promise","True Value","True Value","Complaint","Buyer",NULL,NULL,True,"Commitment Not Delivered (Written)",NULL
"1980","Service Issue","True Value","True Value","Complaint","Buyer",NULL,NULL,True,"Warranty (Verbal)",NULL
"1981","Service Issue","True Value","True Value","Complaint","Buyer",NULL,NULL,True,"Warranty (Written)",NULL
"1982","Service Issue","True Value","True Value","Complaint","Buyer",NULL,NULL,True,"Free Service (Verbal)",NULL
"1983","Service Issue","True Value","True Value","Complaint","Buyer",NULL,NULL,True,"Free Service (Written)",NULL
"1984","Service Issue","True Value","True Value","Complaint","Buyer",NULL,NULL,True,"Service Related (Verbal)",NULL
"1985","Service Issue","True Value","True Value","Complaint","Buyer",NULL,NULL,True,"Service Related (Written)",NULL
"1986","Meter Tempering Issue","True Value","True Value","Complaint","Buyer",NULL,NULL,True,"Meter Tempering Issue (Verbal)",NULL
"1987","Meter Tempering Issue","True Value","True Value","Complaint","Buyer",NULL,NULL,True,"Meter Tempering Issue (Written)",NULL
"1988","Warranty Issue","True Value","True Value","Complaint","Buyer",NULL,NULL,True,"Warranty Certificate Not Issued",NULL
"1989","Warranty Issue","True Value","True Value","Complaint","Buyer",NULL,NULL,True,"Warranty Not Approved",NULL
"1990","Quality Issue","True Value","True Value","Complaint","Buyer",NULL,NULL,True,"Engine Issue",NULL
"1991","Quality Issue","True Value","True Value","Complaint","Buyer",NULL,NULL,True,"Battery",NULL
"1992","Quality Issue","True Value","True Value","Complaint","Buyer",NULL,NULL,True,"Tire Condition",NULL
"1993","Quality Issue","True Value","True Value","Complaint","Buyer",NULL,NULL,True,"Clutch",NULL
"1994","Quality Issue","True Value","True Value","Complaint","Buyer",NULL,NULL,True,"SRS/Safety Systems",NULL
"1995","Quality Issue","True Value","True Value","Complaint","Buyer",NULL,NULL,True,"AC",NULL
"1996","Quality Issue","True Value","True Value","Complaint","Buyer",NULL,NULL,True,"Meter Tempering",NULL
"1997","2nd key Issue","True Value","True Value","Complaint","Buyer",NULL,NULL,True,"2nd Key Not Provided",NULL
"1998","2nd key Issue","True Value","True Value","Complaint","Buyer",NULL,NULL,True,"2nd Key Mismatch",NULL
"1999","Behavior Issue","True Value","True Value","Complaint","Buyer",NULL,NULL,True,"Verbal Behavior",NULL
"2000","Behavior Issue","True Value","True Value","Complaint","Buyer",NULL,NULL,True,"Written Behavior",NULL
"2001","Transaction Issue","True Value","True Value","Complaint","Buyer",NULL,NULL,True,"Booking Cancellation",NULL
"2002","Transaction Issue","True Value","True Value","Complaint","Buyer",NULL,NULL,True,"Website Stock Mismatch",NULL
"2003","Deal","True Value","True Value","Complaint","Seller",NULL,NULL,True,"Price of The Car(Verbal)",NULL
"2004","Deal","True Value","True Value","Complaint","Seller",NULL,NULL,True,"Price of The Car(Written)",NULL
"2005","Deal","True Value","True Value","Complaint","Seller",NULL,NULL,True,"Deal Not Explained (Exchange Bonus/Price etc)",NULL
"2006","Deal","True Value","True Value","Complaint","Seller",NULL,NULL,True,"Deal Not Adhered (False Commitment)",NULL
"2007","Deal","True Value","True Value","Complaint","Seller",NULL,NULL,True,"Part/Component Missing(Eg: Spare Wheel, Speaker, Audio System, etc)",NULL
"2008","RC Transfer Delay","True Value","True Value","Complaint","Seller",NULL,NULL,True,"RC Not Received (Buyer)",NULL
"2009","RC Transfer Delay","True Value","True Value","Complaint","Seller",NULL,NULL,True,"RC Not Transferred (Seller)",NULL
"2010","Refund Issue","True Value","True Value","Complaint","Seller",NULL,NULL,True,"Non-Refund of Security",NULL
"2011","Refund Issue","True Value","True Value","Complaint","Seller",NULL,NULL,True,"Non-Refund of Vehicle Price",NULL
"2012","Bank NOC Issue","True Value","True Value","Complaint","Seller",NULL,NULL,True,"NOC Not Issued",NULL
"2013","Bank NOC Issue","True Value","True Value","Complaint","Seller",NULL,NULL,True,"NOC Not Provided",NULL
"2014","Bank NOC Issue","True Value","True Value","Complaint","Seller",NULL,NULL,True,"Wrong NOC Issued",NULL
"2015","RTO NOC Issue","True Value","True Value","Complaint","Seller",NULL,NULL,True,"NOC Not Issued",NULL
"2016","RTO NOC Issue","True Value","True Value","Complaint","Seller",NULL,NULL,True,"NOC Not Provided",NULL
"2017","RTO NOC Issue","True Value","True Value","Complaint","Seller",NULL,NULL,True,"Wrong NOC Issued",NULL
"2018","RTO NOC Issue","True Value","True Value","Complaint","Seller",NULL,NULL,True,"Other Party Present Pending",NULL
"2019","Document Issue","True Value","True Value","Complaint","Seller",NULL,NULL,True,"Service Booklet/Owner Manual Not Received",NULL
"2020","Document Issue","True Value","True Value","Complaint","Seller",NULL,NULL,True,"Transferred Insurance Not Received",NULL
"2021","Document Issue","True Value","True Value","Complaint","Seller",NULL,NULL,True,"Any Other Paperwork Issue",NULL
"2022","Over Promise","True Value","True Value","Complaint","Seller",NULL,NULL,True,"False Commitment (Verbal)",NULL
"2023","Over Promise","True Value","True Value","Complaint","Seller",NULL,NULL,True,"False Commitment (Written)",NULL
"2024","Over Promise","True Value","True Value","Complaint","Seller",NULL,NULL,True,"Commitment Not Delivered (Verbal)",NULL
"2025","Over Promise","True Value","True Value","Complaint","Seller",NULL,NULL,True,"Commitment Not Delivered (Written)",NULL
"2026","Service Issue","True Value","True Value","Complaint","Seller",NULL,NULL,True,"Warranty (Verbal)",NULL
"2027","Service Issue","True Value","True Value","Complaint","Seller",NULL,NULL,True,"Warranty (Written)",NULL
"2028","Service Issue","True Value","True Value","Complaint","Seller",NULL,NULL,True,"Free Service (Verbal)",NULL
"2029","Service Issue","True Value","True Value","Complaint","Seller",NULL,NULL,True,"Free Service (Written)",NULL
"2030","Service Issue","True Value","True Value","Complaint","Seller",NULL,NULL,True,"Service Related (Verbal)",NULL
"2031","Service Issue","True Value","True Value","Complaint","Seller",NULL,NULL,True,"Service Related (Written)",NULL
"2032","Meter Tempering Issue","True Value","True Value","Complaint","Seller",NULL,NULL,True,"Meter Tempering Issue (Verbal)",NULL
"2033","Meter Tempering Issue","True Value","True Value","Complaint","Seller",NULL,NULL,True,"Meter Tempering Issue (Written)",NULL
"2034","Warranty Issue","True Value","True Value","Complaint","Seller",NULL,NULL,True,"Warranty Certificate Not Issued",NULL
"2035","Warranty Issue","True Value","True Value","Complaint","Seller",NULL,NULL,True,"Warranty Not Approved",NULL
"2036","Quality Issue","True Value","True Value","Complaint","Seller",NULL,NULL,True,"Engine Issue",NULL
"2037","Quality Issue","True Value","True Value","Complaint","Seller",NULL,NULL,True,"Battery",NULL
"2038","Quality Issue","True Value","True Value","Complaint","Seller",NULL,NULL,True,"Tire Condition",NULL
"2039","Quality Issue","True Value","True Value","Complaint","Seller",NULL,NULL,True,"Clutch",NULL
"2040","Quality Issue","True Value","True Value","Complaint","Seller",NULL,NULL,True,"SRS/Safety Systems",NULL
"2041","Quality Issue","True Value","True Value","Complaint","Seller",NULL,NULL,True,"AC",NULL
"2042","Quality Issue","True Value","True Value","Complaint","Seller",NULL,NULL,True,"Meter Tempering",NULL
"2043","2nd key Issue","True Value","True Value","Complaint","Seller",NULL,NULL,True,"2nd Key Not Provided",NULL
"2044","2nd key Issue","True Value","True Value","Complaint","Seller",NULL,NULL,True,"2nd Key Mismatch",NULL
"2045","Behavior Issue","True Value","True Value","Complaint","Seller",NULL,NULL,True,"Verbal Behavior",NULL
"2046","Behavior Issue","True Value","True Value","Complaint","Seller",NULL,NULL,True,"Written Behavior",NULL
"2047","Transaction Issue","True Value","True Value","Complaint","Seller",NULL,NULL,True,"Booking Cancellation",NULL
"2048","Transaction Issue","True Value","True Value","Complaint","Seller",NULL,NULL,True,"Website Stock Mismatch",NULL
"2049","Deal","True Value","True Value","Complaint","Exchange",NULL,NULL,True,"Price of The Car(Verbal)",NULL
"2050","Deal","True Value","True Value","Complaint","Exchange",NULL,NULL,True,"Price of The Car(Written)",NULL
"2051","Deal","True Value","True Value","Complaint","Exchange",NULL,NULL,True,"Deal Not Explained (Exchange Bonus/Price etc)",NULL
"2052","Deal","True Value","True Value","Complaint","Exchange",NULL,NULL,True,"Deal Not Adhered (False Commitment)",NULL
"2053","Deal","True Value","True Value","Complaint","Exchange",NULL,NULL,True,"Part/Component Missing(Eg: Spare Wheel, Speaker, Audio System, etc)",NULL
"2054","RC Transfer Delay","True Value","True Value","Complaint","Exchange",NULL,NULL,True,"RC Not Received (Buyer)",NULL
"2055","RC Transfer Delay","True Value","True Value","Complaint","Exchange",NULL,NULL,True,"RC Not Transferred (Seller)",NULL
"2056","Refund Issue","True Value","True Value","Complaint","Exchange",NULL,NULL,True,"Non-Refund of Security",NULL
"2057","Refund Issue","True Value","True Value","Complaint","Exchange",NULL,NULL,True,"Non-Refund of Vehicle Price",NULL
"2058","Bank NOC Issue","True Value","True Value","Complaint","Exchange",NULL,NULL,True,"NOC Not Issued",NULL
"2059","Bank NOC Issue","True Value","True Value","Complaint","Exchange",NULL,NULL,True,"NOC Not Provided",NULL
"2060","Bank NOC Issue","True Value","True Value","Complaint","Exchange",NULL,NULL,True,"Wrong NOC Issued",NULL
"2061","RTO NOC Issue","True Value","True Value","Complaint","Exchange",NULL,NULL,True,"NOC Not Issued",NULL
"2062","RTO NOC Issue","True Value","True Value","Complaint","Exchange",NULL,NULL,True,"NOC Not Provided",NULL
"2063","RTO NOC Issue","True Value","True Value","Complaint","Exchange",NULL,NULL,True,"Wrong NOC Issued",NULL
"2064","RTO NOC Issue","True Value","True Value","Complaint","Exchange",NULL,NULL,True,"Other Party Present Pending",NULL
"2065","Document Issue","True Value","True Value","Complaint","Exchange",NULL,NULL,True,"Service Booklet/Owner Manual Not Received",NULL
"2066","Document Issue","True Value","True Value","Complaint","Exchange",NULL,NULL,True,"Transferred Insurance Not Received",NULL
"2067","Document Issue","True Value","True Value","Complaint","Exchange",NULL,NULL,True,"Any Other Paperwork Issue",NULL
"2068","Over Promise","True Value","True Value","Complaint","Exchange",NULL,NULL,True,"False Commitment (Verbal)",NULL
"2069","Over Promise","True Value","True Value","Complaint","Exchange",NULL,NULL,True,"False Commitment (Written)",NULL
"2070","Over Promise","True Value","True Value","Complaint","Exchange",NULL,NULL,True,"Commitment Not Delivered (Verbal)",NULL
"2071","Over Promise","True Value","True Value","Complaint","Exchange",NULL,NULL,True,"Commitment Not Delivered (Written)",NULL
"2072","Service Issue","True Value","True Value","Complaint","Exchange",NULL,NULL,True,"Warranty (Verbal)",NULL
"2073","Service Issue","True Value","True Value","Complaint","Exchange",NULL,NULL,True,"Warranty (Written)",NULL
"2074","Service Issue","True Value","True Value","Complaint","Exchange",NULL,NULL,True,"Free Service (Verbal)",NULL
"2075","Service Issue","True Value","True Value","Complaint","Exchange",NULL,NULL,True,"Free Service (Written)",NULL
"2076","Service Issue","True Value","True Value","Complaint","Exchange",NULL,NULL,True,"Service Related (Verbal)",NULL
"2077","Service Issue","True Value","True Value","Complaint","Exchange",NULL,NULL,True,"Service Related (Written)",NULL
"2078","Meter Tempering Issue","True Value","True Value","Complaint","Exchange",NULL,NULL,True,"Meter Tempering Issue (Verbal)",NULL
"2079","Meter Tempering Issue","True Value","True Value","Complaint","Exchange",NULL,NULL,True,"Meter Tempering Issue (Written)",NULL
"2080","Warranty Issue","True Value","True Value","Complaint","Exchange",NULL,NULL,True,"Warranty Certificate Not Issued",NULL
"2081","Warranty Issue","True Value","True Value","Complaint","Exchange",NULL,NULL,True,"Warranty Not Approved",NULL
"2082","Quality Issue","True Value","True Value","Complaint","Exchange",NULL,NULL,True,"Engine Issue",NULL
"2083","Quality Issue","True Value","True Value","Complaint","Exchange",NULL,NULL,True,"Battery",NULL
"2084","Quality Issue","True Value","True Value","Complaint","Exchange",NULL,NULL,True,"Tire Condition",NULL
"2085","Quality Issue","True Value","True Value","Complaint","Exchange",NULL,NULL,True,"Clutch",NULL
"2086","Quality Issue","True Value","True Value","Complaint","Exchange",NULL,NULL,True,"SRS/Safety Systems",NULL
"2087","Quality Issue","True Value","True Value","Complaint","Exchange",NULL,NULL,True,"AC",NULL
"2088","Quality Issue","True Value","True Value","Complaint","Exchange",NULL,NULL,True,"Meter Tempering",NULL
"2089","Quality Issue","True Value","True Value","Complaint","Exchange",NULL,NULL,True,"Others (Specify) - Options to Choose Multiple Issues",NULL
"2090","2nd key Issue","True Value","True Value","Complaint","Exchange",NULL,NULL,True,"2nd Key Not Provided",NULL
"2091","2nd key Issue","True Value","True Value","Complaint","Exchange",NULL,NULL,True,"2nd Key Mismatch",NULL
"2092","Behavior Issue","True Value","True Value","Complaint","Exchange",NULL,NULL,True,"Verbal Behavior",NULL
"2093","Behavior Issue","True Value","True Value","Complaint","Exchange",NULL,NULL,True,"Written Behavior",NULL
"2094","Transaction Issue","True Value","True Value","Complaint","Exchange",NULL,NULL,True,"Booking Cancellation",NULL
"2095","Transaction Issue","True Value","True Value","Complaint","Exchange",NULL,NULL,True,"Website Stock Mismatch",NULL
"3383","MSR - Issue With Dealer","True Value","Accessories","Query",NULL,"Maruti Suzuki Rewards",NULL,True,"Dealer Related","Not Informed About The Program"
"3384","MSR Points","True Value","Accessories","Feedback",NULL,"Maruti Suzuki Rewards",NULL,True,"Points Related","Points Not Redeemed"
"3385","MSR Points","True Value","Accessories","Query",NULL,"Maruti Suzuki Rewards",NULL,True,"Points Related","Points Not Redeemed"
"3386","Accessories","True Value","Accessories","Query",NULL,"Accessories",NULL,True,"Other",NULL
"3387","Sales Feedback","True Value","Accessories","Feedback",NULL,"Accessories",NULL,True,"Other",NULL
"3388","Accessories","True Value","Accessories","Query",NULL,"Accessories",NULL,True,"Accessories Finance",NULL
"3389","Accessories","True Value","Accessories","Query",NULL,"Accessories",NULL,True,"Accessories Insurance",NULL
"3390","Accessories","True Value","Accessories","Query",NULL,"Accessories",NULL,True,"Warranty",NULL
"3391","Accessories","True Value","Accessories","Query",NULL,"Accessories",NULL,True,"Replacement",NULL
"3392","Accessories","True Value","Accessories","Query",NULL,"Accessories",NULL,True,"Availability",NULL
"3393","Accessories","True Value","Accessories","Query",NULL,"Accessories",NULL,True,"Accessories Information",NULL
"3394","Accessories","True Value","Accessories","Query",NULL,"Accessories",NULL,True,"Accessories Pricing ",NULL
"3395","Accessories","True Value","Accessories","Query",NULL,"Accessories",NULL,True,"Accessories Quality Related",NULL
"3396","Others","True Value","Accessories","Feedback",NULL,"Accessories",NULL,False,"Others",NULL
"3397","Others","True Value","Accessories","Query",NULL,"Accessories",NULL,False,"Others",NULL
"2162","Sales Feedback","Commercial","Accessories","Feedback",NULL,NULL,NULL,True,"Other",NULL
"2163","Sales Feedback","True Value","Accessories","Feedback",NULL,NULL,NULL,True,"Other",NULL
"2164","Accessories","Arena","Accessories","Complaint","Post Sales Complaint",NULL,NULL,True,"Accessories Quality Related",NULL
"2165","Accessories","Nexa","Accessories","Complaint","Post Sales Complaint",NULL,NULL,True,"Accessories Quality Related",NULL
"2166","Accessories","Commercial","Accessories","Complaint","Post Sales Complaint",NULL,NULL,True,"Accessories Quality Related",NULL
"2167","Accessories","True Value","Accessories","Complaint","Post Sales Complaint",NULL,NULL,True,"Accessories Quality Related",NULL
"2168","Accessories","Arena","Accessories","Complaint","Pre Sales Complaint",NULL,NULL,True,"Accessories Quality Related",NULL
"2169","Accessories","Nexa","Accessories","Complaint","Pre Sales Complaint",NULL,NULL,True,"Accessories Quality Related",NULL
"2170","Accessories","Commercial","Accessories","Complaint","Pre Sales Complaint",NULL,NULL,True,"Accessories Quality Related",NULL
"2171","Accessories","True Value","Accessories","Complaint","Pre Sales Complaint",NULL,NULL,True,"Accessories Quality Related",NULL
"2190","Accessories","Commercial","Accessories","Query",NULL,NULL,NULL,True,"Accessories Pricing ",NULL
"2191","Accessories","Commercial","Accessories","Query",NULL,NULL,NULL,True,"Accessories Information",NULL
"2192","Accessories","Commercial","Accessories","Query",NULL,NULL,NULL,True,"Availability",NULL
"2193","Accessories","Commercial","Accessories","Query",NULL,NULL,NULL,True,"Replacement",NULL
"2194","Accessories","Commercial","Accessories","Query",NULL,NULL,NULL,True,"Warranty",NULL
"2195","Accessories","Commercial","Accessories","Query",NULL,NULL,NULL,True,"Accessories Insurance",NULL
"2196","Accessories","Commercial","Accessories","Query",NULL,NULL,NULL,True,"Accessories Finance",NULL
"2197","Accessories","Commercial","Accessories","Query",NULL,NULL,NULL,True,"Accessories Quality Related",NULL
"2198","Accessories","Commercial","Accessories","Query",NULL,NULL,NULL,True,"Other",NULL
"2199","Accessories","True Value","Accessories","Query",NULL,NULL,NULL,True,"Accessories Pricing ",NULL
"2200","Accessories","True Value","Accessories","Query",NULL,NULL,NULL,True,"Accessories Information",NULL
"2201","Accessories","True Value","Accessories","Query",NULL,NULL,NULL,True,"Availability",NULL
"2202","Accessories","True Value","Accessories","Query",NULL,NULL,NULL,True,"Replacement",NULL
"2203","Accessories","True Value","Accessories","Query",NULL,NULL,NULL,True,"Warranty",NULL
"2204","Accessories","True Value","Accessories","Query",NULL,NULL,NULL,True,"Accessories Insurance",NULL
"2205","Accessories","True Value","Accessories","Query",NULL,NULL,NULL,True,"Accessories Finance",NULL
"2206","Accessories","True Value","Accessories","Query",NULL,NULL,NULL,True,"Accessories Quality Related",NULL
"2207","Accessories","True Value","Accessories","Query",NULL,NULL,NULL,True,"Other",NULL
"2208","Product Complaint","Arena","Suzuki Connect","Complaint","Post Sales Complaint",NULL,"Gen 2",True,"Unable to Login - Device Not Activated","Validation Error! TCU is Not Active Yet Error Popup"
"2209","Product Complaint","Arena","Suzuki Connect","Complaint","Post Sales Complaint",NULL,"Gen 2",True,"Unable to Login - Device Not Activated","No TCU has been sold for this VIN error message is showing during enrollment"
"2210","Product Complaint","Arena","Suzuki Connect","Complaint","Post Sales Complaint",NULL,"Gen 2",True,"Unable to Login - Device Not Activated","During Login in Mobile app Error is Showing ""Error! Please Try Again Later!"""
"2211","Product Complaint","Arena","Suzuki Connect","Complaint","Post Sales Complaint",NULL,"Gen 2",True,"Unable to Login - Device Not Activated","While Sign in error shows :(Invalid token error)"
"2212","Product Complaint","Arena","Suzuki Connect","Complaint","Post Sales Complaint",NULL,"Gen 2",True,"Unable to Login - Device Not Activated","Others"
"2213","Product Complaint","Arena","Suzuki Connect","Complaint","Post Sales Complaint",NULL,"Gen 2",True,"Unable to Login - Incorrect Mobile Number","Invalid Mobile Number Updated in DMS"
"2214","Product Complaint","Arena","Suzuki Connect","Complaint","Post Sales Complaint",NULL,"Gen 2",True,"Unable to Login - Incorrect Mobile Number","Mobile Number in TCU Number is Incorrect"
"2215","Product Complaint","Arena","Suzuki Connect","Complaint","Post Sales Complaint",NULL,"Gen 2",True,"Unable to Login - Incorrect Mobile Number","Mobile Number in TCU Number is Blank"
"2216","Product Complaint","Arena","Suzuki Connect","Complaint","Post Sales Complaint",NULL,"Gen 2",True,"Unable to Login - Incorrect Mobile Number","OTP Not Received"
"2217","Product Complaint","Arena","Suzuki Connect","Complaint","Post Sales Complaint",NULL,"Gen 2",True,"Unable to Login - Incorrect Mobile Number","Activation Message Not Received"
"2218","Product Complaint","Arena","Suzuki Connect","Complaint","Post Sales Complaint",NULL,"Gen 2",True,"Unable to Login - Incorrect Mobile Number","Others"
"2219","Product Complaint","Arena","Suzuki Connect","Complaint","Post Sales Complaint",NULL,"Gen 2",True,"App Not Updating","Connectivity Lost Message Display on Mobile App"
"2220","Product Complaint","Arena","Suzuki Connect","Complaint","Post Sales Complaint",NULL,"Gen 2",True,"App Not Updating","Others"
"2221","Product Complaint","Arena","Suzuki Connect","Complaint","Post Sales Complaint",NULL,"Gen 2",True,"Location Not Getting Updated","Connectivity Lost Message Display on Mobile App"
"2222","Product Complaint","Arena","Suzuki Connect","Complaint","Post Sales Complaint",NULL,"Gen 2",True,"Location Not Getting Updated","Service Connected Display in Cluster assy MID"
"2223","Product Complaint","Arena","Suzuki Connect","Complaint","Post Sales Complaint",NULL,"Gen 2",True,"Location Not Getting Updated","Others"
"2224","Product Complaint","Arena","Suzuki Connect","Complaint","Post Sales Complaint",NULL,"Gen 2",True,"Trips Not Generating","Connectivity Lost Message Display on Mobile App"
"2225","Product Complaint","Arena","Suzuki Connect","Complaint","Post Sales Complaint",NULL,"Gen 2",True,"Trips Not Generating","Service Connected Display in Cluster assy MID"
"2226","Product Complaint","Arena","Suzuki Connect","Complaint","Post Sales Complaint",NULL,"Gen 2",True,"Trips Not Generating","Others"
"2227","Product Complaint","Arena","Suzuki Connect","Complaint","Post Sales Complaint",NULL,"Gen 2",True,"Trip is Missing","Single Trip is Missing"
"2228","Product Complaint","Arena","Suzuki Connect","Complaint","Post Sales Complaint",NULL,"Gen 2",True,"Trip is Missing","Multiple Trips are Missing"
"2229","Product Complaint","Arena","Suzuki Connect","Complaint","Post Sales Complaint",NULL,"Gen 2",True,"Trip is Missing","Others"
"2230","Product Complaint","Arena","Suzuki Connect","Complaint","Post Sales Complaint",NULL,"Gen 2",True,"Unable to Perform Remote Operations","Vehicle Health"
"2231","Product Complaint","Arena","Suzuki Connect","Complaint","Post Sales Complaint",NULL,"Gen 2",True,"Unable to Perform Remote Operations","Hazard Light"
"2232","Product Complaint","Arena","Suzuki Connect","Complaint","Post Sales Complaint",NULL,"Gen 2",True,"Unable to Perform Remote Operations","Car Lock"
"2233","Product Complaint","Arena","Suzuki Connect","Complaint","Post Sales Complaint",NULL,"Gen 2",True,"Unable to Perform Remote Operations","Car Unlock"
"2234","Product Complaint","Arena","Suzuki Connect","Complaint","Post Sales Complaint",NULL,"Gen 2",True,"Unable to Perform Remote Operations","Alarm On"
"2235","Product Complaint","Arena","Suzuki Connect","Complaint","Post Sales Complaint",NULL,"Gen 2",True,"Unable to Perform Remote Operations","Lead Battery"
"2236","Product Complaint","Arena","Suzuki Connect","Complaint","Post Sales Complaint",NULL,"Gen 2",True,"Unable to Perform Remote Operations","Remote AC"
"2237","Product Complaint","Arena","Suzuki Connect","Complaint","Post Sales Complaint",NULL,"Gen 2",True,"Unable to Perform Remote Operations","Others"
"2238","Product Complaint","Arena","Suzuki Connect","Complaint","Post Sales Complaint",NULL,"Gen 2",True,"Alert Notification/SMS/Mail Not Received","Tow Away"
"2239","Product Complaint","Arena","Suzuki Connect","Complaint","Post Sales Complaint",NULL,"Gen 2",True,"Alert Notification/SMS/Mail Not Received","Intrusion"
"2240","Product Complaint","Arena","Suzuki Connect","Complaint","Post Sales Complaint",NULL,"Gen 2",True,"Alert Notification/SMS/Mail Not Received","Breakdown"
"2241","Product Complaint","Arena","Suzuki Connect","Complaint","Post Sales Complaint",NULL,"Gen 2",True,"Alert Notification/SMS/Mail Not Received","Geofence"
"2242","Product Complaint","Arena","Suzuki Connect","Complaint","Post Sales Complaint",NULL,"Gen 2",True,"Alert Notification/SMS/Mail Not Received","Valet Alert"
"2243","Product Complaint","Arena","Suzuki Connect","Complaint","Post Sales Complaint",NULL,"Gen 2",True,"Alert Notification/SMS/Mail Not Received","Safe Time"
"2244","Product Complaint","Arena","Suzuki Connect","Complaint","Post Sales Complaint",NULL,"Gen 2",True,"Alert Notification/SMS/Mail Not Received","Low Fuel"
"2245","Product Complaint","Arena","Suzuki Connect","Complaint","Post Sales Complaint",NULL,"Gen 2",True,"Alert Notification/SMS/Mail Not Received","Low Range"
"2246","Product Complaint","Arena","Suzuki Connect","Complaint","Post Sales Complaint",NULL,"Gen 2",True,"Alert Notification/SMS/Mail Not Received","OverSpeed"
"2247","Product Complaint","Arena","Suzuki Connect","Complaint","Post Sales Complaint",NULL,"Gen 2",True,"Alert Notification/SMS/Mail Not Received","Others"
"2248","Product Complaint","Arena","Suzuki Connect","Complaint","Post Sales Complaint",NULL,"Gen 2",True,"False Alerts Received in Customer App","Airbag System"
"2249","Product Complaint","Arena","Suzuki Connect","Complaint","Post Sales Complaint",NULL,"Gen 2",True,"False Alerts Received in Customer App","Brake System"
"2250","Product Complaint","Arena","Suzuki Connect","Complaint","Post Sales Complaint",NULL,"Gen 2",True,"False Alerts Received in Customer App","Power Train System"
"2251","Product Complaint","Arena","Suzuki Connect","Complaint","Post Sales Complaint",NULL,"Gen 2",True,"False Alerts Received in Customer App","Steering System"
"2252","Product Complaint","Arena","Suzuki Connect","Complaint","Post Sales Complaint",NULL,"Gen 2",True,"False Alerts Received in Customer App","SOS"
"2253","Product Complaint","Arena","Suzuki Connect","Complaint","Post Sales Complaint",NULL,"Gen 2",True,"False Alerts Received in Customer App","CNG"
"2254","Product Complaint","Arena","Suzuki Connect","Complaint","Post Sales Complaint",NULL,"Gen 2",True,"False Alerts Received in Customer App","Others"
"2255","Product Complaint","Arena","Suzuki Connect","Complaint","Post Sales Complaint",NULL,"Gen 2",True,"Incorrect VRN Displaying in App","VRN in Vehicle Master Screen is Updated but Not Synced with IBM Server"
"2256","Product Complaint","Arena","Suzuki Connect","Complaint","Post Sales Complaint",NULL,"Gen 2",True,"Incorrect VRN Displaying in App","VRN is Not Updated in Vehicle Master Screen"
"2257","Product Complaint","Arena","Suzuki Connect","Complaint","Post Sales Complaint",NULL,"Gen 2",True,"Incorrect VRN Displaying in App","Others"
"2258","Product Complaint","Arena","Suzuki Connect","Complaint","Post Sales Complaint",NULL,"Gen 2",True,"Unable to Add Additional Vehicle","Unable to See the Vehicle in User Account"
"2259","Product Complaint","Arena","Suzuki Connect","Complaint","Post Sales Complaint",NULL,"Gen 2",True,"Unable to Add Additional Vehicle","Others"
"2260","Product Complaint","Arena","Suzuki Connect","Complaint","Post Sales Complaint",NULL,"Gen 2",True,"Others","Others"
"2261","Product Complaint","Nexa","Suzuki Connect","Complaint","Post Sales Complaint",NULL,"Gen 2",True,"Unable to Login - Device Not Activated","Validation Error! TCU is Not Active Yet Error Popup"
"2262","Product Complaint","Nexa","Suzuki Connect","Complaint","Post Sales Complaint",NULL,"Gen 2",True,"Unable to Login - Device Not Activated","No TCU has been sold for this VIN error message is showing during enrollment"
"2263","Product Complaint","Nexa","Suzuki Connect","Complaint","Post Sales Complaint",NULL,"Gen 2",True,"Unable to Login - Device Not Activated","During Login in Mobile app Error is Showing ""Error! Please Try Again Later!"""
"2264","Product Complaint","Nexa","Suzuki Connect","Complaint","Post Sales Complaint",NULL,"Gen 2",True,"Unable to Login - Device Not Activated","While Sign in error shows :(Invalid token error)"
"2265","Product Complaint","Nexa","Suzuki Connect","Complaint","Post Sales Complaint",NULL,"Gen 2",True,"Unable to Login - Device Not Activated","Others"
"2266","Product Complaint","Nexa","Suzuki Connect","Complaint","Post Sales Complaint",NULL,"Gen 2",True,"Unable to Login - Incorrect Mobile Number","Invalid Mobile Number Updated in DMS"
"2267","Product Complaint","Nexa","Suzuki Connect","Complaint","Post Sales Complaint",NULL,"Gen 2",True,"Unable to Login - Incorrect Mobile Number","Mobile Number in TCU Number is Incorrect"
"2268","Product Complaint","Nexa","Suzuki Connect","Complaint","Post Sales Complaint",NULL,"Gen 2",True,"Unable to Login - Incorrect Mobile Number","Mobile Number in TCU Number is Blank"
"2269","Product Complaint","Nexa","Suzuki Connect","Complaint","Post Sales Complaint",NULL,"Gen 2",True,"Unable to Login - Incorrect Mobile Number","OTP Not Received"
"2270","Product Complaint","Nexa","Suzuki Connect","Complaint","Post Sales Complaint",NULL,"Gen 2",True,"Unable to Login - Incorrect Mobile Number","Activation Message Not Received"
"2271","Product Complaint","Nexa","Suzuki Connect","Complaint","Post Sales Complaint",NULL,"Gen 2",True,"Unable to Login - Incorrect Mobile Number","Others"
"2272","Product Complaint","Nexa","Suzuki Connect","Complaint","Post Sales Complaint",NULL,"Gen 2",True,"App Not Updating","Connectivity Lost Message Display on Mobile App"
"2273","Product Complaint","Nexa","Suzuki Connect","Complaint","Post Sales Complaint",NULL,"Gen 2",True,"App Not Updating","Others"
"2274","Product Complaint","Nexa","Suzuki Connect","Complaint","Post Sales Complaint",NULL,"Gen 2",True,"Location Not Getting Updated","Connectivity Lost Message Display on Mobile App"
"2275","Product Complaint","Nexa","Suzuki Connect","Complaint","Post Sales Complaint",NULL,"Gen 2",True,"Location Not Getting Updated","Service Connected Display in Cluster assy MID"
"2276","Product Complaint","Nexa","Suzuki Connect","Complaint","Post Sales Complaint",NULL,"Gen 2",True,"Location Not Getting Updated","Others"
"2277","Product Complaint","Nexa","Suzuki Connect","Complaint","Post Sales Complaint",NULL,"Gen 2",True,"Trips Not Generating","Connectivity Lost Message Display on Mobile App"
"2278","Product Complaint","Nexa","Suzuki Connect","Complaint","Post Sales Complaint",NULL,"Gen 2",True,"Trips Not Generating","Service Connected Display in Cluster assy MID"
"2279","Product Complaint","Nexa","Suzuki Connect","Complaint","Post Sales Complaint",NULL,"Gen 2",True,"Trips Not Generating","Others"
"2280","Product Complaint","Nexa","Suzuki Connect","Complaint","Post Sales Complaint",NULL,"Gen 2",True,"Trip is Missing","Single Trip is Missing"
"2281","Product Complaint","Nexa","Suzuki Connect","Complaint","Post Sales Complaint",NULL,"Gen 2",True,"Trip is Missing","Multiple Trips are Missing"
"2282","Product Complaint","Nexa","Suzuki Connect","Complaint","Post Sales Complaint",NULL,"Gen 2",True,"Trip is Missing","Others"
"2283","Product Complaint","Nexa","Suzuki Connect","Complaint","Post Sales Complaint",NULL,"Gen 2",True,"Unable to Perform Remote Operations","Vehicle Health"
"2284","Product Complaint","Nexa","Suzuki Connect","Complaint","Post Sales Complaint",NULL,"Gen 2",True,"Unable to Perform Remote Operations","Hazard Light"
"2285","Product Complaint","Nexa","Suzuki Connect","Complaint","Post Sales Complaint",NULL,"Gen 2",True,"Unable to Perform Remote Operations","Car Lock"
"2286","Product Complaint","Nexa","Suzuki Connect","Complaint","Post Sales Complaint",NULL,"Gen 2",True,"Unable to Perform Remote Operations","Car Unlock"
"2287","Product Complaint","Nexa","Suzuki Connect","Complaint","Post Sales Complaint",NULL,"Gen 2",True,"Unable to Perform Remote Operations","Alarm On"
"2288","Product Complaint","Nexa","Suzuki Connect","Complaint","Post Sales Complaint",NULL,"Gen 2",True,"Unable to Perform Remote Operations","Lead Battery"
"2289","Product Complaint","Nexa","Suzuki Connect","Complaint","Post Sales Complaint",NULL,"Gen 2",True,"Unable to Perform Remote Operations","Remote AC"
"2290","Product Complaint","Nexa","Suzuki Connect","Complaint","Post Sales Complaint",NULL,"Gen 2",True,"Unable to Perform Remote Operations","Others"
"2291","Product Complaint","Nexa","Suzuki Connect","Complaint","Post Sales Complaint",NULL,"Gen 2",True,"Alert Notification/SMS/Mail Not Received","Tow Away"
"2292","Product Complaint","Nexa","Suzuki Connect","Complaint","Post Sales Complaint",NULL,"Gen 2",True,"Alert Notification/SMS/Mail Not Received","Intrusion"
"2293","Product Complaint","Nexa","Suzuki Connect","Complaint","Post Sales Complaint",NULL,"Gen 2",True,"Alert Notification/SMS/Mail Not Received","Breakdown"
"2294","Product Complaint","Nexa","Suzuki Connect","Complaint","Post Sales Complaint",NULL,"Gen 2",True,"Alert Notification/SMS/Mail Not Received","Geofence"
"2295","Product Complaint","Nexa","Suzuki Connect","Complaint","Post Sales Complaint",NULL,"Gen 2",True,"Alert Notification/SMS/Mail Not Received","Valet Alert"
"2296","Product Complaint","Nexa","Suzuki Connect","Complaint","Post Sales Complaint",NULL,"Gen 2",True,"Alert Notification/SMS/Mail Not Received","Safe Time"
"2297","Product Complaint","Nexa","Suzuki Connect","Complaint","Post Sales Complaint",NULL,"Gen 2",True,"Alert Notification/SMS/Mail Not Received","Low Fuel"
"2298","Product Complaint","Nexa","Suzuki Connect","Complaint","Post Sales Complaint",NULL,"Gen 2",True,"Alert Notification/SMS/Mail Not Received","Low Range"
"2299","Product Complaint","Nexa","Suzuki Connect","Complaint","Post Sales Complaint",NULL,"Gen 2",True,"Alert Notification/SMS/Mail Not Received","OverSpeed"
"2300","Product Complaint","Nexa","Suzuki Connect","Complaint","Post Sales Complaint",NULL,"Gen 2",True,"Alert Notification/SMS/Mail Not Received","Others"
"2301","Product Complaint","Nexa","Suzuki Connect","Complaint","Post Sales Complaint",NULL,"Gen 2",True,"False Alerts Received in Customer App","Airbag System"
"2302","Product Complaint","Nexa","Suzuki Connect","Complaint","Post Sales Complaint",NULL,"Gen 2",True,"False Alerts Received in Customer App","Brake System"
"2303","Product Complaint","Nexa","Suzuki Connect","Complaint","Post Sales Complaint",NULL,"Gen 2",True,"False Alerts Received in Customer App","Power Train System"
"2304","Product Complaint","Nexa","Suzuki Connect","Complaint","Post Sales Complaint",NULL,"Gen 2",True,"False Alerts Received in Customer App","Steering System"
"2305","Product Complaint","Nexa","Suzuki Connect","Complaint","Post Sales Complaint",NULL,"Gen 2",True,"False Alerts Received in Customer App","SOS"
"2306","Product Complaint","Nexa","Suzuki Connect","Complaint","Post Sales Complaint",NULL,"Gen 2",True,"False Alerts Received in Customer App","CNG"
"2307","Product Complaint","Nexa","Suzuki Connect","Complaint","Post Sales Complaint",NULL,"Gen 2",True,"False Alerts Received in Customer App","Others"
"2308","Product Complaint","Nexa","Suzuki Connect","Complaint","Post Sales Complaint",NULL,"Gen 2",True,"Incorrect VRN Displaying in App","VRN in Vehicle Master Screen is Updated but Not Synced with IBM Server"
"2309","Product Complaint","Nexa","Suzuki Connect","Complaint","Post Sales Complaint",NULL,"Gen 2",True,"Incorrect VRN Displaying in App","VRN is Not Updated in Vehicle Master Screen"
"2310","Product Complaint","Nexa","Suzuki Connect","Complaint","Post Sales Complaint",NULL,"Gen 2",True,"Incorrect VRN Displaying in App","Others"
"2311","Product Complaint","Nexa","Suzuki Connect","Complaint","Post Sales Complaint",NULL,"Gen 2",True,"Unable to Add Additional Vehicle","Unable to See the Vehicle in User Account"
"2312","Product Complaint","Nexa","Suzuki Connect","Complaint","Post Sales Complaint",NULL,"Gen 2",True,"Unable to Add Additional Vehicle","Others"
"2313","Product Complaint","Nexa","Suzuki Connect","Complaint","Post Sales Complaint",NULL,"Gen 2",True,"Others","Others"
"2314","Product Complaint","Arena","Suzuki Connect","Complaint","Post Sales Complaint",NULL,"Gen 1",True,"Activation Issue","Activation Message Not Received/OTP Not Received"
"2315","Product Complaint","Arena","Suzuki Connect","Complaint","Post Sales Complaint",NULL,"Gen 1",True,"Blank Screen","Nothing is Visible on the Screen After Logging in Suzuki Connect"
"2316","Product Complaint","Arena","Suzuki Connect","Complaint","Post Sales Complaint",NULL,"Gen 1",True,"Coming Soon Error","Error message 'Coming Soon'"
"2317","Product Complaint","Arena","Suzuki Connect","Complaint","Post Sales Complaint",NULL,"Gen 1",True,"Functionality Issue","Incorrect Location, Live location Not Visible, Alerts or Notifications Not Received/Incorrectly Received Regarding Geofence/Towing of Vehicle/Battery/Car Assistance etc"
"2318","Product Complaint","Arena","Suzuki Connect","Complaint","Post Sales Complaint",NULL,"Gen 1",True,"Incorrect Details Captured","Incorrect Customer or Vehicle Details Have Been Captured During Billing"
"2319","Product Complaint","Arena","Suzuki Connect","Complaint","Post Sales Complaint",NULL,"Gen 1",True,"Network Issue","Fluctuation in Network"
"2320","Product Complaint","Arena","Suzuki Connect","Complaint","Post Sales Complaint",NULL,"Gen 1",True,"Others","Car does Not Belong to NEXA Error/ Billing Issue - Vehicle Id Not Generated"
"2321","Product Complaint","Arena","Suzuki Connect","Complaint","Post Sales Complaint",NULL,"Gen 1",True,"Register Your Interest Error","Message displayed ""Register Your Interest"""
"2322","Product Complaint","Arena","Suzuki Connect","Complaint","Post Sales Complaint",NULL,"Gen 1",True,"Server Error","Message Displayed ""Error Communicating with Server"""
"2323","Product Complaint","Arena","Suzuki Connect","Complaint","Post Sales Complaint",NULL,"Gen 1",True,"Unexpected Error","Message Displayed ""Unexpected Error Occurred at Server"""
"2324","Product Complaint","Nexa","Suzuki Connect","Complaint","Post Sales Complaint",NULL,"Gen 1",True,"Activation Issue","Activation Message Not Received/OTP Not Received"
"2325","Product Complaint","Nexa","Suzuki Connect","Complaint","Post Sales Complaint",NULL,"Gen 1",True,"Blank Screen","Nothing is Visible on the Screen After Logging in Suzuki Connect"
"2326","Product Complaint","Nexa","Suzuki Connect","Complaint","Post Sales Complaint",NULL,"Gen 1",True,"Coming Soon Error","Error message 'Coming Soon'"
"2327","Product Complaint","Nexa","Suzuki Connect","Complaint","Post Sales Complaint",NULL,"Gen 1",True,"Functionality Issue","Incorrect Location, Live location Not Visible, Alerts or Notifications Not Received/Incorrectly Received Regarding Geofence/Towing of Vehicle/Battery/Car Assistance etc"
"2328","Product Complaint","Nexa","Suzuki Connect","Complaint","Post Sales Complaint",NULL,"Gen 1",True,"Incorrect Details Captured","Incorrect Customer or Vehicle Details Have Been Captured During Billing"
"2329","Product Complaint","Nexa","Suzuki Connect","Complaint","Post Sales Complaint",NULL,"Gen 1",True,"Network Issue","Fluctuation in Network"
"2330","Product Complaint","Nexa","Suzuki Connect","Complaint","Post Sales Complaint",NULL,"Gen 1",True,"Others","Car does Not Belong to NEXA Error/ Billing Issue - Vehicle Id Not Generated"
"2331","Product Complaint","Nexa","Suzuki Connect","Complaint","Post Sales Complaint",NULL,"Gen 1",True,"Register Your Interest Error","Message displayed ""Register Your Interest"""
"2332","Product Complaint","Nexa","Suzuki Connect","Complaint","Post Sales Complaint",NULL,"Gen 1",True,"Server Error","Message Displayed ""Error Communicating with Server"""
"2333","Product Complaint","Nexa","Suzuki Connect","Complaint","Post Sales Complaint",NULL,"Gen 1",True,"Unable to use Suzuki Connect","Customer has logged in to the Suzuki Connect and is Unable to Access the Features of the Device/Device is Not Getting Activated"
"2334","Product Complaint","Nexa","Suzuki Connect","Complaint","Post Sales Complaint",NULL,"Gen 1",True,"Unexpected Error","Message Displayed ""Unexpected Error Occurred at Server"""
"2335","General","Arena","Suzuki Connect","Query",NULL,NULL,"Gen 1",True,"Suzuki Connect ","App Related"
"2336","General","Arena","Suzuki Connect","Query",NULL,NULL,"Gen 1",True,"Suzuki Connect ","Product Related"
"2337","General","Arena","Suzuki Connect","Query",NULL,NULL,"Gen 1",True,"Suzuki Connect ","Features Related"
"2338","General","Arena","Suzuki Connect","Query",NULL,NULL,"Gen 1",True,"Suzuki Connect ","Complaint Status"
"2339","General","Arena","Suzuki Connect","Query",NULL,NULL,"Gen 1",True,"Suzuki Connect ","Others"
"2340","General","Arena","Suzuki Connect","Query",NULL,NULL,"Gen 1",True,"Suzuki Connect FCR","App Related"
"2341","General","Arena","Suzuki Connect","Query",NULL,NULL,"Gen 1",True,"Suzuki Connect FCR","Product Related"
"2342","General","Arena","Suzuki Connect","Query",NULL,NULL,"Gen 1",True,"Suzuki Connect FCR","Features Related"
"2343","General","Arena","Suzuki Connect","Query",NULL,NULL,"Gen 1",True,"Suzuki Connect FCR","Complaint Status"
"2344","General","Arena","Suzuki Connect","Query",NULL,NULL,"Gen 1",True,"Suzuki Connect FCR","Others"
"2345","General","Arena","Suzuki Connect","Query",NULL,NULL,"Gen 2",True,"G2Q","Sign Up"
"2346","General","Arena","Suzuki Connect","Query",NULL,NULL,"Gen 2",True,"G2Q","Features"
"2347","General","Arena","Suzuki Connect","Query",NULL,NULL,"Gen 2",True,"G2Q","Product"
"2348","General","Arena","Suzuki Connect","Query",NULL,NULL,"Gen 2",True,"G2Q","Complaint Status"
"2349","General","Arena","Suzuki Connect","Query",NULL,NULL,"Gen 2",True,"G2Q","Others"
"2350","General","Arena","Suzuki Connect","Query",NULL,NULL,"Gen 2",True,"G2Q Suzuki Connect FCR","FCR"
"2351","General","Nexa","Suzuki Connect","Query",NULL,NULL,"Gen 1",True,"Suzuki Connect ","App Related"
"2352","General","Nexa","Suzuki Connect","Query",NULL,NULL,"Gen 1",True,"Suzuki Connect ","Product Related"
"2353","General","Nexa","Suzuki Connect","Query",NULL,NULL,"Gen 1",True,"Suzuki Connect ","Features Related"
"2354","General","Nexa","Suzuki Connect","Query",NULL,NULL,"Gen 1",True,"Suzuki Connect ","Complaint Status"
"2355","General","Nexa","Suzuki Connect","Query",NULL,NULL,"Gen 1",True,"Suzuki Connect ","Others"
"2356","General","Nexa","Suzuki Connect","Query",NULL,NULL,"Gen 1",True,"Suzuki Connect FCR","App Related"
"2357","General","Nexa","Suzuki Connect","Query",NULL,NULL,"Gen 1",True,"Suzuki Connect FCR","Product Related"
"2358","General","Nexa","Suzuki Connect","Query",NULL,NULL,"Gen 1",True,"Suzuki Connect FCR","Features Related"
"2359","General","Nexa","Suzuki Connect","Query",NULL,NULL,"Gen 1",True,"Suzuki Connect FCR","Complaint Status"
"2360","General","Nexa","Suzuki Connect","Query",NULL,NULL,"Gen 1",True,"Suzuki Connect FCR","Others"
"2361","General","Nexa","Suzuki Connect","Query",NULL,NULL,"Gen 2",True,"G2Q","Sign Up"
"2362","General","Nexa","Suzuki Connect","Query",NULL,NULL,"Gen 2",True,"G2Q","Features"
"2363","General","Nexa","Suzuki Connect","Query",NULL,NULL,"Gen 2",True,"G2Q","Product"
"2364","General","Nexa","Suzuki Connect","Query",NULL,NULL,"Gen 2",True,"G2Q","Complaint Status"
"2365","General","Nexa","Suzuki Connect","Query",NULL,NULL,"Gen 2",True,"G2Q","Others"
"2366","General","Nexa","Suzuki Connect","Query",NULL,NULL,"Gen 2",True,"G2Q Suzuki Connect FCR","FCR"
"2367","Product Feedback","Arena","Suzuki Connect","Feedback",NULL,NULL,"Gen 1",True,NULL,NULL
"2368","Product Feedback","Arena","Suzuki Connect","Feedback",NULL,NULL,"Gen 2",True,NULL,NULL
"2369","Others","Arena","Suzuki Connect","Feedback",NULL,NULL,"Gen 2",True,NULL,NULL
"2370","Product Feedback","Nexa","Suzuki Connect","Feedback",NULL,NULL,"Gen 1",True,NULL,NULL
"2371","Product Feedback","Nexa","Suzuki Connect","Feedback",NULL,NULL,"Gen 2",True,NULL,NULL
"2372","Others","Nexa","Suzuki Connect","Feedback",NULL,NULL,"Gen 2",True,NULL,NULL
"2373","Product Complaint","Arena","Suzuki Connect","Complaint","Post Sales Complaint",NULL,"Gen 1",True,"Unable to use Suzuki Connect","Customer has logged in to the Suzuki Connect and is Unable to Access the Features of the Device/Device is Not Getting Activated"
"2901","Others","Arena","Suzuki Connect","Query",NULL,NULL,"Gen 1",False,"Others",NULL
"2902","Others","Arena","Suzuki Connect","Feedback",NULL,NULL,"Gen 1",False,"Others",NULL
"2376","Service Initiation","Commercial","Service","Query",NULL,NULL,NULL,True,"Service Issue","Service Estimate Not Given/Explained"
"2377","Quality Issue","True Value","True Value","Complaint","Buyer",NULL,NULL,True,"Others (Specify) - Options to Choose Multiple Issues",NULL
"2378","Quality Issue","True Value","True Value","Complaint","Seller",NULL,NULL,True,"Others (Specify) - Options to Choose Multiple Issues",NULL
"2380","Finance","Arena","Sales","Complaint","Post Sales Complaint","Smart Finance",NULL,True,"Smart Finance - Dealer Related","Dealer Commitment Related(Rate of Interest/Processing Fee/Loan Amount/Loan Tenor) Through MSSF Portal "
"2381","Finance","Arena","Sales","Complaint","Pre Sales Complaint","Smart Finance",NULL,True,"Smart Finance - Dealer Related","Dealer Commitment Related(Rate of Interest/Processing Fee/Loan Amount/Loan Tenor) Through MSSF Portal "
"2383","Finance","Nexa","Sales","Complaint","Post Sales Complaint","Smart Finance",NULL,True,"Smart Finance - Dealer Related","Dealer Commitment Related(Rate of Interest/Processing Fee/Loan Amount/Loan Tenor) Through MSSF Portal "
"2384","Finance","Nexa","Sales","Complaint","Pre Sales Complaint","Smart Finance",NULL,True,"Smart Finance - Dealer Related","Dealer Commitment Related(Rate of Interest/Processing Fee/Loan Amount/Loan Tenor) Through MSSF Portal "
"2386","Finance","Commercial","Sales","Complaint","Post Sales Complaint","Smart Finance",NULL,True,"Smart Finance - Dealer Related","Dealer Commitment Related(Rate of Interest/Processing Fee/Loan Amount/Loan Tenor) Through MSSF Portal "
"2387","Finance","Commercial","Sales","Complaint","Pre Sales Complaint","Smart Finance",NULL,True,"Smart Finance - Dealer Related","Dealer Commitment Related(Rate of Interest/Processing Fee/Loan Amount/Loan Tenor) Through MSSF Portal "
"2389","Accessories","Arena","Sales","Query",NULL,NULL,"Gen 1",True,"Suzuki Connect Sales Related",NULL
"2391","Company Fitted","Arena","Sales","Query",NULL,NULL,"Gen 2",True,"Suzuki Connect Sales Related",NULL
"2393","Accessories","Nexa","Sales","Query",NULL,NULL,"Gen 1",True,"Suzuki Connect Sales Related",NULL
"2395","Company Fitted","Nexa","Sales","Query",NULL,NULL,"Gen 2",True,"Suzuki Connect Sales Related",NULL
"2397","Accessories","Commercial","Sales","Query",NULL,NULL,"Gen 1",True,"Suzuki Connect Sales Related",NULL
"2399","Company Fitted","Commercial","Sales","Query",NULL,NULL,"Gen 2",True,"Suzuki Connect Sales Related",NULL
"2401","Others","Arena","Sales","Query",NULL,NULL,NULL,True,NULL,NULL
"2402","Others","Nexa","Sales","Query",NULL,NULL,NULL,True,NULL,NULL
"2403","Others","Commercial","Sales","Query",NULL,NULL,NULL,True,NULL,NULL
"3005","Others","Commercial","Service","Query",NULL,NULL,NULL,False,"Others",NULL
"3006","Others","Arena","Accessories","Complaint",NULL,NULL,NULL,False,"Others",NULL
"2406","Others","Commercial","Service","Query",NULL,NULL,NULL,True,NULL,NULL
"3007","Others","Nexa","Accessories","Complaint",NULL,NULL,NULL,False,"Others",NULL
"3008","Others","Commercial","Accessories","Complaint",NULL,NULL,NULL,False,"Others",NULL
"3011","Others","Commercial","Accessories","Query",NULL,NULL,NULL,False,"Others",NULL
"3014","Others","Commercial","Accessories","Feedback",NULL,NULL,NULL,False,"Others",NULL
"3018","Others","Nexa","Suzuki Connect","Complaint",NULL,NULL,"Gen 1",False,"Others",NULL
"3019","Others","Nexa","Suzuki Connect","Query",NULL,NULL,"Gen 1",False,"Others",NULL
"3020","Others","Nexa","Suzuki Connect","Feedback",NULL,NULL,"Gen 1",False,"Others",NULL
"2425","Others","Commercial","Service","Query",NULL,NULL,NULL,True,"WS Details",NULL
"3021","Others","True Value","Accessories","Complaint",NULL,NULL,NULL,False,"Others",NULL
"57","Deal","Arena","Sales","Query",NULL,"Sales",NULL,True,"Scheme/Discount Related (Verbal)",NULL
"132","Sales","Arena","Sales","Query",NULL,"Sales",NULL,True,"Booked Car Status",NULL
"133","Sales","Arena","Sales","Query",NULL,"Sales",NULL,True,"Booking Cancellation",NULL
"134","Sales","Arena","Sales","Query",NULL,"Sales",NULL,True,"Cancellation Charges",NULL
"135","Sales","Arena","Sales","Query",NULL,"Sales",NULL,True,"Cancellation Process of Booked Car",NULL
"136","Sales","Arena","Sales","Query",NULL,"Sales",NULL,True,"Car Price/Features",NULL
"137","Sales","Arena","Sales","Query",NULL,"Sales",NULL,True,"Clarification on Misc Charges",NULL
"138","Sales","Arena","Sales","Query",NULL,"Sales",NULL,True,"Colour Availability",NULL
"139","Sales","Arena","Sales","Query",NULL,"Sales",NULL,True,"Complaint Already Withdrawn",NULL
"140","Sales","Arena","Sales","Query",NULL,"Sales",NULL,True,"Customer did Not Withdraw The Complaint",NULL
"141","Sales","Arena","Sales","Query",NULL,"Sales",NULL,True,"Customer Wanted to Withdraw The Complaint",NULL
"142","Sales","Arena","Sales","Query",NULL,"Sales",NULL,True,"Dealer Assistance Charges",NULL
"143","Sales","Arena","Sales","Query",NULL,"Sales",NULL,True,"Dealer Not Contactable",NULL
"144","Sales","Arena","Sales","Query",NULL,"Sales",NULL,True,"Delivery Date of Booked Car",NULL
"145","Sales","Arena","Sales","Query",NULL,"Sales",NULL,True,"Enquiry About Upcoming Models",NULL
"146","Sales","Arena","Sales","Query",NULL,"Sales",NULL,True,"Enquiry About The TaT of Complaint Resolution",NULL
"147","Sales","Arena","Sales","Query",NULL,"Sales",NULL,True,"Enquiry on Warranty of Vehicle Parts",NULL
"148","Sales","Arena","Sales","Query",NULL,"Sales",NULL,True,"Extended Warranty Charges",NULL
"149","Sales","Arena","Sales","Query",NULL,"Sales",NULL,True,"Extended Warranty Procedure",NULL
"150","Sales","Arena","Sales","Query",NULL,"Sales",NULL,True,"Offer/Scheme",NULL
"151","Sales","Arena","Sales","Query",NULL,"Sales",NULL,True,"Parts & Accessories Covered Under Extended Warranty",NULL
"152","Sales","Arena","Sales","Query",NULL,"Sales",NULL,True,"Process of Refund",NULL
"153","Sales","Arena","Sales","Query",NULL,"Sales",NULL,True,"Refund Status",NULL
"154","Sales","Arena","Sales","Query",NULL,"Sales",NULL,True,"Service/Repairing Charges Under Extended Warranty",NULL
"155","Sales","Arena","Sales","Query",NULL,"Sales",NULL,True,"Status of Open Complaint",NULL
"156","Sales","Arena","Sales","Query",NULL,"Sales",NULL,True,"Test Drive",NULL
"157","Sales","Arena","Sales","Query",NULL,"Sales",NULL,True,"Types of Extended Warranty",NULL
"158","Sales","Arena","Sales","Query",NULL,"Sales",NULL,True,"Unable to Cancel Online",NULL
"159","Sales","Arena","Sales","Query",NULL,"Sales",NULL,True,"Waiting Period of Car",NULL
"160","Sales","Arena","Sales","Query",NULL,"Sales",NULL,True,"Warranty of New Car",NULL
"161","Sales","Arena","Sales","Query",NULL,"Sales",NULL,True,"Complaint Withdrawal",NULL
"162","Sales","Arena","Sales","Query",NULL,"Sales",NULL,True,"Extended Warranty",NULL
"163","Sales","Arena","Sales","Query",NULL,"Sales",NULL,True,"Finance",NULL
"164","Sales","Arena","Sales","Query",NULL,"Sales",NULL,True,"Showroom Details",NULL
"165","Sales","Arena","Sales","Query",NULL,"Sales",NULL,True,"Others",NULL
"175","Booking Related","Arena","Sales","Query",NULL,"Sales",NULL,True,"Asked for Premium/Forced Accessories",NULL
"176","Booking Related","Arena","Sales","Query",NULL,"Sales",NULL,True,"Booking Refused",NULL
"177","Benefit/Badge Related","Arena","Sales","Query",NULL,"Sales",NULL,True,"Unable to Claim Badge",NULL
"188","Deal","Arena","Sales","Query",NULL,"Sales",NULL,True,"False Commitment (Verbal)",NULL
"189","Deal","Arena","Sales","Query",NULL,"Sales",NULL,True,"False Commitment (Written)",NULL
"190","Deal","Arena","Sales","Query",NULL,"Sales",NULL,True,"Price of The Car(Verbal)",NULL
"191","Deal","Arena","Sales","Query",NULL,"Sales",NULL,True,"Price of The Car(Written)",NULL
"192","Deal","Arena","Sales","Query",NULL,"Sales",NULL,True,"Scheme/Discount Related (Written)",NULL
"193","Dealer Related","Arena","Sales","Query",NULL,"Sales",NULL,True,"Unsatisfactory Dealer Interaction",NULL
"194","Delayed Delivery Days","Arena","Sales","Query",NULL,"Sales",NULL,True,"Delayed Delivery Days (Verbal)",NULL
"195","Delayed Delivery Days","Arena","Sales","Query",NULL,"Sales",NULL,True,"Delayed Delivery Days (Written)",NULL
"196","Delivery Process","Arena","Sales","Query",NULL,"Sales",NULL,True,"Delivery Process Time (Verbal)",NULL
"197","Delivery Process","Arena","Sales","Query",NULL,"Sales",NULL,True,"Explanation at The Time of Delivery",NULL
"198","Delivery Process","Arena","Sales","Query",NULL,"Sales",NULL,True,"Second Key Not Delivered",NULL
"199","Documents Not Received","Arena","Sales","Query",NULL,"Sales",NULL,True,"Documents Not Received/Delay in Receipt of Documents (Verbal)",NULL
"200","Documents Not Received","Arena","Sales","Query",NULL,"Sales",NULL,True,"Documents Not Received/Delay in Receipt of Documents (Written)",NULL
"201","Documents Not Received","Arena","Sales","Query",NULL,"Sales",NULL,True,"RC Not Received (Verbal)",NULL
"202","Documents Not Received","Arena","Sales","Query",NULL,"Sales",NULL,True,"RC Not Received (Written)",NULL
"203","Finance","Arena","Sales","Query",NULL,"Smart Finance",NULL,True,"Finance Process Related",NULL
"212","Multiple","Arena","Sales","Query",NULL,"Sales",NULL,True,"Multiple",NULL
"213","Others","Arena","Sales","Query",NULL,"Sales",NULL,True,"Others",NULL
"214","Overcharging","Arena","Sales","Query",NULL,"Sales",NULL,True,"Overcharging",NULL
"215","Paper Work","Arena","Sales","Query",NULL,"Sales",NULL,True,"Hassle Free/Transparent Paper Work",NULL
"216","Payment Related","Arena","Sales","Query",NULL,"Sales",NULL,True,"Non Refund of Amount",NULL
"217","PDI ","Arena","Sales","Query",NULL,"Sales",NULL,True,"Dirty Car Delivered",NULL
"218","PDI ","Arena","Sales","Query",NULL,"Sales",NULL,True,"PDI Service",NULL
"219","PDI ","Arena","Sales","Query",NULL,"Sales",NULL,True,"Petrol",NULL
"220","PDI ","Arena","Sales","Query",NULL,"Sales",NULL,True,"Scratches & Dent",NULL
"221","Points Related","Arena","Sales","Query",NULL,"Sales",NULL,True,"Incorrect Transaction History",NULL
"222","Points Related","Arena","Sales","Query",NULL,"Sales",NULL,True,"Points Not Awarded",NULL
"223","Points Related","Arena","Sales","Query",NULL,"Sales",NULL,True,"Points Not Redeemed",NULL
"224","Product/Colour Availability","Arena","Sales","Query",NULL,"Sales",NULL,True,"Product/Colour Availability (Verbal)",NULL
"225","Product/Colour Availability","Arena","Sales","Query",NULL,"Sales",NULL,True,"Product/Colour Availability (Written)",NULL
"166","Accessories","Arena","Sales","Query",NULL,"Sales",NULL,False,"Accessories Not Fixed Properly",NULL
"167","Accessories","Arena","Sales","Query",NULL,"Sales",NULL,False,"Accessories Related",NULL
"230","Vintage Stock","Arena","Sales","Query",NULL,"Sales",NULL,True,"Milometer >150 KM",NULL
"231","Vintage Stock","Arena","Sales","Query",NULL,"Sales",NULL,True,"Previous Year Manufactured Car",NULL
"249","Sales Initiation","Arena","Sales","Query",NULL,"Sales",NULL,True,"Parking",NULL
"250","Sales Initiation","Arena","Sales","Query",NULL,"Sales",NULL,True,"Showroom Ambience",NULL
"251","Sales Initiation","Arena","Sales","Query",NULL,"Sales",NULL,True,"Tea/Water Offered",NULL
"252","Sales Initiation","Arena","Sales","Query",NULL,"Sales",NULL,True,"Test Drive",NULL
"399","Sales","Nexa","Sales","Query",NULL,"Sales",NULL,True,"Booked Car Status",NULL
"400","Sales","Nexa","Sales","Query",NULL,"Sales",NULL,True,"Booking Cancellation",NULL
"401","Sales","Nexa","Sales","Query",NULL,"Sales",NULL,True,"Cancellation Charges",NULL
"402","Sales","Nexa","Sales","Query",NULL,"Sales",NULL,True,"Cancellation Process of Booked Car",NULL
"403","Sales","Nexa","Sales","Query",NULL,"Sales",NULL,True,"Car Price/Features",NULL
"404","Sales","Nexa","Sales","Query",NULL,"Sales",NULL,True,"Clarification on Misc Charges",NULL
"405","Sales","Nexa","Sales","Query",NULL,"Sales",NULL,True,"Colour Availability",NULL
"406","Sales","Nexa","Sales","Query",NULL,"Sales",NULL,True,"Complaint Already Withdrawn",NULL
"407","Sales","Nexa","Sales","Query",NULL,"Sales",NULL,True,"Customer did Not Withdraw The Complaint",NULL
"408","Sales","Nexa","Sales","Query",NULL,"Sales",NULL,True,"Customer Wanted to Withdraw The Complaint",NULL
"409","Sales","Nexa","Sales","Query",NULL,"Sales",NULL,True,"Dealer Assistance Charges",NULL
"410","Sales","Nexa","Sales","Query",NULL,"Sales",NULL,True,"Dealer Not Contactable",NULL
"411","Sales","Nexa","Sales","Query",NULL,"Sales",NULL,True,"Delivery Date of Booked Car",NULL
"412","Sales","Nexa","Sales","Query",NULL,"Sales",NULL,True,"Enquiry About Upcoming Models",NULL
"413","Sales","Nexa","Sales","Query",NULL,"Sales",NULL,True,"Enquiry About The TaT of Complaint Resolution",NULL
"414","Sales","Nexa","Sales","Query",NULL,"Sales",NULL,True,"Enquiry on Warranty of Vehicle Parts",NULL
"415","Sales","Nexa","Sales","Query",NULL,"Sales",NULL,True,"Extended Warranty Charges",NULL
"416","Sales","Nexa","Sales","Query",NULL,"Sales",NULL,True,"Extended Warranty Procedure",NULL
"417","Sales","Nexa","Sales","Query",NULL,"Sales",NULL,True,"Offer/Scheme",NULL
"418","Sales","Nexa","Sales","Query",NULL,"Sales",NULL,True,"Parts & Accessories Covered Under Extended Warranty",NULL
"419","Sales","Nexa","Sales","Query",NULL,"Sales",NULL,True,"Process of Refund",NULL
"420","Sales","Nexa","Sales","Query",NULL,"Sales",NULL,True,"Refund Status",NULL
"421","Sales","Nexa","Sales","Query",NULL,"Sales",NULL,True,"Service/Repairing Charges Under Extended Warranty",NULL
"422","Sales","Nexa","Sales","Query",NULL,"Sales",NULL,True,"Status of Open Complaint",NULL
"423","Sales","Nexa","Sales","Query",NULL,"Sales",NULL,True,"Test Drive",NULL
"424","Sales","Nexa","Sales","Query",NULL,"Sales",NULL,True,"Types of Extended Warranty",NULL
"425","Sales","Nexa","Sales","Query",NULL,"Sales",NULL,True,"Unable to Cancel Online",NULL
"426","Sales","Nexa","Sales","Query",NULL,"Sales",NULL,True,"Waiting Period of Car",NULL
"427","Sales","Nexa","Sales","Query",NULL,"Sales",NULL,True,"Warranty of New Car",NULL
"428","Sales","Nexa","Sales","Query",NULL,"Sales",NULL,True,"Complaint Withdrawal",NULL
"429","Sales","Nexa","Sales","Query",NULL,"Sales",NULL,True,"Extended Warranty",NULL
"430","Sales","Nexa","Sales","Query",NULL,"Sales",NULL,True,"Finance",NULL
"431","Sales","Nexa","Sales","Query",NULL,"Sales",NULL,True,"Showroom Details",NULL
"432","Sales","Nexa","Sales","Query",NULL,"Sales",NULL,True,"Others",NULL
"442","Booking Related","Nexa","Sales","Query",NULL,"Sales",NULL,True,"Asked for Premium/Forced Accessories",NULL
"443","Booking Related","Nexa","Sales","Query",NULL,"Sales",NULL,True,"Booking Refused",NULL
"444","Benefit/Badge Related","Nexa","Sales","Query",NULL,"Sales",NULL,True,"Unable to Claim Badge",NULL
"455","Deal","Nexa","Sales","Query",NULL,"Sales",NULL,True,"False Commitment (Verbal)",NULL
"456","Deal","Nexa","Sales","Query",NULL,"Sales",NULL,True,"False Commitment (Written)",NULL
"457","Deal","Nexa","Sales","Query",NULL,"Sales",NULL,True,"Price of The Car(Verbal)",NULL
"458","Deal","Nexa","Sales","Query",NULL,"Sales",NULL,True,"Price of The Car(Written)",NULL
"459","Deal","Nexa","Sales","Query",NULL,"Sales",NULL,True,"Scheme/Discount Related (Verbal)",NULL
"460","Deal","Nexa","Sales","Query",NULL,"Sales",NULL,True,"Scheme/Discount Related (Written)",NULL
"461","Dealer Related","Nexa","Sales","Query",NULL,"Sales",NULL,True,"Unsatisfactory Dealer Interaction",NULL
"462","Delayed Delivery Days","Nexa","Sales","Query",NULL,"Sales",NULL,True,"Delayed Delivery Days (Verbal)",NULL
"463","Delayed Delivery Days","Nexa","Sales","Query",NULL,"Sales",NULL,True,"Delayed Delivery Days (Written)",NULL
"464","Delivery Process","Nexa","Sales","Query",NULL,"Sales",NULL,True,"Delivery Process Time (Verbal)",NULL
"465","Delivery Process","Nexa","Sales","Query",NULL,"Sales",NULL,True,"Explanation at The Time of Delivery",NULL
"466","Delivery Process","Nexa","Sales","Query",NULL,"Sales",NULL,True,"Second Key Not Delivered",NULL
"467","Documents Not Received","Nexa","Sales","Query",NULL,"Sales",NULL,True,"Documents Not Received/Delay in Receipt of Documents (Verbal)",NULL
"468","Documents Not Received","Nexa","Sales","Query",NULL,"Sales",NULL,True,"Documents Not Received/Delay in Receipt of Documents (Written)",NULL
"469","Documents Not Received","Nexa","Sales","Query",NULL,"Sales",NULL,True,"RC Not Received (Verbal)",NULL
"470","Documents Not Received","Nexa","Sales","Query",NULL,"Sales",NULL,True,"RC Not Received (Written)",NULL
"471","Finance","Nexa","Sales","Query",NULL,"Smart Finance",NULL,True,"Finance Process Related",NULL
"480","Multiple","Nexa","Sales","Query",NULL,"Sales",NULL,True,"Multiple",NULL
"481","Others","Nexa","Sales","Query",NULL,"Sales",NULL,True,"Others",NULL
"482","Overcharging","Nexa","Sales","Query",NULL,"Sales",NULL,True,"Overcharging",NULL
"483","Paper Work","Nexa","Sales","Query",NULL,"Sales",NULL,True,"Hassle Free/Transparent Paper Work",NULL
"484","Payment Related","Nexa","Sales","Query",NULL,"Sales",NULL,True,"Non Refund of Amount",NULL
"485","PDI ","Nexa","Sales","Query",NULL,"Sales",NULL,True,"Dirty Car Delivered",NULL
"486","PDI ","Nexa","Sales","Query",NULL,"Sales",NULL,True,"PDI Service",NULL
"487","PDI ","Nexa","Sales","Query",NULL,"Sales",NULL,True,"Petrol",NULL
"488","PDI ","Nexa","Sales","Query",NULL,"Sales",NULL,True,"Scratches & Dent",NULL
"489","Points Related","Nexa","Sales","Query",NULL,"Sales",NULL,True,"Incorrect Transaction History",NULL
"490","Points Related","Nexa","Sales","Query",NULL,"Sales",NULL,True,"Points Not Awarded",NULL
"491","Points Related","Nexa","Sales","Query",NULL,"Sales",NULL,True,"Points Not Redeemed",NULL
"492","Product/Colour Availability","Nexa","Sales","Query",NULL,"Sales",NULL,True,"Product/Colour Availability (Verbal)",NULL
"493","Product/Colour Availability","Nexa","Sales","Query",NULL,"Sales",NULL,True,"Product/Colour Availability (Written)",NULL
"433","Accessories","Nexa","Sales","Query",NULL,"Sales",NULL,False,"Accessories Not Fixed Properly",NULL
"985","Service Booking Related","Arena","Service","Query",NULL,"Service",NULL,True,"Car Servicing Charges",NULL
"986","Service Booking Related","Arena","Service","Query",NULL,"Service",NULL,True,"Non Availability of Spare Part in Particular Workshop",NULL
"987","Service Booking Related","Arena","Service","Query",NULL,"Service",NULL,True,"Retrofitment Charges",NULL
"498","Vintage Stock","Nexa","Sales","Query",NULL,"Sales",NULL,True,"Milometer >150 KM",NULL
"499","Vintage Stock","Nexa","Sales","Query",NULL,"Sales",NULL,True,"Previous Year Manufactured Car",NULL
"517","Sales Initiation","Nexa","Sales","Query",NULL,"Sales",NULL,True,"Parking",NULL
"518","Sales Initiation","Nexa","Sales","Query",NULL,"Sales",NULL,True,"Showroom Ambience",NULL
"519","Sales Initiation","Nexa","Sales","Query",NULL,"Sales",NULL,True,"Tea/Water Offered",NULL
"520","Sales Initiation","Nexa","Sales","Query",NULL,"Sales",NULL,True,"Test Drive",NULL
"669","Sales","Commercial","Sales","Query",NULL,"Sales",NULL,True,"Booked Car Status",NULL
"670","Sales","Commercial","Sales","Query",NULL,"Sales",NULL,True,"Booking Cancellation",NULL
"671","Sales","Commercial","Sales","Query",NULL,"Sales",NULL,True,"Cancellation Charges",NULL
"672","Sales","Commercial","Sales","Query",NULL,"Sales",NULL,True,"Cancellation Process of Booked Car",NULL
"673","Sales","Commercial","Sales","Query",NULL,"Sales",NULL,True,"Car Price/Features",NULL
"674","Sales","Commercial","Sales","Query",NULL,"Sales",NULL,True,"Clarification on Misc Charges",NULL
"675","Sales","Commercial","Sales","Query",NULL,"Sales",NULL,True,"Colour Availability",NULL
"676","Sales","Commercial","Sales","Query",NULL,"Sales",NULL,True,"Complaint Already Withdrawn",NULL
"677","Sales","Commercial","Sales","Query",NULL,"Sales",NULL,True,"Customer did Not Withdraw The Complaint",NULL
"678","Sales","Commercial","Sales","Query",NULL,"Sales",NULL,True,"Customer Wanted to Withdraw The Complaint",NULL
"679","Sales","Commercial","Sales","Query",NULL,"Sales",NULL,True,"Dealer Assistance Charges",NULL
"680","Sales","Commercial","Sales","Query",NULL,"Sales",NULL,True,"Dealer Not Contactable",NULL
"681","Sales","Commercial","Sales","Query",NULL,"Sales",NULL,True,"Delivery Date of Booked Car",NULL
"682","Sales","Commercial","Sales","Query",NULL,"Sales",NULL,True,"Enquiry About Upcoming Models",NULL
"683","Sales","Commercial","Sales","Query",NULL,"Sales",NULL,True,"Enquiry About The TaT of Complaint Resolution",NULL
"684","Sales","Commercial","Sales","Query",NULL,"Sales",NULL,True,"Enquiry on Warranty of Vehicle Parts",NULL
"685","Sales","Commercial","Sales","Query",NULL,"Sales",NULL,True,"Extended Warranty Charges",NULL
"686","Sales","Commercial","Sales","Query",NULL,"Sales",NULL,True,"Extended Warranty Procedure",NULL
"687","Sales","Commercial","Sales","Query",NULL,"Sales",NULL,True,"Offer/Scheme",NULL
"688","Sales","Commercial","Sales","Query",NULL,"Sales",NULL,True,"Parts & Accessories Covered Under Extended Warranty",NULL
"689","Sales","Commercial","Sales","Query",NULL,"Sales",NULL,True,"Process of Refund",NULL
"690","Sales","Commercial","Sales","Query",NULL,"Sales",NULL,True,"Refund Status",NULL
"691","Sales","Commercial","Sales","Query",NULL,"Sales",NULL,True,"Service/Repairing Charges Under Extended Warranty",NULL
"692","Sales","Commercial","Sales","Query",NULL,"Sales",NULL,True,"Status of Open Complaint",NULL
"693","Sales","Commercial","Sales","Query",NULL,"Sales",NULL,True,"Test Drive",NULL
"694","Sales","Commercial","Sales","Query",NULL,"Sales",NULL,True,"Types of Extended Warranty",NULL
"695","Sales","Commercial","Sales","Query",NULL,"Sales",NULL,True,"Unable to Cancel Online",NULL
"696","Sales","Commercial","Sales","Query",NULL,"Sales",NULL,True,"Waiting Period of Car",NULL
"697","Sales","Commercial","Sales","Query",NULL,"Sales",NULL,True,"Warranty of New Car",NULL
"698","Sales","Commercial","Sales","Query",NULL,"Sales",NULL,True,"Complaint Withdrawal",NULL
"699","Sales","Commercial","Sales","Query",NULL,"Sales",NULL,True,"Extended Warranty",NULL
"700","Sales","Commercial","Sales","Query",NULL,"Sales",NULL,True,"Finance",NULL
"701","Sales","Commercial","Sales","Query",NULL,"Sales",NULL,True,"Showroom Details",NULL
"702","Sales","Commercial","Sales","Query",NULL,"Sales",NULL,True,"Others",NULL
"712","Booking Related","Commercial","Sales","Query",NULL,"Sales",NULL,True,"Asked for Premium/Forced Accessories",NULL
"713","Booking Related","Commercial","Sales","Query",NULL,"Sales",NULL,True,"Booking Refused",NULL
"714","Benefit/Badge Related","Commercial","Sales","Query",NULL,"Sales",NULL,True,"Unable to Claim Badge",NULL
"725","Deal","Commercial","Sales","Query",NULL,"Sales",NULL,True,"False Commitment (Verbal)",NULL
"726","Deal","Commercial","Sales","Query",NULL,"Sales",NULL,True,"False Commitment (Written)",NULL
"727","Deal","Commercial","Sales","Query",NULL,"Sales",NULL,True,"Price of The Car(Verbal)",NULL
"728","Deal","Commercial","Sales","Query",NULL,"Sales",NULL,True,"Price of The Car(Written)",NULL
"729","Deal","Commercial","Sales","Query",NULL,"Sales",NULL,True,"Scheme/Discount Related (Verbal)",NULL
"730","Deal","Commercial","Sales","Query",NULL,"Sales",NULL,True,"Scheme/Discount Related (Written)",NULL
"731","Dealer Related","Commercial","Sales","Query",NULL,"Sales",NULL,True,"Unsatisfactory Dealer Interaction",NULL
"732","Delayed Delivery Days","Commercial","Sales","Query",NULL,"Sales",NULL,True,"Delayed Delivery Days (Verbal)",NULL
"733","Delayed Delivery Days","Commercial","Sales","Query",NULL,"Sales",NULL,True,"Delayed Delivery Days (Written)",NULL
"734","Delivery Process","Commercial","Sales","Query",NULL,"Sales",NULL,True,"Delivery Process Time (Verbal)",NULL
"735","Delivery Process","Commercial","Sales","Query",NULL,"Sales",NULL,True,"Explanation at The Time of Delivery",NULL
"736","Delivery Process","Commercial","Sales","Query",NULL,"Sales",NULL,True,"Second Key Not Delivered",NULL
"737","Documents Not Received","Commercial","Sales","Query",NULL,"Sales",NULL,True,"Documents Not Received/Delay in Receipt of Documents (Verbal)",NULL
"738","Documents Not Received","Commercial","Sales","Query",NULL,"Sales",NULL,True,"Documents Not Received/Delay in Receipt of Documents (Written)",NULL
"739","Documents Not Received","Commercial","Sales","Query",NULL,"Sales",NULL,True,"RC Not Received (Verbal)",NULL
"740","Documents Not Received","Commercial","Sales","Query",NULL,"Sales",NULL,True,"RC Not Received (Written)",NULL
"741","Finance","Commercial","Sales","Query",NULL,"Smart Finance",NULL,True,"Finance Process Related",NULL
"749","Multiple","Commercial","Sales","Query",NULL,"Sales",NULL,True,"Multiple",NULL
"750","Others","Commercial","Sales","Query",NULL,"Sales",NULL,True,"Others",NULL
"751","Overcharging","Commercial","Sales","Query",NULL,"Sales",NULL,True,"Overcharging",NULL
"752","Paper Work","Commercial","Sales","Query",NULL,"Sales",NULL,True,"Hassle Free/Transparent Paper Work",NULL
"753","Payment Related","Commercial","Sales","Query",NULL,"Sales",NULL,True,"Non Refund of Amount",NULL
"754","PDI ","Commercial","Sales","Query",NULL,"Sales",NULL,True,"Dirty Car Delivered",NULL
"755","PDI ","Commercial","Sales","Query",NULL,"Sales",NULL,True,"PDI Service",NULL
"756","PDI ","Commercial","Sales","Query",NULL,"Sales",NULL,True,"Petrol",NULL
"757","PDI ","Commercial","Sales","Query",NULL,"Sales",NULL,True,"Scratches & Dent",NULL
"758","Points Related","Commercial","Sales","Query",NULL,"Sales",NULL,True,"Incorrect Transaction History",NULL
"759","Points Related","Commercial","Sales","Query",NULL,"Sales",NULL,True,"Points Not Awarded",NULL
"760","Points Related","Commercial","Sales","Query",NULL,"Sales",NULL,True,"Points Not Redeemed",NULL
"761","Product/Colour Availability","Commercial","Sales","Query",NULL,"Sales",NULL,True,"Product/Colour Availability (Verbal)",NULL
"762","Product/Colour Availability","Commercial","Sales","Query",NULL,"Sales",NULL,True,"Product/Colour Availability (Written)",NULL
"988","Service Booking Related","Arena","Service","Query",NULL,"Service",NULL,True,"Retrofitment Procedure",NULL
"989","Service Booking Related","Arena","Service","Query",NULL,"Service",NULL,True,"Retrofitment Recertification",NULL
"990","Service Booking Related","Arena","Service","Query",NULL,"Service",NULL,True,"Service Booking Related",NULL
"991","Service Booking Related","Arena","Service","Query",NULL,"Service",NULL,True,"Servicing of CNG",NULL
"767","Vintage Stock","Commercial","Sales","Query",NULL,"Sales",NULL,True,"Milometer >150 KM",NULL
"768","Vintage Stock","Commercial","Sales","Query",NULL,"Sales",NULL,True,"Previous Year Manufactured Car",NULL
"786","Sales Initiation","Commercial","Sales","Query",NULL,"Sales",NULL,True,"Parking",NULL
"787","Sales Initiation","Commercial","Sales","Query",NULL,"Sales",NULL,True,"Showroom Ambience",NULL
"788","Sales Initiation","Commercial","Sales","Query",NULL,"Sales",NULL,True,"Tea/Water Offered",NULL
"789","Sales Initiation","Commercial","Sales","Query",NULL,"Sales",NULL,True,"Test Drive",NULL
"2408","Others","Arena","Sales","Query",NULL,"Sales",NULL,True,"SR Details",NULL
"2413","Others","Nexa","Sales","Query",NULL,"Sales",NULL,True,"SR Details",NULL
"2418","Others","Commercial","Sales","Query",NULL,"Sales",NULL,True,"SR Details",NULL
"204","Finance","Arena","Sales","Query",NULL,"Smart Finance",NULL,True,"Smart Finance - Dealer Related","Price Visibile on Portal"
"205","Finance","Arena","Sales","Query",NULL,"Smart Finance",NULL,True,"Smart Finance - Dealer Related","Dealer Support Assistance on MSSF "
"206","Finance","Arena","Sales","Query",NULL,"Smart Finance",NULL,True,"Smart Finance - Dealer Related","Dealer Behaviour Related"
"207","Finance","Arena","Sales","Query",NULL,"Smart Finance",NULL,True,"Smart Finance - Dealer Related","Others"
"208","Finance","Arena","Sales","Query",NULL,"Smart Finance",NULL,True,"Smart Finance - Financer Related","No Response/Delayed in Issuing Sanction Letter"
"209","Finance","Arena","Sales","Query",NULL,"Smart Finance",NULL,True,"Smart Finance - Financer Related","Financer Seeking Documents Again "
"210","Finance","Arena","Sales","Query",NULL,"Smart Finance",NULL,True,"Smart Finance - Financer Related","Financer Refusing to Honor Sanction Letter"
"211","Finance","Arena","Sales","Query",NULL,"Smart Finance",NULL,True,"Smart Finance - Financer Related","Others"
"232","MSR Not Able To Use","Arena","Sales","Query",NULL,"Maruti Suzuki Rewards",NULL,True,"Enrollment Related","Unable to Enroll"
"233","MSR Not Able To Use","Arena","Sales","Query",NULL,"Maruti Suzuki Rewards",NULL,True,"Enrollment Related","Incorrect Customer Details"
"234","MSR Not Able To Use","Arena","Sales","Query",NULL,"Maruti Suzuki Rewards",NULL,True,"Software Related","App Related"
"235","MSR Not Able To Use","Arena","Sales","Query",NULL,"Maruti Suzuki Rewards",NULL,True,"Software Related","Website Related"
"236","MSR Not Able To Use","Arena","Sales","Query",NULL,"Maruti Suzuki Rewards",NULL,True,"Software Related","OTP Not Received"
"237","MSR Not Able To Use","Arena","Sales","Query",NULL,"Maruti Suzuki Rewards",NULL,True,"Software Related","Error in Payment"
"238","MSR Not Able To Use","Arena","Sales","Query",NULL,"Maruti Suzuki Rewards",NULL,True,"Benefit/Badge Related","Unable to Claim Benefit"
"239","MSR Not Able To Use","Arena","Sales","Query",NULL,"Maruti Suzuki Rewards",NULL,True,"Benefit/Badge Related","Unable to Claim Badge"
"240","MSR Not Able To Use","Arena","Sales","Query",NULL,"Maruti Suzuki Rewards",NULL,True,"Benefit/Badge Related","Unable to Use Badge"
"241","MSR Not Able To Use","Arena","Sales","Query",NULL,"Maruti Suzuki Rewards",NULL,True,"Benefit/Badge Related","Unable to Use Loyalty Bonus"
"242","MSR Points","Arena","Sales","Query",NULL,"Maruti Suzuki Rewards",NULL,True,"Points Related","Points Not Redeemed"
"243","MSR Points","Arena","Sales","Query",NULL,"Maruti Suzuki Rewards",NULL,True,"Points Related","Points Not Awarded"
"244","MSR Points","Arena","Sales","Query",NULL,"Maruti Suzuki Rewards",NULL,True,"Points Related","Incorrect Points Balance"
"245","MSR Points","Arena","Sales","Query",NULL,"Maruti Suzuki Rewards",NULL,True,"Points Related","Incorrect Transaction History"
"246","MSR - Issue With Dealer","Arena","Sales","Query",NULL,"Maruti Suzuki Rewards",NULL,True,"Dealer Related","Unsatisfactory Dealer Interaction"
"247","MSR - Issue With Dealer","Arena","Sales","Query",NULL,"Maruti Suzuki Rewards",NULL,True,"Dealer Related","Not Informed About The Program"
"248","MSR General Complaint","Arena","Sales","Query",NULL,"Maruti Suzuki Rewards",NULL,True,"Others","Others"
"2656","MSR Not Able To Use","MDS","MSDS","Query",NULL,NULL,NULL,False,"Enrollment Related","Unable to Enroll"
"2657","MSR Points","MDS","MSDS","Query",NULL,NULL,NULL,False,"Points Related","Points Not Redeemed"
"2658","MSR Points","MDS","MSDS","Query",NULL,NULL,NULL,False,"Points Related","Points Not Awarded"
"2659","MSR Points","MDS","MSDS","Query",NULL,NULL,NULL,False,"Points Related","Incorrect Points Balance"
"2660","MSR - Issue With Dealer","MDS","MSDS","Query",NULL,NULL,NULL,False,"Dealer Related","Not Informed About The Program"
"2661","MSR - Issue With Dealer","MDS","MSDS","Query",NULL,NULL,NULL,False,"Dealer Related","Unsatisfactory Dealer Interaction"
"2662","MSR General Complaint","MDS","MSDS","Query",NULL,NULL,NULL,False,"Others","Others"
"2712","MSR Not Able To Use","MDS","MSDS","Feedback",NULL,NULL,NULL,False,"Enrollment Related","Unable to Enroll"
"2713","MSR Points","MDS","MSDS","Feedback",NULL,NULL,NULL,False,"Points Related","Points Not Redeemed"
"2714","MSR Points","MDS","MSDS","Feedback",NULL,NULL,NULL,False,"Points Related","Points Not Awarded"
"2715","MSR Points","MDS","MSDS","Feedback",NULL,NULL,NULL,False,"Points Related","Incorrect Points Balance"
"2716","MSR - Issue With Dealer","MDS","MSDS","Feedback",NULL,NULL,NULL,False,"Dealer Related","Not Informed About The Program"
"2717","MSR - Issue With Dealer","MDS","MSDS","Feedback",NULL,NULL,NULL,False,"Dealer Related","Unsatisfactory Dealer Interaction"
"2718","MSR General Complaint","MDS","MSDS","Feedback",NULL,NULL,NULL,False,"Others","Others"
"3184","Business Area","Arena","MSGP","Generic Query",NULL,NULL,NULL,True,"MSR Application",NULL
"3185","Business Area","Arena","MSGP","Generic Query",NULL,NULL,NULL,True,"MOS",NULL
"3186","Business Area","Arena","MSGP","Generic Query",NULL,NULL,NULL,True,"Website",NULL
"472","Finance","Nexa","Sales","Query",NULL,"Smart Finance",NULL,True,"Smart Finance - Dealer Related","Price Visibile on Portal"
"473","Finance","Nexa","Sales","Query",NULL,"Smart Finance",NULL,True,"Smart Finance - Dealer Related","Dealer Support Assistance on MSSF "
"474","Finance","Nexa","Sales","Query",NULL,"Smart Finance",NULL,True,"Smart Finance - Dealer Related","Dealer Behaviour Related"
"475","Finance","Nexa","Sales","Query",NULL,"Smart Finance",NULL,True,"Smart Finance - Dealer Related","Others"
"476","Finance","Nexa","Sales","Query",NULL,"Smart Finance",NULL,True,"Smart Finance - Financer Related","No Response/Delayed in Issuing Sanction Letter"
"477","Finance","Nexa","Sales","Query",NULL,"Smart Finance",NULL,True,"Smart Finance - Financer Related","Financer Seeking Documents Again "
"478","Finance","Nexa","Sales","Query",NULL,"Smart Finance",NULL,True,"Smart Finance - Financer Related","Financer Refusing to Honor Sanction Letter"
"479","Finance","Nexa","Sales","Query",NULL,"Smart Finance",NULL,True,"Smart Finance - Financer Related","Others"
"500","MSR Not Able To Use","Nexa","Sales","Query",NULL,"Maruti Suzuki Rewards",NULL,True,"Enrollment Related","Unable to Enroll"
"501","MSR Not Able To Use","Nexa","Sales","Query",NULL,"Maruti Suzuki Rewards",NULL,True,"Enrollment Related","Incorrect Customer Details"
"502","MSR Not Able To Use","Nexa","Sales","Query",NULL,"Maruti Suzuki Rewards",NULL,True,"Software Related","App Related"
"503","MSR Not Able To Use","Nexa","Sales","Query",NULL,"Maruti Suzuki Rewards",NULL,True,"Software Related","Website Related"
"504","MSR Not Able To Use","Nexa","Sales","Query",NULL,"Maruti Suzuki Rewards",NULL,True,"Software Related","OTP Not Received"
"505","MSR Not Able To Use","Nexa","Sales","Query",NULL,"Maruti Suzuki Rewards",NULL,True,"Software Related","Error in Payment"
"506","MSR Not Able To Use","Nexa","Sales","Query",NULL,"Maruti Suzuki Rewards",NULL,True,"Benefit/Badge Related","Unable to Claim Benefit"
"507","MSR Not Able To Use","Nexa","Sales","Query",NULL,"Maruti Suzuki Rewards",NULL,True,"Benefit/Badge Related","Unable to Claim Badge"
"508","MSR Not Able To Use","Nexa","Sales","Query",NULL,"Maruti Suzuki Rewards",NULL,True,"Benefit/Badge Related","Unable to Use Badge"
"509","MSR Not Able To Use","Nexa","Sales","Query",NULL,"Maruti Suzuki Rewards",NULL,True,"Benefit/Badge Related","Unable to Use Loyalty Bonus"
"510","MSR Points","Nexa","Sales","Query",NULL,"Maruti Suzuki Rewards",NULL,True,"Points Related","Points Not Redeemed"
"511","MSR Points","Nexa","Sales","Query",NULL,"Maruti Suzuki Rewards",NULL,True,"Points Related","Points Not Awarded"
"512","MSR Points","Nexa","Sales","Query",NULL,"Maruti Suzuki Rewards",NULL,True,"Points Related","Incorrect Points Balance"
"513","MSR Points","Nexa","Sales","Query",NULL,"Maruti Suzuki Rewards",NULL,True,"Points Related","Incorrect Transaction History"
"514","MSR - Issue With Dealer","Nexa","Sales","Query",NULL,"Maruti Suzuki Rewards",NULL,True,"Dealer Related","Unsatisfactory Dealer Interaction"
"515","MSR - Issue With Dealer","Nexa","Sales","Query",NULL,"Maruti Suzuki Rewards",NULL,True,"Dealer Related","Not Informed About The Program"
"516","MSR General Complaint","Nexa","Sales","Query",NULL,"Maruti Suzuki Rewards",NULL,True,"Others","Others"
"3187","Business Area","Arena","MSGP","Generic Query",NULL,NULL,NULL,True,"Spare Parts",NULL
"3188","Business Area","Arena","MSGP","Generic Query",NULL,NULL,NULL,True,"E-Booking Related",NULL
"3189","Business Area","Arena","MSGP","Generic Query",NULL,NULL,NULL,True,"Rewards/Loyalty Points Related",NULL
"3190","MSIL","Arena","MSGP","Generic Query",NULL,NULL,NULL,True,"MSIL Related Information (Contact)",NULL
"3191","MSIL","Arena","MSGP","Generic Query",NULL,NULL,NULL,True,"Query About Maruti Product",NULL
"3192","MSIL","Arena","MSGP","Generic Query",NULL,NULL,NULL,True,"Recall Related",NULL
"3193","MSIL","Arena","MSGP","Generic Query",NULL,NULL,NULL,True,"New Model",NULL
"3194","MSIL","Arena","MSGP","Generic Query",NULL,NULL,NULL,True,"Price Related",NULL
"3195","MSIL","Arena","MSGP","Generic Query",NULL,NULL,NULL,True,"Booked Car Related",NULL
"3196","MSIL","Arena","MSGP","Generic Query",NULL,NULL,NULL,True,"Spam Email",NULL
"3197","MSIL","Arena","MSGP","Generic Query",NULL,NULL,NULL,True,"Service Related",NULL
"3198","Enquiry","Arena","MSGP","Generic Query",NULL,NULL,NULL,True,"Status of Complaint",NULL
"3199","Enquiry","Arena","MSGP","Generic Query",NULL,NULL,NULL,True,"Complaint Withdrawal",NULL
"3200","Others","Arena","MSGP","Generic Query",NULL,NULL,NULL,True,"RO Related",NULL
"3201","Others","Arena","MSGP","Generic Query",NULL,NULL,NULL,True,"Incomplete Information of Customer",NULL
"3202","Others","Arena","MSGP","Generic Query",NULL,NULL,NULL,True,"Non Maruti Car",NULL
"3203","Others","Arena","MSGP","Generic Query",NULL,NULL,NULL,True,"Other Query",NULL
"742","Finance","Commercial","Sales","Query",NULL,"Smart Finance",NULL,True,"Smart Finance - Dealer Related","Price Visibile on Portal"
"549","Finance","Commercial","Sales","Query",NULL,"Smart Finance",NULL,True,"Smart Finance - Dealer Related","Dealer Support Assistance on MSSF "
"743","Finance","Commercial","Sales","Query",NULL,"Smart Finance",NULL,True,"Smart Finance - Dealer Related","Dealer Behaviour Related"
"744","Finance","Commercial","Sales","Query",NULL,"Smart Finance",NULL,True,"Smart Finance - Dealer Related","Others"
"745","Finance","Commercial","Sales","Query",NULL,"Smart Finance",NULL,True,"Smart Finance - Financer Related","No Response/Delayed in Issuing Sanction Letter"
"746","Finance","Commercial","Sales","Query",NULL,"Smart Finance",NULL,True,"Smart Finance - Financer Related","Financer Seeking Documents Again "
"747","Finance","Commercial","Sales","Query",NULL,"Smart Finance",NULL,True,"Smart Finance - Financer Related","Financer Refusing to Honor Sanction Letter"
"748","Finance","Commercial","Sales","Query",NULL,"Smart Finance",NULL,True,"Smart Finance - Financer Related","Others"
"769","MSR Not Able To Use","Commercial","Sales","Query",NULL,"Maruti Suzuki Rewards",NULL,True,"Enrollment Related","Unable to Enroll"
"770","MSR Not Able To Use","Commercial","Sales","Query",NULL,"Maruti Suzuki Rewards",NULL,True,"Enrollment Related","Incorrect Customer Details"
"771","MSR Not Able To Use","Commercial","Sales","Query",NULL,"Maruti Suzuki Rewards",NULL,True,"Software Related","App Related"
"772","MSR Not Able To Use","Commercial","Sales","Query",NULL,"Maruti Suzuki Rewards",NULL,True,"Software Related","Website Related"
"773","MSR Not Able To Use","Commercial","Sales","Query",NULL,"Maruti Suzuki Rewards",NULL,True,"Software Related","OTP Not Received"
"774","MSR Not Able To Use","Commercial","Sales","Query",NULL,"Maruti Suzuki Rewards",NULL,True,"Software Related","Error in Payment"
"775","MSR Not Able To Use","Commercial","Sales","Query",NULL,"Maruti Suzuki Rewards",NULL,True,"Benefit/Badge Related","Unable to Claim Benefit"
"776","MSR Not Able To Use","Commercial","Sales","Query",NULL,"Maruti Suzuki Rewards",NULL,True,"Benefit/Badge Related","Unable to Claim Badge"
"777","MSR Not Able To Use","Commercial","Sales","Query",NULL,"Maruti Suzuki Rewards",NULL,True,"Benefit/Badge Related","Unable to Use Badge"
"778","MSR Not Able To Use","Commercial","Sales","Query",NULL,"Maruti Suzuki Rewards",NULL,True,"Benefit/Badge Related","Unable to Use Loyalty Bonus"
"779","MSR Points","Commercial","Sales","Query",NULL,"Maruti Suzuki Rewards",NULL,True,"Points Related","Points Not Redeemed"
"3204","Business Area","Nexa","MSGP","Generic Query",NULL,NULL,NULL,True,"MSR Application",NULL
"1271","Product Complaints","Nexa","Service","Complaint",NULL,NULL,NULL,True,"Brake Issue","Brake Pedal Hard"
"780","MSR Points","Commercial","Sales","Query",NULL,"Maruti Suzuki Rewards",NULL,True,"Points Related","Points Not Awarded"
"781","MSR Points","Commercial","Sales","Query",NULL,"Maruti Suzuki Rewards",NULL,True,"Points Related","Incorrect Points Balance"
"782","MSR Points","Commercial","Sales","Query",NULL,"Maruti Suzuki Rewards",NULL,True,"Points Related","Incorrect Transaction History"
"783","MSR - Issue With Dealer","Commercial","Sales","Query",NULL,"Maruti Suzuki Rewards",NULL,True,"Dealer Related","Unsatisfactory Dealer Interaction"
"784","MSR - Issue With Dealer","Commercial","Sales","Query",NULL,"Maruti Suzuki Rewards",NULL,True,"Dealer Related","Not Informed About The Program"
"785","MSR General Complaint","Commercial","Sales","Query",NULL,"Maruti Suzuki Rewards",NULL,True,"Others","Others"
"2382","Finance","Arena","Sales","Query",NULL,"Smart Finance",NULL,True,"Smart Finance - Dealer Related","Dealer Commitment Related(Rate of Interest/Processing Fee/Loan Amount/Loan Tenor) Through MSSF Portal "
"2385","Finance","Nexa","Sales","Query",NULL,"Smart Finance",NULL,True,"Smart Finance - Dealer Related","Dealer Commitment Related(Rate of Interest/Processing Fee/Loan Amount/Loan Tenor) Through MSSF Portal "
"2388","Finance","Commercial","Sales","Query",NULL,"Smart Finance",NULL,True,"Smart Finance - Dealer Related","Dealer Commitment Related(Rate of Interest/Processing Fee/Loan Amount/Loan Tenor) Through MSSF Portal "
"168","Accessories","Arena","Sales","Query",NULL,"Suzuki Connect","Gen 1",True,"Suzuki Connect Sales Related","Subscription Not Sold in DMS"
"169","Accessories","Arena","Sales","Query",NULL,"Suzuki Connect","Gen 1",True,"Suzuki Connect Sales Related","Mobile Number Not Updated"
"170","Accessories","Arena","Sales","Query",NULL,"Suzuki Connect","Gen 1",True,"Suzuki Connect Sales Related","Vehicle Registration Number Not Updated"
"171","Accessories","Arena","Sales","Query",NULL,"Suzuki Connect","Gen 1",True,"Suzuki Connect Sales Related","Billing Related"
"172","Accessories","Arena","Sales","Query",NULL,"Suzuki Connect","Gen 1",True,"Suzuki Connect Sales Related","Device Connections To Be Checked(Device Inspection)"
"173","Accessories","Arena","Sales","Query",NULL,"Suzuki Connect","Gen 1",True,"Suzuki Connect Sales Related","Replacement"
"174","Accessories","Arena","Sales","Query",NULL,"Suzuki Connect","Gen 1",True,"Suzuki Connect Sales Related","Others"
"178","Company Fitted","Arena","Sales","Query",NULL,"Suzuki Connect","Gen 2",True,"Suzuki Connect Dealer Assistance","Device Connections To Be Checked(Device Inspection)"
"179","Company Fitted","Arena","Sales","Query",NULL,"Suzuki Connect","Gen 2",True,"Suzuki Connect Dealer Assistance","Re-enrollment/Enrollment"
"180","Company Fitted","Arena","Sales","Query",NULL,"Suzuki Connect","Gen 2",True,"Suzuki Connect Dealer Assistance","Vehicle Inspection"
"181","Company Fitted","Arena","Sales","Query",NULL,"Suzuki Connect","Gen 2",True,"Suzuki Connect Dealer Assistance","Replacement"
"182","Company Fitted","Arena","Sales","Query",NULL,"Suzuki Connect","Gen 2",True,"Suzuki Connect Dealer Assistance","Others"
"183","Company Fitted","Arena","Sales","Query",NULL,"Suzuki Connect","Gen 2",True,"Suzuki Connect Sales Related","Subscription Not Sold in DMS"
"184","Company Fitted","Arena","Sales","Query",NULL,"Suzuki Connect","Gen 2",True,"Suzuki Connect Sales Related","Mobile Number Not Updated"
"185","Company Fitted","Arena","Sales","Query",NULL,"Suzuki Connect","Gen 2",True,"Suzuki Connect Sales Related","Vehicle Registration Number Not Updated"
"186","Company Fitted","Arena","Sales","Query",NULL,"Suzuki Connect","Gen 2",True,"Suzuki Connect Sales Related","Billing Related"
"187","Company Fitted","Arena","Sales","Query",NULL,"Suzuki Connect","Gen 2",True,"Suzuki Connect Sales Related","Others"
"2412","Accessories","Arena","Sales","Query",NULL,"Suzuki Connect","Gen 1",True,"Suzuki Connect Sales Related","Installation"
"2411","Accessories","Arena","Sales","Query",NULL,"Suzuki Connect","Gen 1",True,"Suzuki Connect Sales Related","Price Related"
"2410","Company Fitted","Arena","Sales","Query",NULL,"Suzuki Connect","Gen 2",True,"Suzuki Connect Sales Related","Installation"
"2409","Company Fitted","Arena","Sales","Query",NULL,"Suzuki Connect","Gen 2",True,"Suzuki Connect Sales Related","Price Related"
"2417","Accessories","Nexa","Sales","Query",NULL,"Suzuki Connect","Gen 1",True,"Suzuki Connect Sales Related","Installation"
"2416","Accessories","Nexa","Sales","Query",NULL,"Suzuki Connect","Gen 1",True,"Suzuki Connect Sales Related","Price Related"
"2415","Company Fitted","Nexa","Sales","Query",NULL,"Suzuki Connect","Gen 2",True,"Suzuki Connect Sales Related","Installation"
"2414","Company Fitted","Nexa","Sales","Query",NULL,"Suzuki Connect","Gen 2",True,"Suzuki Connect Sales Related","Price Related"
"2422","Accessories","Commercial","Sales","Query",NULL,"Suzuki Connect","Gen 1",True,"Suzuki Connect Sales Related","Installation"
"2421","Accessories","Commercial","Sales","Query",NULL,"Suzuki Connect","Gen 1",True,"Suzuki Connect Sales Related","Price Related"
"2420","Company Fitted","Commercial","Sales","Query",NULL,"Suzuki Connect","Gen 2",True,"Suzuki Connect Sales Related","Installation"
"2419","Company Fitted","Commercial","Sales","Query",NULL,"Suzuki Connect","Gen 2",True,"Suzuki Connect Sales Related","Price Related"
"992","Service Booking Related","Arena","Service","Query",NULL,"Service",NULL,True,"Spare Part Availability",NULL
"993","Service Booking Related","Arena","Service","Query",NULL,"Service",NULL,True,"Spare Part Price",NULL
"994","Service Booking Related","Arena","Service","Query",NULL,"Service",NULL,True,"Wants Service from Particular Workshop",NULL
"995","Service Booking Related","Arena","Service","Query",NULL,"Service",NULL,True,"Workshop Details for Vehicle Service",NULL
"996","Service Booking Related","Arena","Service","Query",NULL,"Service",NULL,True,"Status of Open Complaint",NULL
"997","Service Booking Related","Arena","Service","Query",NULL,"Service",NULL,True,"Complaint Withdrawal",NULL
"998","Service Booking Related","Arena","Service","Query",NULL,"Service",NULL,True,"Service Camps",NULL
"999","Service Booking Related","Arena","Service","Query",NULL,"Service",NULL,True,"Service and Maintenance ",NULL
"1000","Service Booking Related","Arena","Service","Query",NULL,"Service",NULL,True,"Retrofitments",NULL
"1001","Service Booking Related","Arena","Service","Query",NULL,"Service",NULL,True,"Delivery Related",NULL
"1002","Service Booking Related","Arena","Service","Query",NULL,"Service",NULL,True,"Workshop/MASS Details",NULL
"1003","Service Booking Related","Arena","Service","Query",NULL,"Service",NULL,True,"Others",NULL
"1004","Workmanship Bodyshop","Arena","Service","Query",NULL,"Service",NULL,True,"Vehicle Body Issue","Body Gaps After Bodyshop Repairs"
"1005","Workmanship Bodyshop","Arena","Service","Query",NULL,"Service",NULL,True,"Vehicle Body Issue","Body Noise After Bodyshop Repairs"
"1006","Workmanship Bodyshop","Arena","Service","Query",NULL,"Service",NULL,True,"Paint Issue","Paint Finish Not Okay After Body Repairs"
"1007","Workmanship Bodyshop","Arena","Service","Query",NULL,"Service",NULL,True,"Paint Issue","Paint Mismatch After Body Repairs"
"1008","Workmanship Bodyshop","Arena","Service","Query",NULL,"Service",NULL,True,"Paint Issue","Paint Peeling Off After Body Repairs"
"1009","Workmanship Bodyshop","Arena","Service","Query",NULL,"Service",NULL,True,"Paint Issue","Paint Related Defect After Body Repairs"
"1010","Workmanship Bodyshop","Arena","Service","Query",NULL,"Service",NULL,True,"Denting & Others","Rough Surface/Dent After Body Repairs"
"1011","Workmanship Bodyshop","Arena","Service","Query",NULL,"Service",NULL,True,"Denting & Others","Rusting After Painting"
"1012","Workmanship Bodyshop","Arena","Service","Query",NULL,"Service",NULL,True,"Denting & Others","Water Leakage After Bodyshop Repairs"
"1013","Workmanship Bodyshop","Arena","Service","Query",NULL,"Service",NULL,True,"Denting & Others","Door Noise After Bodyshop Repairs"
"1014","Workmanship Bodyshop","Arena","Service","Query",NULL,"Service",NULL,True,"Denting & Others","Foul Smell After Bodyshop Repairs"
"1015","Workmanship Bodyshop","Arena","Service","Query",NULL,"Service",NULL,True,"Denting & Others","Others"
"1016","Workmanship - Service/Repairs","Arena","Service","Query",NULL,"Service",NULL,True,"AC Issue","Ac Less Effective"
"1017","Workmanship - Service/Repairs","Arena","Service","Query",NULL,"Service",NULL,True,"AC Issue","Ac Noise"
"1018","Workmanship - Service/Repairs","Arena","Service","Query",NULL,"Service",NULL,True,"AC Issue","Ac Not Working"
"1019","Workmanship - Service/Repairs","Arena","Service","Query",NULL,"Service",NULL,True,"Brake Issue","Brake Fluid Leakage"
"1020","Workmanship - Service/Repairs","Arena","Service","Query",NULL,"Service",NULL,True,"Brake Issue","Brake Less Effective"
"1021","Workmanship - Service/Repairs","Arena","Service","Query",NULL,"Service",NULL,True,"Brake Issue","Brake Noise/Vibration"
"1022","Workmanship - Service/Repairs","Arena","Service","Query",NULL,"Service",NULL,True,"Brake Issue","Brake Pad Wear Off"
"1024","Workmanship - Service/Repairs","Arena","Service","Query",NULL,"Service",NULL,True,"Brake Issue","Brake Pedal Hard"
"1025","Workmanship - Service/Repairs","Arena","Service","Query",NULL,"Service",NULL,True,"Clutch Issue","Clutch Hard"
"1026","Workmanship - Service/Repairs","Arena","Service","Query",NULL,"Service",NULL,True,"Clutch Issue","Clutch Noise"
"1027","Workmanship - Service/Repairs","Arena","Service","Query",NULL,"Service",NULL,True,"Clutch Issue","Clutch Not Working"
"1028","Workmanship - Service/Repairs","Arena","Service","Query",NULL,"Service",NULL,True,"Door Issue","Door Hard To Close"
"1029","Workmanship - Service/Repairs","Arena","Service","Query",NULL,"Service",NULL,True,"Door Issue","Door Noise After Workshop Repairs"
"1030","Workmanship - Service/Repairs","Arena","Service","Query",NULL,"Service",NULL,True,"Electrical Issue","Electrical  - Battery"
"1031","Workmanship - Service/Repairs","Arena","Service","Query",NULL,"Service",NULL,True,"Electrical Issue","Electrical  - Fuses Related"
"1032","Workmanship - Service/Repairs","Arena","Service","Query",NULL,"Service",NULL,True,"Electrical Issue","Electrical  - Head Light Not Working"
"1033","Workmanship - Service/Repairs","Arena","Service","Query",NULL,"Service",NULL,True,"Electrical Issue","Electrical  - Horn Not Working"
"1034","Workmanship - Service/Repairs","Arena","Service","Query",NULL,"Service",NULL,True,"Electrical Issue","Electrical  - Mil/Dashboard Light"
"1035","Workmanship - Service/Repairs","Arena","Service","Query",NULL,"Service",NULL,True,"Electrical Issue","Electrical  - Others (Not Ac)"
"1036","Workmanship - Service/Repairs","Arena","Service","Query",NULL,"Service",NULL,True,"Electrical Issue","Electrical  - Side Indicator Not Working"
"1037","Workmanship - Service/Repairs","Arena","Service","Query",NULL,"Service",NULL,True,"Electrical Issue","Electrical  - Wiper Not Working"
"1038","Workmanship - Service/Repairs","Arena","Service","Query",NULL,"Service",NULL,True,"Engine Issue","Engine High Oil Consumption"
"1039","Workmanship - Service/Repairs","Arena","Service","Query",NULL,"Service",NULL,True,"Engine Issue","Engine Hydrostatic Lock"
"1040","Workmanship - Service/Repairs","Arena","Service","Query",NULL,"Service",NULL,True,"Engine Issue","Engine Noise/Vibration"
"1041","Workmanship - Service/Repairs","Arena","Service","Query",NULL,"Service",NULL,True,"Engine Issue","Engine Oil Leakage After Repair"
"1042","Workmanship - Service/Repairs","Arena","Service","Query",NULL,"Service",NULL,True,"Engine Issue","Engine Overheating"
"1043","Workmanship - Service/Repairs","Arena","Service","Query",NULL,"Service",NULL,True,"Engine Issue","Engine Stalling"
"1044","Workmanship - Service/Repairs","Arena","Service","Query",NULL,"Service",NULL,True,"Gear Issue","Gear Lever Vibration"
"1045","Workmanship - Service/Repairs","Arena","Service","Query",NULL,"Service",NULL,True,"Gear Issue","Gear Noise"
"1046","Workmanship - Service/Repairs","Arena","Service","Query",NULL,"Service",NULL,True,"Gear Issue","Gear Shifting Hard"
"1047","Workmanship - Service/Repairs","Arena","Service","Query",NULL,"Service",NULL,True,"Gear Issue","Gear Slippage"
"1048","Workmanship - Service/Repairs","Arena","Service","Query",NULL,"Service",NULL,True,"Gear Issue","Glass Noise After Workshop Repairs"
"1049","Workmanship - Service/Repairs","Arena","Service","Query",NULL,"Service",NULL,True,"Steering Issue","Steering Hard"
"1050","Workmanship - Service/Repairs","Arena","Service","Query",NULL,"Service",NULL,True,"Steering Issue","Steering Noise"
"1051","Workmanship - Service/Repairs","Arena","Service","Query",NULL,"Service",NULL,True,"Steering Issue","Steering Return Ability - Improper"
"1052","Workmanship - Service/Repairs","Arena","Service","Query",NULL,"Service",NULL,True,"Suspension Issue","Suspension Hard"
"1053","Workmanship - Service/Repairs","Arena","Service","Query",NULL,"Service",NULL,True,"Suspension Issue","Suspension Noise"
"1054","Workmanship - Service/Repairs","Arena","Service","Query",NULL,"Service",NULL,True,"Tyre Issue","Tyre Burst/Swell"
"1055","Workmanship - Service/Repairs","Arena","Service","Query",NULL,"Service",NULL,True,"Tyre Issue","Tyre Wear"
"1056","Workmanship - Service/Repairs","Arena","Service","Query",NULL,"Service",NULL,True,"Wheel Issue","Wheel Alignment"
"1057","Workmanship - Service/Repairs","Arena","Service","Query",NULL,"Service",NULL,True,"Wheel Issue","Wheel Wobbling"
"1058","Workmanship - Service/Repairs","Arena","Service","Query",NULL,"Service",NULL,True,"Others","Audio System"
"1059","Workmanship - Service/Repairs","Arena","Service","Query",NULL,"Service",NULL,True,"Others","Axle Noise"
"2740","Business Area","Arena","Sales","Generic Query",NULL,NULL,NULL,True,"MSR Application",NULL
"2741","Business Area","Arena","Sales","Generic Query",NULL,NULL,NULL,True,"MOS",NULL
"2742","Business Area","Arena","Sales","Generic Query",NULL,NULL,NULL,True,"Website",NULL
"2743","Business Area","Arena","Sales","Generic Query",NULL,NULL,NULL,True,"Spare Parts",NULL
"2744","Business Area","Arena","Sales","Generic Query",NULL,NULL,NULL,True,"E-Booking Related",NULL
"2745","Business Area","Arena","Sales","Generic Query",NULL,NULL,NULL,True,"Rewards/Loyalty Points Related",NULL
"2746","MSIL","Arena","Sales","Generic Query",NULL,NULL,NULL,True,"MSIL Related Information (Contact)",NULL
"2747","Enquiry","Arena","Sales","Generic Query",NULL,NULL,NULL,True,"Status of Complaint",NULL
"2748","Enquiry","Arena","Sales","Generic Query",NULL,NULL,NULL,True,"Complaint Withdrawal",NULL
"2749","MSIL","Arena","Sales","Generic Query",NULL,NULL,NULL,True,"Query About Maruti Product",NULL
"2750","MSIL","Arena","Sales","Generic Query",NULL,NULL,NULL,True,"Recall Related",NULL
"2751","MSIL","Arena","Sales","Generic Query",NULL,NULL,NULL,True,"New Model",NULL
"2752","MSIL","Arena","Sales","Generic Query",NULL,NULL,NULL,True,"Price Related",NULL
"2753","MSIL","Arena","Sales","Generic Query",NULL,NULL,NULL,True,"Booked Car Related",NULL
"2754","MSIL","Arena","Sales","Generic Query",NULL,NULL,NULL,True,"Spam Email",NULL
"2755","Others","Arena","Sales","Generic Query",NULL,NULL,NULL,True,"RO Related",NULL
"2756","MSIL","Arena","Sales","Generic Query",NULL,NULL,NULL,True,"Service Related",NULL
"2757","Others","Arena","Sales","Generic Query",NULL,NULL,NULL,True,"Incomplete Information of Customer",NULL
"2758","Others","Arena","Sales","Generic Query",NULL,NULL,NULL,True,"Non Maruti Car",NULL
"2759","Others","Arena","Sales","Generic Query",NULL,NULL,NULL,True,"Other Query",NULL
"2760","Business Area","Nexa","Sales","Generic Query",NULL,NULL,NULL,True,"MSR Application",NULL
"2761","Business Area","Nexa","Sales","Generic Query",NULL,NULL,NULL,True,"MOS",NULL
"2762","Business Area","Nexa","Sales","Generic Query",NULL,NULL,NULL,True,"Website",NULL
"2763","Business Area","Nexa","Sales","Generic Query",NULL,NULL,NULL,True,"Spare Parts",NULL
"2764","Business Area","Nexa","Sales","Generic Query",NULL,NULL,NULL,True,"E-Booking Related",NULL
"2765","Business Area","Nexa","Sales","Generic Query",NULL,NULL,NULL,True,"Rewards/Loyalty Points Related",NULL
"2766","MSIL","Nexa","Sales","Generic Query",NULL,NULL,NULL,True,"MSIL Related Information (Contact)",NULL
"2767","Enquiry","Nexa","Sales","Generic Query",NULL,NULL,NULL,True,"Status of Complaint",NULL
"2768","Enquiry","Nexa","Sales","Generic Query",NULL,NULL,NULL,True,"Complaint Withdrawal",NULL
"2769","MSIL","Nexa","Sales","Generic Query",NULL,NULL,NULL,True,"Query About Maruti Product",NULL
"2770","MSIL","Nexa","Sales","Generic Query",NULL,NULL,NULL,True,"Recall Related",NULL
"2771","MSIL","Nexa","Sales","Generic Query",NULL,NULL,NULL,True,"New Model",NULL
"2772","MSIL","Nexa","Sales","Generic Query",NULL,NULL,NULL,True,"Price Related",NULL
"2773","MSIL","Nexa","Sales","Generic Query",NULL,NULL,NULL,True,"Booked Car Related",NULL
"2774","MSIL","Nexa","Sales","Generic Query",NULL,NULL,NULL,True,"Spam Email",NULL
"2775","Others","Nexa","Sales","Generic Query",NULL,NULL,NULL,True,"RO Related",NULL
"2776","MSIL","Nexa","Sales","Generic Query",NULL,NULL,NULL,True,"Service Related",NULL
"2777","Others","Nexa","Sales","Generic Query",NULL,NULL,NULL,True,"Incomplete Information of Customer",NULL
"2778","Others","Nexa","Sales","Generic Query",NULL,NULL,NULL,True,"Non Maruti Car",NULL
"2779","Others","Nexa","Sales","Generic Query",NULL,NULL,NULL,True,"Other Query",NULL
"2780","Business Area","Commercial","Sales","Generic Query",NULL,NULL,NULL,True,"MSR Application",NULL
"2781","Business Area","Commercial","Sales","Generic Query",NULL,NULL,NULL,True,"MOS",NULL
"2782","Business Area","Commercial","Sales","Generic Query",NULL,NULL,NULL,True,"Website",NULL
"2783","Business Area","Commercial","Sales","Generic Query",NULL,NULL,NULL,True,"Spare Parts",NULL
"2784","Business Area","Commercial","Sales","Generic Query",NULL,NULL,NULL,True,"E-Booking Related",NULL
"2785","Business Area","Commercial","Sales","Generic Query",NULL,NULL,NULL,True,"Rewards/Loyalty Points Related",NULL
"2786","MSIL","Commercial","Sales","Generic Query",NULL,NULL,NULL,True,"MSIL Related Information (Contact)",NULL
"2787","Enquiry","Commercial","Sales","Generic Query",NULL,NULL,NULL,True,"Status of Complaint",NULL
"2788","Enquiry","Commercial","Sales","Generic Query",NULL,NULL,NULL,True,"Complaint Withdrawal",NULL
"2789","MSIL","Commercial","Sales","Generic Query",NULL,NULL,NULL,True,"Query About Maruti Product",NULL
"2790","MSIL","Commercial","Sales","Generic Query",NULL,NULL,NULL,True,"Recall Related",NULL
"2791","MSIL","Commercial","Sales","Generic Query",NULL,NULL,NULL,True,"New Model",NULL
"2792","MSIL","Commercial","Sales","Generic Query",NULL,NULL,NULL,True,"Price Related",NULL
"2793","MSIL","Commercial","Sales","Generic Query",NULL,NULL,NULL,True,"Booked Car Related",NULL
"2794","MSIL","Commercial","Sales","Generic Query",NULL,NULL,NULL,True,"Spam Email",NULL
"2795","Others","Commercial","Sales","Generic Query",NULL,NULL,NULL,True,"RO Related",NULL
"2796","MSIL","Commercial","Sales","Generic Query",NULL,NULL,NULL,True,"Service Related",NULL
"2797","Others","Commercial","Sales","Generic Query",NULL,NULL,NULL,True,"Incomplete Information of Customer",NULL
"2798","Others","Commercial","Sales","Generic Query",NULL,NULL,NULL,True,"Non Maruti Car",NULL
"2799","Others","Commercial","Sales","Generic Query",NULL,NULL,NULL,True,"Other Query",NULL
"2800","Business Area","Arena","Service","Generic Query",NULL,NULL,NULL,True,"MSR Application",NULL
"2801","Business Area","Arena","Service","Generic Query",NULL,NULL,NULL,True,"MOS",NULL
"2802","Business Area","Arena","Service","Generic Query",NULL,NULL,NULL,True,"Website",NULL
"2803","Business Area","Arena","Service","Generic Query",NULL,NULL,NULL,True,"Spare Parts",NULL
"2804","Business Area","Arena","Service","Generic Query",NULL,NULL,NULL,True,"E-Booking Related",NULL
"2805","Business Area","Arena","Service","Generic Query",NULL,NULL,NULL,True,"Rewards/Loyalty Points Related",NULL
"2806","MSIL","Arena","Service","Generic Query",NULL,NULL,NULL,True,"MSIL Related Information (Contact)",NULL
"2807","Enquiry","Arena","Service","Generic Query",NULL,NULL,NULL,True,"Status of Complaint",NULL
"2808","Enquiry","Arena","Service","Generic Query",NULL,NULL,NULL,True,"Complaint Withdrawal",NULL
"2809","MSIL","Arena","Service","Generic Query",NULL,NULL,NULL,True,"Query About Maruti Product",NULL
"2810","MSIL","Arena","Service","Generic Query",NULL,NULL,NULL,True,"Recall Related",NULL
"2811","MSIL","Arena","Service","Generic Query",NULL,NULL,NULL,True,"New Model",NULL
"2812","MSIL","Arena","Service","Generic Query",NULL,NULL,NULL,True,"Price Related",NULL
"2813","MSIL","Arena","Service","Generic Query",NULL,NULL,NULL,True,"Booked Car Related",NULL
"2814","MSIL","Arena","Service","Generic Query",NULL,NULL,NULL,True,"Spam Email",NULL
"2815","Others","Arena","Service","Generic Query",NULL,NULL,NULL,True,"RO Related",NULL
"2816","MSIL","Arena","Service","Generic Query",NULL,NULL,NULL,True,"Service Related",NULL
"2817","Others","Arena","Service","Generic Query",NULL,NULL,NULL,True,"Incomplete Information of Customer",NULL
"2818","Others","Arena","Service","Generic Query",NULL,NULL,NULL,True,"Non Maruti Car",NULL
"2819","Others","Arena","Service","Generic Query",NULL,NULL,NULL,True,"Other Query",NULL
"2820","Business Area","Nexa","Service","Generic Query",NULL,NULL,NULL,True,"MSR Application",NULL
"2821","Business Area","Nexa","Service","Generic Query",NULL,NULL,NULL,True,"MOS",NULL
"2822","Business Area","Nexa","Service","Generic Query",NULL,NULL,NULL,True,"Website",NULL
"2823","Business Area","Nexa","Service","Generic Query",NULL,NULL,NULL,True,"Spare Parts",NULL
"2824","Business Area","Nexa","Service","Generic Query",NULL,NULL,NULL,True,"E-Booking Related",NULL
"2825","Business Area","Nexa","Service","Generic Query",NULL,NULL,NULL,True,"Rewards/Loyalty Points Related",NULL
"2826","MSIL","Nexa","Service","Generic Query",NULL,NULL,NULL,True,"MSIL Related Information (Contact)",NULL
"2827","Enquiry","Nexa","Service","Generic Query",NULL,NULL,NULL,True,"Status of Complaint",NULL
"2828","Enquiry","Nexa","Service","Generic Query",NULL,NULL,NULL,True,"Complaint Withdrawal",NULL
"2829","MSIL","Nexa","Service","Generic Query",NULL,NULL,NULL,True,"Query About Maruti Product",NULL
"2830","MSIL","Nexa","Service","Generic Query",NULL,NULL,NULL,True,"Recall Related",NULL
"2831","MSIL","Nexa","Service","Generic Query",NULL,NULL,NULL,True,"New Model",NULL
"2832","MSIL","Nexa","Service","Generic Query",NULL,NULL,NULL,True,"Price Related",NULL
"2833","MSIL","Nexa","Service","Generic Query",NULL,NULL,NULL,True,"Booked Car Related",NULL
"2834","MSIL","Nexa","Service","Generic Query",NULL,NULL,NULL,True,"Spam Email",NULL
"2835","Others","Nexa","Service","Generic Query",NULL,NULL,NULL,True,"RO Related",NULL
"2836","MSIL","Nexa","Service","Generic Query",NULL,NULL,NULL,True,"Service Related",NULL
"2837","Others","Nexa","Service","Generic Query",NULL,NULL,NULL,True,"Incomplete Information of Customer",NULL
"2838","Others","Nexa","Service","Generic Query",NULL,NULL,NULL,True,"Non Maruti Car",NULL
"2839","Others","Nexa","Service","Generic Query",NULL,NULL,NULL,True,"Other Query",NULL
"2840","Business Area","Commercial","Service","Generic Query",NULL,NULL,NULL,True,"MSR Application",NULL
"2841","Business Area","Commercial","Service","Generic Query",NULL,NULL,NULL,True,"MOS",NULL
"2842","Business Area","Commercial","Service","Generic Query",NULL,NULL,NULL,True,"Website",NULL
"2843","Business Area","Commercial","Service","Generic Query",NULL,NULL,NULL,True,"Spare Parts",NULL
"2844","Business Area","Commercial","Service","Generic Query",NULL,NULL,NULL,True,"E-Booking Related",NULL
"2845","Business Area","Commercial","Service","Generic Query",NULL,NULL,NULL,True,"Rewards/Loyalty Points Related",NULL
"2846","MSIL","Commercial","Service","Generic Query",NULL,NULL,NULL,True,"MSIL Related Information (Contact)",NULL
"2847","Enquiry","Commercial","Service","Generic Query",NULL,NULL,NULL,True,"Status of Complaint",NULL
"2848","Enquiry","Commercial","Service","Generic Query",NULL,NULL,NULL,True,"Complaint Withdrawal",NULL
"2849","MSIL","Commercial","Service","Generic Query",NULL,NULL,NULL,True,"Query About Maruti Product",NULL
"2850","MSIL","Commercial","Service","Generic Query",NULL,NULL,NULL,True,"Recall Related",NULL
"2851","MSIL","Commercial","Service","Generic Query",NULL,NULL,NULL,True,"New Model",NULL
"2852","MSIL","Commercial","Service","Generic Query",NULL,NULL,NULL,True,"Price Related",NULL
"2853","MSIL","Commercial","Service","Generic Query",NULL,NULL,NULL,True,"Booked Car Related",NULL
"2854","MSIL","Commercial","Service","Generic Query",NULL,NULL,NULL,True,"Spam Email",NULL
"2855","Others","Commercial","Service","Generic Query",NULL,NULL,NULL,True,"RO Related",NULL
"2856","MSIL","Commercial","Service","Generic Query",NULL,NULL,NULL,True,"Service Related",NULL
"2857","Others","Commercial","Service","Generic Query",NULL,NULL,NULL,True,"Incomplete Information of Customer",NULL
"2858","Others","Commercial","Service","Generic Query",NULL,NULL,NULL,True,"Non Maruti Car",NULL
"2859","Others","Commercial","Service","Generic Query",NULL,NULL,NULL,True,"Other Query",NULL
"2860","Business Area","True Value","True Value","Generic Query",NULL,NULL,NULL,True,"MSR Application",NULL
"2861","Business Area","True Value","True Value","Generic Query",NULL,NULL,NULL,True,"MOS",NULL
"2862","Business Area","True Value","True Value","Generic Query",NULL,NULL,NULL,True,"Website",NULL
"2863","Business Area","True Value","True Value","Generic Query",NULL,NULL,NULL,True,"Spare Parts",NULL
"2864","Business Area","True Value","True Value","Generic Query",NULL,NULL,NULL,True,"E-Booking Related",NULL
"2865","Business Area","True Value","True Value","Generic Query",NULL,NULL,NULL,True,"Rewards/Loyalty Points Related",NULL
"2866","MSIL","True Value","True Value","Generic Query",NULL,NULL,NULL,True,"MSIL Related Information (Contact)",NULL
"2867","Enquiry","True Value","True Value","Generic Query",NULL,NULL,NULL,True,"Status of Complaint",NULL
"2868","Enquiry","True Value","True Value","Generic Query",NULL,NULL,NULL,True,"Complaint Withdrawal",NULL
"2869","MSIL","True Value","True Value","Generic Query",NULL,NULL,NULL,True,"Query About Maruti Product",NULL
"2870","MSIL","True Value","True Value","Generic Query",NULL,NULL,NULL,True,"Recall Related",NULL
"2871","MSIL","True Value","True Value","Generic Query",NULL,NULL,NULL,True,"New Model",NULL
"2872","MSIL","True Value","True Value","Generic Query",NULL,NULL,NULL,True,"Price Related",NULL
"2873","MSIL","True Value","True Value","Generic Query",NULL,NULL,NULL,True,"Booked Car Related",NULL
"2874","MSIL","True Value","True Value","Generic Query",NULL,NULL,NULL,True,"Spam Email",NULL
"2875","Others","True Value","True Value","Generic Query",NULL,NULL,NULL,True,"RO Related",NULL
"2876","MSIL","True Value","True Value","Generic Query",NULL,NULL,NULL,True,"Service Related",NULL
"2877","Others","True Value","True Value","Generic Query",NULL,NULL,NULL,True,"Incomplete Information of Customer",NULL
"2878","Others","True Value","True Value","Generic Query",NULL,NULL,NULL,True,"Non Maruti Car",NULL
"2879","Others","True Value","True Value","Generic Query",NULL,NULL,NULL,True,"Other Query",NULL
"2880","Business Area","Arena","Suzuki Connect","Generic Query",NULL,NULL,"Gen 1",True,"MSR Application",NULL
"2881","Business Area","Arena","Suzuki Connect","Generic Query",NULL,NULL,"Gen 1",True,"MOS",NULL
"2882","Business Area","Arena","Suzuki Connect","Generic Query",NULL,NULL,"Gen 1",True,"Website",NULL
"2883","Business Area","Arena","Suzuki Connect","Generic Query",NULL,NULL,"Gen 1",True,"Spare Parts",NULL
"2884","Business Area","Arena","Suzuki Connect","Generic Query",NULL,NULL,"Gen 1",True,"E-Booking Related",NULL
"2885","Business Area","Arena","Suzuki Connect","Generic Query",NULL,NULL,"Gen 1",True,"Rewards/Loyalty Points Related",NULL
"2886","MSIL","Arena","Suzuki Connect","Generic Query",NULL,NULL,"Gen 1",True,"MSIL Related Information (Contact)",NULL
"2887","Enquiry","Arena","Suzuki Connect","Generic Query",NULL,NULL,"Gen 1",True,"Status of Complaint",NULL
"2888","Enquiry","Arena","Suzuki Connect","Generic Query",NULL,NULL,"Gen 1",True,"Complaint Withdrawal",NULL
"2889","MSIL","Arena","Suzuki Connect","Generic Query",NULL,NULL,"Gen 1",True,"Query About Maruti Product",NULL
"2890","MSIL","Arena","Suzuki Connect","Generic Query",NULL,NULL,"Gen 1",True,"Recall Related",NULL
"2891","MSIL","Arena","Suzuki Connect","Generic Query",NULL,NULL,"Gen 1",True,"New Model",NULL
"2892","MSIL","Arena","Suzuki Connect","Generic Query",NULL,NULL,"Gen 1",True,"Price Related",NULL
"2893","MSIL","Arena","Suzuki Connect","Generic Query",NULL,NULL,"Gen 1",True,"Booked Car Related",NULL
"2894","MSIL","Arena","Suzuki Connect","Generic Query",NULL,NULL,"Gen 1",True,"Spam Email",NULL
"2895","Others","Arena","Suzuki Connect","Generic Query",NULL,NULL,"Gen 1",True,"RO Related",NULL
"2896","MSIL","Arena","Suzuki Connect","Generic Query",NULL,NULL,"Gen 1",True,"Service Related",NULL
"2897","Others","Arena","Suzuki Connect","Generic Query",NULL,NULL,"Gen 1",True,"Incomplete Information of Customer",NULL
"2898","Others","Arena","Suzuki Connect","Generic Query",NULL,NULL,"Gen 1",True,"Non Maruti Car",NULL
"2899","Others","Arena","Suzuki Connect","Generic Query",NULL,NULL,"Gen 1",True,"Other Query",NULL
"1060","Workmanship - Service/Repairs","Arena","Service","Query",NULL,"Service",NULL,True,"Others","Body Noise After Workshop Repairs"
"1061","Workmanship - Service/Repairs","Arena","Service","Query",NULL,"Service",NULL,True,"Others","Central Locking"
"2903","Business Area","Nexa","Suzuki Connect","Generic Query",NULL,NULL,"Gen 1",True,"MSR Application",NULL
"2904","Business Area","Nexa","Suzuki Connect","Generic Query",NULL,NULL,"Gen 1",True,"MOS",NULL
"2905","Business Area","Nexa","Suzuki Connect","Generic Query",NULL,NULL,"Gen 1",True,"Website",NULL
"2906","Business Area","Nexa","Suzuki Connect","Generic Query",NULL,NULL,"Gen 1",True,"Spare Parts",NULL
"2907","Business Area","Nexa","Suzuki Connect","Generic Query",NULL,NULL,"Gen 1",True,"E-Booking Related",NULL
"2908","Business Area","Nexa","Suzuki Connect","Generic Query",NULL,NULL,"Gen 1",True,"Rewards/Loyalty Points Related",NULL
"2909","MSIL","Nexa","Suzuki Connect","Generic Query",NULL,NULL,"Gen 1",True,"MSIL Related Information (Contact)",NULL
"2910","Enquiry","Nexa","Suzuki Connect","Generic Query",NULL,NULL,"Gen 1",True,"Status of Complaint",NULL
"2911","Enquiry","Nexa","Suzuki Connect","Generic Query",NULL,NULL,"Gen 1",True,"Complaint Withdrawal",NULL
"2912","MSIL","Nexa","Suzuki Connect","Generic Query",NULL,NULL,"Gen 1",True,"Query About Maruti Product",NULL
"2913","MSIL","Nexa","Suzuki Connect","Generic Query",NULL,NULL,"Gen 1",True,"Recall Related",NULL
"2914","MSIL","Nexa","Suzuki Connect","Generic Query",NULL,NULL,"Gen 1",True,"New Model",NULL
"2915","MSIL","Nexa","Suzuki Connect","Generic Query",NULL,NULL,"Gen 1",True,"Price Related",NULL
"2916","MSIL","Nexa","Suzuki Connect","Generic Query",NULL,NULL,"Gen 1",True,"Booked Car Related",NULL
"2917","MSIL","Nexa","Suzuki Connect","Generic Query",NULL,NULL,"Gen 1",True,"Spam Email",NULL
"2918","Others","Nexa","Suzuki Connect","Generic Query",NULL,NULL,"Gen 1",True,"RO Related",NULL
"2919","MSIL","Nexa","Suzuki Connect","Generic Query",NULL,NULL,"Gen 1",True,"Service Related",NULL
"2920","Business Area","Arena","Accessories","Generic Query",NULL,NULL,NULL,True,"MSR Application",NULL
"2921","Business Area","Arena","Accessories","Generic Query",NULL,NULL,NULL,True,"MOS",NULL
"2922","Business Area","Arena","Accessories","Generic Query",NULL,NULL,NULL,True,"Website",NULL
"2923","Business Area","Arena","Accessories","Generic Query",NULL,NULL,NULL,True,"Spare Parts",NULL
"2924","Business Area","Arena","Accessories","Generic Query",NULL,NULL,NULL,True,"E-Booking Related",NULL
"2925","Business Area","Arena","Accessories","Generic Query",NULL,NULL,NULL,True,"Rewards/Loyalty Points Related",NULL
"2926","MSIL","Arena","Accessories","Generic Query",NULL,NULL,NULL,True,"MSIL Related Information (Contact)",NULL
"2927","Enquiry","Arena","Accessories","Generic Query",NULL,NULL,NULL,True,"Status of Complaint",NULL
"2928","Enquiry","Arena","Accessories","Generic Query",NULL,NULL,NULL,True,"Complaint Withdrawal",NULL
"2929","MSIL","Arena","Accessories","Generic Query",NULL,NULL,NULL,True,"Query About Maruti Product",NULL
"2930","MSIL","Arena","Accessories","Generic Query",NULL,NULL,NULL,True,"Recall Related",NULL
"2931","MSIL","Arena","Accessories","Generic Query",NULL,NULL,NULL,True,"New Model",NULL
"2932","MSIL","Arena","Accessories","Generic Query",NULL,NULL,NULL,True,"Price Related",NULL
"2933","MSIL","Arena","Accessories","Generic Query",NULL,NULL,NULL,True,"Booked Car Related",NULL
"2934","MSIL","Arena","Accessories","Generic Query",NULL,NULL,NULL,True,"Spam Email",NULL
"2935","Others","Arena","Accessories","Generic Query",NULL,NULL,NULL,True,"RO Related",NULL
"2936","MSIL","Arena","Accessories","Generic Query",NULL,NULL,NULL,True,"Service Related",NULL
"2937","Others","Arena","Accessories","Generic Query",NULL,NULL,NULL,True,"Incomplete Information of Customer",NULL
"2938","Others","Arena","Accessories","Generic Query",NULL,NULL,NULL,True,"Non Maruti Car",NULL
"2939","Others","Arena","Accessories","Generic Query",NULL,NULL,NULL,True,"Other Query",NULL
"2940","Business Area","Nexa","Accessories","Generic Query",NULL,NULL,NULL,True,"MSR Application",NULL
"2941","Business Area","Nexa","Accessories","Generic Query",NULL,NULL,NULL,True,"MOS",NULL
"2942","Business Area","Nexa","Accessories","Generic Query",NULL,NULL,NULL,True,"Website",NULL
"2943","Business Area","Nexa","Accessories","Generic Query",NULL,NULL,NULL,True,"Spare Parts",NULL
"2944","Business Area","Nexa","Accessories","Generic Query",NULL,NULL,NULL,True,"E-Booking Related",NULL
"2945","Business Area","Nexa","Accessories","Generic Query",NULL,NULL,NULL,True,"Rewards/Loyalty Points Related",NULL
"2946","MSIL","Nexa","Accessories","Generic Query",NULL,NULL,NULL,True,"MSIL Related Information (Contact)",NULL
"2947","Enquiry","Nexa","Accessories","Generic Query",NULL,NULL,NULL,True,"Status of Complaint",NULL
"2948","Enquiry","Nexa","Accessories","Generic Query",NULL,NULL,NULL,True,"Complaint Withdrawal",NULL
"2949","MSIL","Nexa","Accessories","Generic Query",NULL,NULL,NULL,True,"Query About Maruti Product",NULL
"2950","MSIL","Nexa","Accessories","Generic Query",NULL,NULL,NULL,True,"Recall Related",NULL
"2951","MSIL","Nexa","Accessories","Generic Query",NULL,NULL,NULL,True,"New Model",NULL
"2952","MSIL","Nexa","Accessories","Generic Query",NULL,NULL,NULL,True,"Price Related",NULL
"2953","MSIL","Nexa","Accessories","Generic Query",NULL,NULL,NULL,True,"Booked Car Related",NULL
"2954","MSIL","Nexa","Accessories","Generic Query",NULL,NULL,NULL,True,"Spam Email",NULL
"2955","Others","Nexa","Accessories","Generic Query",NULL,NULL,NULL,True,"RO Related",NULL
"2956","MSIL","Nexa","Accessories","Generic Query",NULL,NULL,NULL,True,"Service Related",NULL
"2957","Others","Nexa","Accessories","Generic Query",NULL,NULL,NULL,True,"Incomplete Information of Customer",NULL
"2958","Others","Nexa","Accessories","Generic Query",NULL,NULL,NULL,True,"Non Maruti Car",NULL
"2959","Others","Nexa","Accessories","Generic Query",NULL,NULL,NULL,True,"Other Query",NULL
"2960","Business Area","Commercial","Accessories","Generic Query",NULL,NULL,NULL,True,"MSR Application",NULL
"2961","Business Area","Commercial","Accessories","Generic Query",NULL,NULL,NULL,True,"MOS",NULL
"2962","Business Area","Commercial","Accessories","Generic Query",NULL,NULL,NULL,True,"Website",NULL
"2963","Business Area","Commercial","Accessories","Generic Query",NULL,NULL,NULL,True,"Spare Parts",NULL
"2964","Business Area","Commercial","Accessories","Generic Query",NULL,NULL,NULL,True,"E-Booking Related",NULL
"2965","Business Area","Commercial","Accessories","Generic Query",NULL,NULL,NULL,True,"Rewards/Loyalty Points Related",NULL
"2966","MSIL","Commercial","Accessories","Generic Query",NULL,NULL,NULL,True,"MSIL Related Information (Contact)",NULL
"2967","Enquiry","Commercial","Accessories","Generic Query",NULL,NULL,NULL,True,"Status of Complaint",NULL
"2968","Enquiry","Commercial","Accessories","Generic Query",NULL,NULL,NULL,True,"Complaint Withdrawal",NULL
"2969","MSIL","Commercial","Accessories","Generic Query",NULL,NULL,NULL,True,"Query About Maruti Product",NULL
"2970","MSIL","Commercial","Accessories","Generic Query",NULL,NULL,NULL,True,"Recall Related",NULL
"2971","MSIL","Commercial","Accessories","Generic Query",NULL,NULL,NULL,True,"New Model",NULL
"2972","MSIL","Commercial","Accessories","Generic Query",NULL,NULL,NULL,True,"Price Related",NULL
"2973","MSIL","Commercial","Accessories","Generic Query",NULL,NULL,NULL,True,"Booked Car Related",NULL
"2974","MSIL","Commercial","Accessories","Generic Query",NULL,NULL,NULL,True,"Spam Email",NULL
"2975","Others","Commercial","Accessories","Generic Query",NULL,NULL,NULL,True,"RO Related",NULL
"2976","MSIL","Commercial","Accessories","Generic Query",NULL,NULL,NULL,True,"Service Related",NULL
"2977","Others","Commercial","Accessories","Generic Query",NULL,NULL,NULL,True,"Incomplete Information of Customer",NULL
"2978","Others","Commercial","Accessories","Generic Query",NULL,NULL,NULL,True,"Non Maruti Car",NULL
"2979","Others","Commercial","Accessories","Generic Query",NULL,NULL,NULL,True,"Other Query",NULL
"2980","Business Area","True Value","Accessories","Generic Query",NULL,NULL,NULL,True,"MSR Application",NULL
"2981","Business Area","True Value","Accessories","Generic Query",NULL,NULL,NULL,True,"MOS",NULL
"2982","Business Area","True Value","Accessories","Generic Query",NULL,NULL,NULL,True,"Website",NULL
"2983","Business Area","True Value","Accessories","Generic Query",NULL,NULL,NULL,True,"Spare Parts",NULL
"2984","Business Area","True Value","Accessories","Generic Query",NULL,NULL,NULL,True,"E-Booking Related",NULL
"2985","Business Area","True Value","Accessories","Generic Query",NULL,NULL,NULL,True,"Rewards/Loyalty Points Related",NULL
"2986","MSIL","True Value","Accessories","Generic Query",NULL,NULL,NULL,True,"MSIL Related Information (Contact)",NULL
"2987","Enquiry","True Value","Accessories","Generic Query",NULL,NULL,NULL,True,"Status of Complaint",NULL
"2988","Enquiry","True Value","Accessories","Generic Query",NULL,NULL,NULL,True,"Complaint Withdrawal",NULL
"2989","MSIL","True Value","Accessories","Generic Query",NULL,NULL,NULL,True,"Query About Maruti Product",NULL
"2990","MSIL","True Value","Accessories","Generic Query",NULL,NULL,NULL,True,"Recall Related",NULL
"2991","MSIL","True Value","Accessories","Generic Query",NULL,NULL,NULL,True,"New Model",NULL
"2992","MSIL","True Value","Accessories","Generic Query",NULL,NULL,NULL,True,"Price Related",NULL
"2993","MSIL","True Value","Accessories","Generic Query",NULL,NULL,NULL,True,"Booked Car Related",NULL
"2994","MSIL","True Value","Accessories","Generic Query",NULL,NULL,NULL,True,"Spam Email",NULL
"2995","Others","True Value","Accessories","Generic Query",NULL,NULL,NULL,True,"RO Related",NULL
"2996","MSIL","True Value","Accessories","Generic Query",NULL,NULL,NULL,True,"Service Related",NULL
"2997","Others","True Value","Accessories","Generic Query",NULL,NULL,NULL,True,"Incomplete Information of Customer",NULL
"2998","Others","True Value","Accessories","Generic Query",NULL,NULL,NULL,True,"Non Maruti Car",NULL
"2999","Others","True Value","Accessories","Generic Query",NULL,NULL,NULL,True,"Other Query",NULL
"1062","Workmanship - Service/Repairs","Arena","Service","Query",NULL,"Service",NULL,True,"Others","Coolant Leakage After Repair"
"1063","Workmanship - Service/Repairs","Arena","Service","Query",NULL,"Service",NULL,True,"Others","Fog Lamp"
"1064","Workmanship - Service/Repairs","Arena","Service","Query",NULL,"Service",NULL,True,"Others","Foul Smell After Workshop Repairs"
"1065","Workmanship - Service/Repairs","Arena","Service","Query",NULL,"Service",NULL,True,"Others","Fuel Leakage"
"1066","Workmanship - Service/Repairs","Arena","Service","Query",NULL,"Service",NULL,True,"Others","Low Mileage"
"1067","Workmanship - Service/Repairs","Arena","Service","Query",NULL,"Service",NULL,True,"Others","Low Pickup"
"1068","Workmanship - Service/Repairs","Arena","Service","Query",NULL,"Service",NULL,True,"Others","Oil Leakage"
"1069","Workmanship - Service/Repairs","Arena","Service","Query",NULL,"Service",NULL,True,"Others","Poor PDI"
"1070","Workmanship - Service/Repairs","Arena","Service","Query",NULL,"Service",NULL,True,"Others","Poor Washing/Cleaning"
"1071","Workmanship - Service/Repairs","Arena","Service","Query",NULL,"Service",NULL,True,"Others","Security System"
"1072","Workmanship - Service/Repairs","Arena","Service","Query",NULL,"Service",NULL,True,"Others","Service/Repairs Not Done As Per Customer Satisfaction"
"1073","Workmanship - Service/Repairs","Arena","Service","Query",NULL,"Service",NULL,True,"Others","Starting Problem"
"1074","Workmanship - Service/Repairs","Arena","Service","Query",NULL,"Service",NULL,True,"Others","Vehicle Damage In Workshop/Misuse"
"1075","Workmanship - Service/Repairs","Arena","Service","Query",NULL,"Service",NULL,True,"Others","Vehicle Pulling One Side"
"1076","Workmanship - Service/Repairs","Arena","Service","Query",NULL,"Service",NULL,True,"Others","Others"
"3015","Others","Nexa","Suzuki Connect","Generic Query",NULL,NULL,"Gen 1",True,"Incomplete Information of Customer",NULL
"3016","Others","Nexa","Suzuki Connect","Generic Query",NULL,NULL,"Gen 1",True,"Non Maruti Car",NULL
"3017","Others","Nexa","Suzuki Connect","Generic Query",NULL,NULL,"Gen 1",True,"Other Query",NULL
"1077","Product Complaints","Arena","Service","Query",NULL,"Service",NULL,True,"AC Issue","Ac Less Effective"
"1078","Product Complaints","Arena","Service","Query",NULL,"Service",NULL,True,"AC Issue","Ac Noise"
"1079","Product Complaints","Arena","Service","Query",NULL,"Service",NULL,True,"AC Issue","Ac Not Working"
"1080","Product Complaints","Arena","Service","Query",NULL,"Service",NULL,True,"Brake Issue","Brake Fluid Leakage"
"1081","Product Complaints","Arena","Service","Query",NULL,"Service",NULL,True,"Brake Issue","Brake Less Effective"
"1082","Product Complaints","Arena","Service","Query",NULL,"Service",NULL,True,"Brake Issue","Brake Noise/Vibration"
"1083","Product Complaints","Arena","Service","Query",NULL,"Service",NULL,True,"Brake Issue","Brake Pad Wear"
"1085","Product Complaints","Arena","Service","Query",NULL,"Service",NULL,True,"Brake Issue","Brake Pedal Hard"
"3027","Business Area","Arena","Suzuki Connect","Generic Query",NULL,NULL,"Gen 2",True,"MSR Application",NULL
"3028","Business Area","Arena","Suzuki Connect","Generic Query",NULL,NULL,"Gen 2",True,"MOS",NULL
"3029","Business Area","Arena","Suzuki Connect","Generic Query",NULL,NULL,"Gen 2",True,"Website",NULL
"3030","Business Area","Arena","Suzuki Connect","Generic Query",NULL,NULL,"Gen 2",True,"Spare Parts",NULL
"3031","Business Area","Arena","Suzuki Connect","Generic Query",NULL,NULL,"Gen 2",True,"E-Booking Related",NULL
"3032","Business Area","Arena","Suzuki Connect","Generic Query",NULL,NULL,"Gen 2",True,"Rewards/Loyalty Points Related",NULL
"3033","MSIL","Arena","Suzuki Connect","Generic Query",NULL,NULL,"Gen 2",True,"MSIL Related Information (Contact)",NULL
"3034","Enquiry","Arena","Suzuki Connect","Generic Query",NULL,NULL,"Gen 2",True,"Status of Complaint",NULL
"3035","Enquiry","Arena","Suzuki Connect","Generic Query",NULL,NULL,"Gen 2",True,"Complaint Withdrawal",NULL
"3036","MSIL","Arena","Suzuki Connect","Generic Query",NULL,NULL,"Gen 2",True,"Query About Maruti Product",NULL
"3037","MSIL","Arena","Suzuki Connect","Generic Query",NULL,NULL,"Gen 2",True,"Recall Related",NULL
"3038","MSIL","Arena","Suzuki Connect","Generic Query",NULL,NULL,"Gen 2",True,"New Model",NULL
"3039","MSIL","Arena","Suzuki Connect","Generic Query",NULL,NULL,"Gen 2",True,"Price Related",NULL
"3040","MSIL","Arena","Suzuki Connect","Generic Query",NULL,NULL,"Gen 2",True,"Booked Car Related",NULL
"3041","MSIL","Arena","Suzuki Connect","Generic Query",NULL,NULL,"Gen 2",True,"Spam Email",NULL
"3042","Others","Arena","Suzuki Connect","Generic Query",NULL,NULL,"Gen 2",True,"RO Related",NULL
"3043","MSIL","Arena","Suzuki Connect","Generic Query",NULL,NULL,"Gen 2",True,"Service Related",NULL
"3044","Others","Arena","Suzuki Connect","Generic Query",NULL,NULL,"Gen 2",True,"Incomplete Information of Customer",NULL
"3045","Others","Arena","Suzuki Connect","Generic Query",NULL,NULL,"Gen 2",True,"Non Maruti Car",NULL
"3046","Others","Arena","Suzuki Connect","Generic Query",NULL,NULL,"Gen 2",True,"Other Query",NULL
"3050","Business Area","Nexa","Suzuki Connect","Generic Query",NULL,NULL,"Gen 2",True,"MSR Application",NULL
"3051","Business Area","Nexa","Suzuki Connect","Generic Query",NULL,NULL,"Gen 2",True,"MOS",NULL
"3052","Business Area","Nexa","Suzuki Connect","Generic Query",NULL,NULL,"Gen 2",True,"Website",NULL
"3053","Business Area","Nexa","Suzuki Connect","Generic Query",NULL,NULL,"Gen 2",True,"Spare Parts",NULL
"3054","Business Area","Nexa","Suzuki Connect","Generic Query",NULL,NULL,"Gen 2",True,"E-Booking Related",NULL
"3055","Business Area","Nexa","Suzuki Connect","Generic Query",NULL,NULL,"Gen 2",True,"Rewards/Loyalty Points Related",NULL
"3056","MSIL","Nexa","Suzuki Connect","Generic Query",NULL,NULL,"Gen 2",True,"MSIL Related Information (Contact)",NULL
"3057","Enquiry","Nexa","Suzuki Connect","Generic Query",NULL,NULL,"Gen 2",True,"Status of Complaint",NULL
"3058","Enquiry","Nexa","Suzuki Connect","Generic Query",NULL,NULL,"Gen 2",True,"Complaint Withdrawal",NULL
"3059","MSIL","Nexa","Suzuki Connect","Generic Query",NULL,NULL,"Gen 2",True,"Query About Maruti Product",NULL
"3060","MSIL","Nexa","Suzuki Connect","Generic Query",NULL,NULL,"Gen 2",True,"Recall Related",NULL
"3061","MSIL","Nexa","Suzuki Connect","Generic Query",NULL,NULL,"Gen 2",True,"New Model",NULL
"3062","MSIL","Nexa","Suzuki Connect","Generic Query",NULL,NULL,"Gen 2",True,"Price Related",NULL
"3063","MSIL","Nexa","Suzuki Connect","Generic Query",NULL,NULL,"Gen 2",True,"Booked Car Related",NULL
"3064","MSIL","Nexa","Suzuki Connect","Generic Query",NULL,NULL,"Gen 2",True,"Spam Email",NULL
"3065","Others","Nexa","Suzuki Connect","Generic Query",NULL,NULL,"Gen 2",True,"RO Related",NULL
"3066","MSIL","Nexa","Suzuki Connect","Generic Query",NULL,NULL,"Gen 2",True,"Service Related",NULL
"3067","Others","Nexa","Suzuki Connect","Generic Query",NULL,NULL,"Gen 2",True,"Incomplete Information of Customer",NULL
"3068","Others","Nexa","Suzuki Connect","Generic Query",NULL,NULL,"Gen 2",True,"Non Maruti Car",NULL
"3069","Others","Nexa","Suzuki Connect","Generic Query",NULL,NULL,"Gen 2",True,"Other Query",NULL
"2900","Others","Arena","Suzuki Connect","Complaint",NULL,NULL,"Gen 1",False,"Others",NULL
"3098","Return Related","Nexa","MSGP","Query",NULL,NULL,NULL,False,NULL,NULL
"2448","PDI ","Arena","Sales","Complaint","Pre Sales Complaint","Sales",NULL,True,"PDI Service",NULL
"2449","PDI ","Nexa","Sales","Complaint","Pre Sales Complaint","Sales",NULL,True,"PDI Service",NULL
"2450","PDI ","Commercial","Sales","Complaint","Pre Sales Complaint","Sales",NULL,True,"PDI Service",NULL
"2451","PDI ","Arena","Sales","Complaint","Pre Sales Complaint","Sales",NULL,True,"Petrol",NULL
"2452","PDI ","Nexa","Sales","Complaint","Pre Sales Complaint","Sales",NULL,True,"Petrol",NULL
"2453","PDI ","Commercial","Sales","Complaint","Pre Sales Complaint","Sales",NULL,True,"Petrol",NULL
"2454","Sales Initiation","Arena","Sales","Complaint","Post Sales Complaint","Sales",NULL,True,"Parking",NULL
"2455","Sales Initiation","Nexa","Sales","Complaint","Post Sales Complaint","Sales",NULL,True,"Parking",NULL
"2456","Sales Initiation","Commercial","Sales","Complaint","Post Sales Complaint","Sales",NULL,True,"Parking",NULL
"2457","Sales Initiation","Arena","Sales","Complaint","Pre Sales Complaint","Sales",NULL,True,"COVID Safety Measure Not Adequate",NULL
"2458","Sales Initiation","Nexa","Sales","Complaint","Pre Sales Complaint","Sales",NULL,True,"COVID Safety Measure Not Adequate",NULL
"2459","Sales Initiation","Commercial","Sales","Complaint","Pre Sales Complaint","Sales",NULL,True,"COVID Safety Measure Not Adequate",NULL
"2460","Fame Scheme Related","Arena","Sales","Complaint","Post Sales Complaint","Sales",NULL,True,"FAME Scheme Related",NULL
"2461","Fame Scheme Related","Nexa","Sales","Complaint","Post Sales Complaint","Sales",NULL,True,"FAME Scheme Related",NULL
"2462","Fame Scheme Related","Commercial","Sales","Complaint","Post Sales Complaint","Sales",NULL,True,"FAME Scheme Related",NULL
"2463","Delayed Delivery Days","Arena","Sales","Complaint","Post Sales Complaint","Sales",NULL,True,"Delayed Delivery Days (Written)",NULL
"2464","Delayed Delivery Days","Nexa","Sales","Complaint","Post Sales Complaint","Sales",NULL,True,"Delayed Delivery Days (Written)",NULL
"2465","Delayed Delivery Days","Commercial","Sales","Complaint","Post Sales Complaint","Sales",NULL,True,"Delayed Delivery Days (Written)",NULL
"2466","Delivery Process","Arena","Sales","Complaint","Post Sales Complaint","Sales",NULL,True,"Delayed Delivery Days (Written)",NULL
"2467","Delivery Process","Nexa","Sales","Complaint","Post Sales Complaint","Sales",NULL,True,"Delayed Delivery Days (Written)",NULL
"2468","Delivery Process","Commercial","Sales","Complaint","Post Sales Complaint","Sales",NULL,True,"Delayed Delivery Days (Written)",NULL
"2469","Delivery Process","Arena","Sales","Complaint","Pre Sales Complaint","Sales",NULL,True,"Delivery Process Time (Verbal)",NULL
"2470","Delivery Process","Nexa","Sales","Complaint","Pre Sales Complaint","Sales",NULL,True,"Delivery Process Time (Verbal)",NULL
"2471","Delivery Process","Commercial","Sales","Complaint","Pre Sales Complaint","Sales",NULL,True,"Delivery Process Time (Verbal)",NULL
"2472","Delivery Process","Arena","Sales","Complaint","Pre Sales Complaint","Sales",NULL,True,"Explanation at The Time of Delivery",NULL
"2473","Delivery Process","Nexa","Sales","Complaint","Pre Sales Complaint","Sales",NULL,True,"Explanation at The Time of Delivery",NULL
"2474","Delivery Process","Commercial","Sales","Complaint","Pre Sales Complaint","Sales",NULL,True,"Explanation at The Time of Delivery",NULL
"2475","Delivery Process","Arena","Sales","Complaint","Pre Sales Complaint","Sales",NULL,True,"Second Key Not Delivered",NULL
"2476","Delivery Process","Nexa","Sales","Complaint","Pre Sales Complaint","Sales",NULL,True,"Second Key Not Delivered",NULL
"2477","Delivery Process","Commercial","Sales","Complaint","Pre Sales Complaint","Sales",NULL,True,"Second Key Not Delivered",NULL
"2478","Sales Initiation","Arena","Sales","Complaint","Post Sales Complaint","Sales",NULL,True,"Showroom Ambience",NULL
"2479","Sales Initiation","Arena","Sales","Complaint","Post Sales Complaint","Sales",NULL,True,"Tea/Water Offered",NULL
"2480","Sales Initiation","Arena","Sales","Complaint","Post Sales Complaint","Sales",NULL,True,"Test Drive",NULL
"2481","Sales Initiation","Nexa","Sales","Complaint","Post Sales Complaint","Sales",NULL,True,"Showroom Ambience",NULL
"2482","Sales Initiation","Nexa","Sales","Complaint","Post Sales Complaint","Sales",NULL,True,"Tea/Water Offered",NULL
"2483","Sales Initiation","Nexa","Sales","Complaint","Post Sales Complaint","Sales",NULL,True,"Test Drive",NULL
"2484","Sales Initiation","Commercial","Sales","Complaint","Post Sales Complaint","Sales",NULL,True,"Showroom Ambience",NULL
"2485","Sales Initiation","Commercial","Sales","Complaint","Post Sales Complaint","Sales",NULL,True,"Tea/Water Offered",NULL
"2486","Sales Initiation","Commercial","Sales","Complaint","Post Sales Complaint","Sales",NULL,True,"Test Drive",NULL
"2487","Accessories","Arena","Sales","Complaint","Post Sales Complaint","Suzuki Connect",NULL,True,"Suzuki Connect Sales Related","Device Connections To Be Checked(Device Inspection)"
"2488","Accessories","Arena","Sales","Complaint","Post Sales Complaint","Suzuki Connect",NULL,True,"Suzuki Connect Sales Related","Replacement"
"2489","Accessories","Arena","Sales","Complaint","Post Sales Complaint","Suzuki Connect",NULL,True,"Suzuki Connect Dealer Assistance","Re-enrollment/Enrollment"
"2490","Accessories","Arena","Sales","Complaint","Post Sales Complaint","Suzuki Connect",NULL,True,"Suzuki Connect Dealer Assistance","Vehicle Inspection"
"2491","Accessories","Nexa","Sales","Complaint","Post Sales Complaint","Suzuki Connect",NULL,True,"Suzuki Connect Sales Related","Device Connections To Be Checked(Device Inspection)"
"2492","Accessories","Nexa","Sales","Complaint","Post Sales Complaint","Suzuki Connect",NULL,True,"Suzuki Connect Sales Related","Replacement"
"2493","Accessories","Nexa","Sales","Complaint","Post Sales Complaint","Suzuki Connect",NULL,True,"Suzuki Connect Dealer Assistance","Re-enrollment/Enrollment"
"2494","Accessories","Nexa","Sales","Complaint","Post Sales Complaint","Suzuki Connect",NULL,True,"Suzuki Connect Dealer Assistance","Vehicle Inspection"
"2495","Accessories","Commercial","Sales","Complaint","Post Sales Complaint","Suzuki Connect",NULL,True,"Suzuki Connect Sales Related","Device Connections To Be Checked(Device Inspection)"
"2496","Accessories","Commercial","Sales","Complaint","Post Sales Complaint","Suzuki Connect",NULL,True,"Suzuki Connect Sales Related","Replacement"
"2497","Accessories","Commercial","Sales","Complaint","Post Sales Complaint","Suzuki Connect",NULL,True,"Suzuki Connect Dealer Assistance","Re-enrollment/Enrollment"
"2498","Accessories","Commercial","Sales","Complaint","Post Sales Complaint","Suzuki Connect",NULL,True,"Suzuki Connect Dealer Assistance","Vehicle Inspection"
"2501","Service Feedback","Commercial","Service","Feedback",NULL,NULL,NULL,True,"Showroom",NULL
"2586","Smart Play - Studio","Commercial","Service","Query",NULL,NULL,NULL,True,"Media","Music"
"2587","Smart Play - Studio","Commercial","Service","Query",NULL,NULL,NULL,True,"Media","Song"
"2588","Smart Play - Studio","Commercial","Service","Query",NULL,NULL,NULL,True,"Media","FM"
"2589","Smart Play - Studio","Commercial","Service","Query",NULL,NULL,NULL,True,"Media","AM"
"2590","Smart Play - Studio","Commercial","Service","Query",NULL,NULL,NULL,True,"Media","USB"
"2591","Smart Play - Studio","Commercial","Service","Query",NULL,NULL,NULL,True,"Media","AUX"
"2592","Smart Play - Studio","Commercial","Service","Query",NULL,NULL,NULL,True,"Media","Navigation"
"2593","Smart Play - Studio","Commercial","Service","Query",NULL,NULL,NULL,True,"Media","Maps"
"2594","Smart Play - Studio","Commercial","Service","Query",NULL,NULL,NULL,True,"Smart Phone Linkage","Bluetooth Connection"
"2595","Smart Play - Studio","Commercial","Service","Query",NULL,NULL,NULL,True,"Smart Phone Linkage","Smart Play Studio App Usage"
"2596","Smart Play - Studio","Commercial","Service","Query",NULL,NULL,NULL,True,"Calling / Messaging","Calling"
"2597","Smart Play - Studio","Commercial","Service","Query",NULL,NULL,NULL,True,"Calling / Messaging","Messaging"
"2598","Smart Play - Studio","Commercial","Service","Query",NULL,NULL,NULL,True,"Calling / Messaging","Phonebook"
"2599","Smart Play - Studio","Commercial","Service","Query",NULL,NULL,NULL,True,"Vehicle Information","Vehicle Information"
"2600","Smart Play - Studio","Commercial","Service","Query",NULL,NULL,NULL,True,"Vehicle Information","Assist"
"2601","Smart Play - Studio","Commercial","Service","Query",NULL,NULL,NULL,True,"Vehicle Information","Alerts"
"2602","Smart Play - Studio","Commercial","Service","Query",NULL,NULL,NULL,True,"Vehicle Information","Mileage"
"2603","Smart Play - Studio","Commercial","Service","Query",NULL,NULL,NULL,True,"Login","Login"
"2604","Smart Play - Studio","Commercial","Service","Query",NULL,NULL,NULL,True,"Login","Vin Number"
"2605","Smart Play - Studio","Commercial","Service","Query",NULL,NULL,NULL,True,"Login","Registration Number"
"2606","Smart Play - Studio","Commercial","Service","Query",NULL,NULL,NULL,True,"Others","Others"
"2607","Smart Play - Dock","Commercial","Service","Query",NULL,NULL,NULL,True,"Media","Music"
"2608","Smart Play - Dock","Commercial","Service","Query",NULL,NULL,NULL,True,"Media","Song"
"2609","Smart Play - Dock","Commercial","Service","Query",NULL,NULL,NULL,True,"Media","FM"
"2610","Smart Play - Dock","Commercial","Service","Query",NULL,NULL,NULL,True,"Media","AM"
"2611","Smart Play - Dock","Commercial","Service","Query",NULL,NULL,NULL,True,"Media","USB"
"2612","Smart Play - Dock","Commercial","Service","Query",NULL,NULL,NULL,True,"Media","AUX"
"2613","Smart Play - Dock","Commercial","Service","Query",NULL,NULL,NULL,True,"Navigation","Navigation"
"2614","Smart Play - Dock","Commercial","Service","Query",NULL,NULL,NULL,True,"Navigation","Maps"
"2615","Smart Play - Dock","Commercial","Service","Query",NULL,NULL,NULL,True,"Smart Phone Linkage","Bluetooth Connection"
"2616","Smart Play - Dock","Commercial","Service","Query",NULL,NULL,NULL,True,"Smart Phone Linkage","Smart Play Studio App Usage"
"2617","Smart Play - Dock","Commercial","Service","Query",NULL,NULL,NULL,True,"Calling / Messaging","Calling"
"2618","Smart Play - Dock","Commercial","Service","Query",NULL,NULL,NULL,True,"Calling / Messaging","Messaging"
"2619","Smart Play - Dock","Commercial","Service","Query",NULL,NULL,NULL,True,"Calling / Messaging","Phonebook"
"2620","Smart Play - Dock","Commercial","Service","Query",NULL,NULL,NULL,True,"Vehicle Information","Vehicle Information"
"2621","Smart Play - Dock","Commercial","Service","Query",NULL,NULL,NULL,True,"Vehicle Information","Assist"
"2622","Smart Play - Dock","Commercial","Service","Query",NULL,NULL,NULL,True,"Vehicle Information","Alerts"
"2623","Smart Play - Dock","Commercial","Service","Query",NULL,NULL,NULL,True,"Vehicle Information","Mileage"
"2624","Smart Play - Dock","Commercial","Service","Query",NULL,NULL,NULL,True,"Login","Login"
"2625","Smart Play - Dock","Commercial","Service","Query",NULL,NULL,NULL,True,"Login","Vin Number"
"2626","Smart Play - Dock","Commercial","Service","Query",NULL,NULL,NULL,True,"Login","Registration Number"
"2627","Smart Play - Dock","Commercial","Service","Query",NULL,NULL,NULL,True,"Others","Others"
"1086","Product Complaints","Arena","Service","Query",NULL,"Service",NULL,True,"Clutch Issue","Clutch Hard"
"1087","Product Complaints","Arena","Service","Query",NULL,"Service",NULL,True,"Clutch Issue","Clutch Noise"
"1088","Product Complaints","Arena","Service","Query",NULL,"Service",NULL,True,"Clutch Issue","Clutch Not Working"
"1089","Product Complaints","Arena","Service","Query",NULL,"Service",NULL,True,"Door Issue","Door Hard To Close"
"1090","Product Complaints","Arena","Service","Query",NULL,"Service",NULL,True,"Door Issue","Door Noise Before Workshop Repairs"
"1091","Product Complaints","Arena","Service","Query",NULL,"Service",NULL,True,"Electrical Issue","Electrical  - Battery"
"1092","Product Complaints","Arena","Service","Query",NULL,"Service",NULL,True,"Electrical Issue","Electrical  - Head Light Not Working"
"1093","Product Complaints","Arena","Service","Query",NULL,"Service",NULL,True,"Electrical Issue","Electrical  - Horn Not Working"
"1094","Product Complaints","Arena","Service","Query",NULL,"Service",NULL,True,"Electrical Issue","Electrical  - Mil/Dashboard Light"
"1095","Product Complaints","Arena","Service","Query",NULL,"Service",NULL,True,"Electrical Issue","Electrical  - Other (Not Ac)"
"1096","Product Complaints","Arena","Service","Query",NULL,"Service",NULL,True,"Electrical Issue","Electrical  - Side Indicator Not Working"
"1097","Product Complaints","Arena","Service","Query",NULL,"Service",NULL,True,"Electrical Issue","Electrical  - Wiper Not Working"
"1098","Product Complaints","Arena","Service","Query",NULL,"Service",NULL,True,"Engine Issue","Engine High Oil Consumption"
"1099","Product Complaints","Arena","Service","Query",NULL,"Service",NULL,True,"Engine Issue","Engine Hydrostatic Lock"
"1100","Product Complaints","Arena","Service","Query",NULL,"Service",NULL,True,"Engine Issue","Engine Noise/Vibration"
"1101","Product Complaints","Arena","Service","Query",NULL,"Service",NULL,True,"Engine Issue","Engine Overheating"
"1102","Product Complaints","Arena","Service","Query",NULL,"Service",NULL,True,"Engine Issue","Engine Stalling"
"1103","Product Complaints","Arena","Service","Query",NULL,"Service",NULL,True,"Gear Issue","Gear Lever Vibration"
"1104","Product Complaints","Arena","Service","Query",NULL,"Service",NULL,True,"Gear Issue","Gear Noise"
"1105","Product Complaints","Arena","Service","Query",NULL,"Service",NULL,True,"Gear Issue","Gear Shifting Hard"
"1106","Product Complaints","Arena","Service","Query",NULL,"Service",NULL,True,"Gear Issue","Gear Slippage"
"1107","Product Complaints","Arena","Service","Query",NULL,"Service",NULL,True,"Paint Issue","Paint - Any Other Paint Defect Before Workshop Repairs"
"1108","Product Complaints","Arena","Service","Query",NULL,"Service",NULL,True,"Paint Issue","Paint Chipped Off Before Workshop Repairs"
"1109","Product Complaints","Arena","Service","Query",NULL,"Service",NULL,True,"Paint Issue","Paint Finish Not Okay Before Workshop Repairs"
"1110","Product Complaints","Arena","Service","Query",NULL,"Service",NULL,True,"Paint Issue","Paint Mismatch Before Workshop Repairs"
"1111","Product Complaints","Arena","Service","Query",NULL,"Service",NULL,True,"Steering Issue","Steering Hard"
"1112","Product Complaints","Arena","Service","Query",NULL,"Service",NULL,True,"Steering Issue","Steering Noise"
"1113","Product Complaints","Arena","Service","Query",NULL,"Service",NULL,True,"Steering Issue","Steering Return Ability"
"1114","Product Complaints","Arena","Service","Query",NULL,"Service",NULL,True,"Suspension Issue","Suspension Hard"
"1115","Product Complaints","Arena","Service","Query",NULL,"Service",NULL,True,"Suspension Issue","Suspension Noise"
"1116","Product Complaints","Arena","Service","Query",NULL,"Service",NULL,True,"Tyre Issue","Tyre Burst/Swell"
"1117","Product Complaints","Arena","Service","Query",NULL,"Service",NULL,True,"Tyre Issue","Tyre Wear"
"1118","Product Complaints","Arena","Service","Query",NULL,"Service",NULL,True,"Wheel Issue","Wheel Alignment"
"1119","Product Complaints","Arena","Service","Query",NULL,"Service",NULL,True,"Wheel Issue","Wheel Wobbling"
"1120","Product Complaints","Arena","Service","Query",NULL,"Service",NULL,True,"Body Issue","Body Gaps Before Workshop Repairs"
"1405","Workmanship - Service/Repairs","Nexa","Service","Query",NULL,"Service",NULL,True,"Brake Issue","Brake Less Effective"
"1406","Workmanship - Service/Repairs","Nexa","Service","Query",NULL,"Service",NULL,True,"Brake Issue","Brake Noise/Vibration"
"1407","Workmanship - Service/Repairs","Nexa","Service","Query",NULL,"Service",NULL,True,"Brake Issue","Brake Pad Wear Off"
"1409","Workmanship - Service/Repairs","Nexa","Service","Query",NULL,"Service",NULL,True,"Brake Issue","Brake Pedal Hard"
"1410","Workmanship - Service/Repairs","Nexa","Service","Query",NULL,"Service",NULL,True,"Clutch Issue","Clutch Hard"
"1411","Workmanship - Service/Repairs","Nexa","Service","Query",NULL,"Service",NULL,True,"Clutch Issue","Clutch Noise"
"1412","Workmanship - Service/Repairs","Nexa","Service","Query",NULL,"Service",NULL,True,"Clutch Issue","Clutch Not Working"
"1413","Workmanship - Service/Repairs","Nexa","Service","Query",NULL,"Service",NULL,True,"Door Issue","Door Hard To Close"
"1414","Workmanship - Service/Repairs","Nexa","Service","Query",NULL,"Service",NULL,True,"Door Issue","Door Noise After Workshop Repairs"
"1415","Workmanship - Service/Repairs","Nexa","Service","Query",NULL,"Service",NULL,True,"Electrical Issue","Electrical  - Battery"
"1416","Workmanship - Service/Repairs","Nexa","Service","Query",NULL,"Service",NULL,True,"Electrical Issue","Electrical  - Fuses Related"
"1417","Workmanship - Service/Repairs","Nexa","Service","Query",NULL,"Service",NULL,True,"Electrical Issue","Electrical  - Head Light Not Working"
"1418","Workmanship - Service/Repairs","Nexa","Service","Query",NULL,"Service",NULL,True,"Electrical Issue","Electrical  - Horn Not Working"
"1419","Workmanship - Service/Repairs","Nexa","Service","Query",NULL,"Service",NULL,True,"Electrical Issue","Electrical  - Mil/Dashboard Light"
"1420","Workmanship - Service/Repairs","Nexa","Service","Query",NULL,"Service",NULL,True,"Electrical Issue","Electrical  - Others (Not Ac)"
"1421","Workmanship - Service/Repairs","Nexa","Service","Query",NULL,"Service",NULL,True,"Electrical Issue","Electrical  - Side Indicator Not Working"
"1422","Workmanship - Service/Repairs","Nexa","Service","Query",NULL,"Service",NULL,True,"Electrical Issue","Electrical  - Wiper Not Working"
"1423","Workmanship - Service/Repairs","Nexa","Service","Query",NULL,"Service",NULL,True,"Engine Issue","Engine High Oil Consumption"
"1424","Workmanship - Service/Repairs","Nexa","Service","Query",NULL,"Service",NULL,True,"Engine Issue","Engine Hydrostatic Lock"
"1425","Workmanship - Service/Repairs","Nexa","Service","Query",NULL,"Service",NULL,True,"Engine Issue","Engine Noise/Vibration"
"1426","Workmanship - Service/Repairs","Nexa","Service","Query",NULL,"Service",NULL,True,"Engine Issue","Engine Oil Leakage After Repair"
"1427","Workmanship - Service/Repairs","Nexa","Service","Query",NULL,"Service",NULL,True,"Engine Issue","Engine Overheating"
"1428","Workmanship - Service/Repairs","Nexa","Service","Query",NULL,"Service",NULL,True,"Engine Issue","Engine Stalling"
"1429","Workmanship - Service/Repairs","Nexa","Service","Query",NULL,"Service",NULL,True,"Gear Issue","Gear Lever Vibration"
"1430","Workmanship - Service/Repairs","Nexa","Service","Query",NULL,"Service",NULL,True,"Gear Issue","Gear Noise"
"1431","Workmanship - Service/Repairs","Nexa","Service","Query",NULL,"Service",NULL,True,"Gear Issue","Gear Shifting Hard"
"1432","Workmanship - Service/Repairs","Nexa","Service","Query",NULL,"Service",NULL,True,"Gear Issue","Gear Slippage"
"1433","Workmanship - Service/Repairs","Nexa","Service","Query",NULL,"Service",NULL,True,"Gear Issue","Glass Noise After Workshop Repairs"
"1434","Workmanship - Service/Repairs","Nexa","Service","Query",NULL,"Service",NULL,True,"Steering Issue","Steering Hard"
"1435","Workmanship - Service/Repairs","Nexa","Service","Query",NULL,"Service",NULL,True,"Steering Issue","Steering Noise"
"1436","Workmanship - Service/Repairs","Nexa","Service","Query",NULL,"Service",NULL,True,"Steering Issue","Steering Return Ability - Improper"
"1437","Workmanship - Service/Repairs","Nexa","Service","Query",NULL,"Service",NULL,True,"Suspension Issue","Suspension Hard"
"1438","Workmanship - Service/Repairs","Nexa","Service","Query",NULL,"Service",NULL,True,"Suspension Issue","Suspension Noise"
"1439","Workmanship - Service/Repairs","Nexa","Service","Query",NULL,"Service",NULL,True,"Tyre Issue","Tyre Burst/Swell"
"1440","Workmanship - Service/Repairs","Nexa","Service","Query",NULL,"Service",NULL,True,"Tyre Issue","Tyre Wear"
"1441","Workmanship - Service/Repairs","Nexa","Service","Query",NULL,"Service",NULL,True,"Wheel Issue","Wheel Alignment"
"1442","Workmanship - Service/Repairs","Nexa","Service","Query",NULL,"Service",NULL,True,"Wheel Issue","Wheel Wobbling"
"1443","Workmanship - Service/Repairs","Nexa","Service","Query",NULL,"Service",NULL,True,"Others","Audio System"
"1444","Workmanship - Service/Repairs","Nexa","Service","Query",NULL,"Service",NULL,True,"Others","Axle Noise"
"1445","Workmanship - Service/Repairs","Nexa","Service","Query",NULL,"Service",NULL,True,"Others","Body Noise After Workshop Repairs"
"1446","Workmanship - Service/Repairs","Nexa","Service","Query",NULL,"Service",NULL,True,"Others","Central Locking"
"1447","Workmanship - Service/Repairs","Nexa","Service","Query",NULL,"Service",NULL,True,"Others","Coolant Leakage After Repair"
"1448","Workmanship - Service/Repairs","Nexa","Service","Query",NULL,"Service",NULL,True,"Others","Fog Lamp"
"1449","Workmanship - Service/Repairs","Nexa","Service","Query",NULL,"Service",NULL,True,"Others","Foul Smell After Workshop Repairs"
"1450","Workmanship - Service/Repairs","Nexa","Service","Query",NULL,"Service",NULL,True,"Others","Fuel Leakage"
"1451","Workmanship - Service/Repairs","Nexa","Service","Query",NULL,"Service",NULL,True,"Others","Low Mileage"
"1452","Workmanship - Service/Repairs","Nexa","Service","Query",NULL,"Service",NULL,True,"Others","Low Pickup"
"1453","Workmanship - Service/Repairs","Nexa","Service","Query",NULL,"Service",NULL,True,"Others","Oil Leakage"
"1454","Workmanship - Service/Repairs","Nexa","Service","Query",NULL,"Service",NULL,True,"Others","Poor PDI"
"1455","Workmanship - Service/Repairs","Nexa","Service","Query",NULL,"Service",NULL,True,"Others","Poor Washing/Cleaning"
"1456","Workmanship - Service/Repairs","Nexa","Service","Query",NULL,"Service",NULL,True,"Others","Security System"
"1457","Workmanship - Service/Repairs","Nexa","Service","Query",NULL,"Service",NULL,True,"Others","Service/Repairs Not Done As Per Customer Satisfaction"
"1458","Workmanship - Service/Repairs","Nexa","Service","Query",NULL,"Service",NULL,True,"Others","Starting Problem"
"1459","Workmanship - Service/Repairs","Nexa","Service","Query",NULL,"Service",NULL,True,"Others","Vehicle Damage In Workshop/Misuse"
"1460","Workmanship - Service/Repairs","Nexa","Service","Query",NULL,"Service",NULL,True,"Others","Vehicle Pulling One Side"
"1461","Workmanship - Service/Repairs","Nexa","Service","Query",NULL,"Service",NULL,True,"Others","Others"
"1462","Product Complaints","Nexa","Service","Query",NULL,"Service",NULL,True,"AC Issue","Ac Less Effective"
"1463","Product Complaints","Nexa","Service","Query",NULL,"Service",NULL,True,"AC Issue","Ac Noise"
"1464","Product Complaints","Nexa","Service","Query",NULL,"Service",NULL,True,"AC Issue","Ac Not Working"
"1465","Product Complaints","Nexa","Service","Query",NULL,"Service",NULL,True,"Brake Issue","Brake Fluid Leakage"
"1466","Product Complaints","Nexa","Service","Query",NULL,"Service",NULL,True,"Brake Issue","Brake Less Effective"
"1467","Product Complaints","Nexa","Service","Query",NULL,"Service",NULL,True,"Brake Issue","Brake Noise/Vibration"
"1468","Product Complaints","Nexa","Service","Query",NULL,"Service",NULL,True,"Brake Issue","Brake Pad Wear"
"1470","Product Complaints","Nexa","Service","Query",NULL,"Service",NULL,True,"Brake Issue","Brake Pedal Hard"
"1471","Product Complaints","Nexa","Service","Query",NULL,"Service",NULL,True,"Clutch Issue","Clutch Hard"
"1472","Product Complaints","Nexa","Service","Query",NULL,"Service",NULL,True,"Clutch Issue","Clutch Noise"
"1473","Product Complaints","Nexa","Service","Query",NULL,"Service",NULL,True,"Clutch Issue","Clutch Not Working"
"1474","Product Complaints","Nexa","Service","Query",NULL,"Service",NULL,True,"Door Issue","Door Hard To Close"
"1475","Product Complaints","Nexa","Service","Query",NULL,"Service",NULL,True,"Door Issue","Door Noise Before Workshop Repairs"
"1476","Product Complaints","Nexa","Service","Query",NULL,"Service",NULL,True,"Electrical Issue","Electrical  - Battery"
"1477","Product Complaints","Nexa","Service","Query",NULL,"Service",NULL,True,"Electrical Issue","Electrical  - Head Light Not Working"
"1478","Product Complaints","Nexa","Service","Query",NULL,"Service",NULL,True,"Electrical Issue","Electrical  - Horn Not Working"
"1479","Product Complaints","Nexa","Service","Query",NULL,"Service",NULL,True,"Electrical Issue","Electrical  - Mil/Dashboard Light"
"1480","Product Complaints","Nexa","Service","Query",NULL,"Service",NULL,True,"Electrical Issue","Electrical  - Other (Not Ac)"
"1481","Product Complaints","Nexa","Service","Query",NULL,"Service",NULL,True,"Electrical Issue","Electrical  - Side Indicator Not Working"
"1482","Product Complaints","Nexa","Service","Query",NULL,"Service",NULL,True,"Electrical Issue","Electrical  - Wiper Not Working"
"1483","Product Complaints","Nexa","Service","Query",NULL,"Service",NULL,True,"Engine Issue","Engine High Oil Consumption"
"1484","Product Complaints","Nexa","Service","Query",NULL,"Service",NULL,True,"Engine Issue","Engine Hydrostatic Lock"
"1485","Product Complaints","Nexa","Service","Query",NULL,"Service",NULL,True,"Engine Issue","Engine Noise/Vibration"
"1486","Product Complaints","Nexa","Service","Query",NULL,"Service",NULL,True,"Engine Issue","Engine Overheating"
"1487","Product Complaints","Nexa","Service","Query",NULL,"Service",NULL,True,"Engine Issue","Engine Stalling"
"1488","Product Complaints","Nexa","Service","Query",NULL,"Service",NULL,True,"Gear Issue","Gear Lever Vibration"
"1489","Product Complaints","Nexa","Service","Query",NULL,"Service",NULL,True,"Gear Issue","Gear Noise"
"1490","Product Complaints","Nexa","Service","Query",NULL,"Service",NULL,True,"Gear Issue","Gear Shifting Hard"
"1491","Product Complaints","Nexa","Service","Query",NULL,"Service",NULL,True,"Gear Issue","Gear Slippage"
"1492","Product Complaints","Nexa","Service","Query",NULL,"Service",NULL,True,"Paint Issue","Paint - Any Other Paint Defect Before Workshop Repairs"
"1493","Product Complaints","Nexa","Service","Query",NULL,"Service",NULL,True,"Paint Issue","Paint Chipped Off Before Workshop Repairs"
"1494","Product Complaints","Nexa","Service","Query",NULL,"Service",NULL,True,"Paint Issue","Paint Finish Not Okay Before Workshop Repairs"
"1495","Product Complaints","Nexa","Service","Query",NULL,"Service",NULL,True,"Paint Issue","Paint Mismatch Before Workshop Repairs"
"1496","Product Complaints","Nexa","Service","Query",NULL,"Service",NULL,True,"Steering Issue","Steering Hard"
"1497","Product Complaints","Nexa","Service","Query",NULL,"Service",NULL,True,"Steering Issue","Steering Noise"
"1498","Product Complaints","Nexa","Service","Query",NULL,"Service",NULL,True,"Steering Issue","Steering Return Ability"
"1499","Product Complaints","Nexa","Service","Query",NULL,"Service",NULL,True,"Suspension Issue","Suspension Hard"
"1500","Product Complaints","Nexa","Service","Query",NULL,"Service",NULL,True,"Suspension Issue","Suspension Noise"
"1501","Product Complaints","Nexa","Service","Query",NULL,"Service",NULL,True,"Tyre Issue","Tyre Burst/Swell"
"1502","Product Complaints","Nexa","Service","Query",NULL,"Service",NULL,True,"Tyre Issue","Tyre Wear"
"1503","Product Complaints","Nexa","Service","Query",NULL,"Service",NULL,True,"Wheel Issue","Wheel Alignment"
"1504","Product Complaints","Nexa","Service","Query",NULL,"Service",NULL,True,"Wheel Issue","Wheel Wobbling"
"1505","Product Complaints","Nexa","Service","Query",NULL,"Service",NULL,True,"Body Issue","Body Gaps Before Workshop Repairs"
"1506","Product Complaints","Nexa","Service","Query",NULL,"Service",NULL,True,"Body Issue","Body Noise Before Workshop Repairs"
"1507","Product Complaints","Nexa","Service","Query",NULL,"Service",NULL,True,"Body Issue","Glass Noise Before Workshop Repairs"
"1508","Product Complaints","Nexa","Service","Query",NULL,"Service",NULL,True,"Body Issue","Rusting Defect Before Workshop Repairs"
"1509","Product Complaints","Nexa","Service","Query",NULL,"Service",NULL,True,"Body Issue","Water Leakage Before Workshop Repairs"
"1510","Product Complaints","Nexa","Service","Query",NULL,"Service",NULL,True,"Others","Vehicle Pulling One Side"
"1511","Product Complaints","Nexa","Service","Query",NULL,"Service",NULL,True,"Others","Accessory-(Like Seat, Rear Parking Sensor, Camera)"
"1512","Product Complaints","Nexa","Service","Query",NULL,"Service",NULL,True,"Others","Air Bag Not Deployed"
"1513","Product Complaints","Nexa","Service","Query",NULL,"Service",NULL,True,"Others","Audio System"
"1514","Product Complaints","Nexa","Service","Query",NULL,"Service",NULL,True,"Others","Axle Noise"
"1515","Product Complaints","Nexa","Service","Query",NULL,"Service",NULL,True,"Others","Central Locking"
"1516","Product Complaints","Nexa","Service","Query",NULL,"Service",NULL,True,"Others","Coolant Leakage"
"1517","Product Complaints","Nexa","Service","Query",NULL,"Service",NULL,True,"Others","Feedback Regarding Product Improvement"
"1518","Product Complaints","Nexa","Service","Query",NULL,"Service",NULL,True,"Others","Fog Lamp"
"1519","Product Complaints","Nexa","Service","Query",NULL,"Service",NULL,True,"Others","Foul Smell Before Workshop Repairs"
"1520","Product Complaints","Nexa","Service","Query",NULL,"Service",NULL,True,"Others","Fuel Leakage"
"1521","Product Complaints","Nexa","Service","Query",NULL,"Service",NULL,True,"Others","Low Mileage"
"1522","Product Complaints","Nexa","Service","Query",NULL,"Service",NULL,True,"Others","Low Pickup"
"1523","Product Complaints","Nexa","Service","Query",NULL,"Service",NULL,True,"Others","Oil Leakage"
"1524","Product Complaints","Nexa","Service","Query",NULL,"Service",NULL,True,"Others","Rat Entry / Bite"
"1525","Product Complaints","Nexa","Service","Query",NULL,"Service",NULL,True,"Others","Security System"
"1526","Product Complaints","Nexa","Service","Query",NULL,"Service",NULL,True,"Others","Starting Problem"
"1527","Product Complaints","Nexa","Service","Query",NULL,"Service",NULL,True,"Others","Locks & Key related"
"1528","Product Complaints","Nexa","Service","Query",NULL,"Service",NULL,True,"Others","Others"
"1529","Service Initiation","Nexa","Service","Query",NULL,"Service",NULL,True,"Vehicle Pickup & Drop Issue","Pickup & Drop Associate Came Late"
"1530","Service Initiation","Nexa","Service","Query",NULL,"Service",NULL,True,"Vehicle Pickup & Drop Issue","Pickup & Drop Associate Misbehaved"
"1531","Service Initiation","Nexa","Service","Query",NULL,"Service",NULL,True,"Vehicle Pickup & Drop Issue","Pickup & Drop Facility Not Given"
"1532","Service Initiation","Nexa","Service","Query",NULL,"Service",NULL,True,"Vehicle Pickup & Drop Issue","Pickup & Drop Vehicle Dropped Is Not Clean"
"1533","Service Initiation","Nexa","Service","Query",NULL,"Service",NULL,True,"Service Issue","Service Reminder Not Given"
"1534","Service Initiation","Nexa","Service","Query",NULL,"Service",NULL,True,"Others","Vehicle Not Attended As Per Appointment Date & Time"
"1535","Service Initiation","Nexa","Service","Query",NULL,"Service",NULL,True,"Others","Warranty Request/Rejection"
"1536","Service Initiation","Nexa","Service","Query",NULL,"Service",NULL,True,"Others","Workshop Facilities Are Not Proper"
"1537","Service Initiation","Nexa","Service","Query",NULL,"Service",NULL,True,"Others","Additional Jobs Not Explained/Permission Not Taken"
"1538","Service Initiation","Nexa","Service","Query",NULL,"Service",NULL,True,"Others","All Service Jobs Not Explained"
"1539","Service Initiation","Nexa","Service","Query",NULL,"Service",NULL,True,"Others","Cashless Facility Not Given"
"1540","Service Initiation","Nexa","Service","Query",NULL,"Service",NULL,True,"Others","Customer Not Attended"
"1541","Service Initiation","Nexa","Service","Query",NULL,"Service",NULL,True,"Others","Delivery Date/ Time Not Given"
"1542","Service Initiation","Nexa","Service","Query",NULL,"Service",NULL,True,"Others","Depreciation Not Explained"
"1543","Service Initiation","Nexa","Service","Query",NULL,"Service",NULL,True,"Others","Drop Facility Not Offered"
"1544","Service Initiation","Nexa","Service","Query",NULL,"Service",NULL,True,"Others","Item Lost During Service"
"1545","Service Initiation","Nexa","Service","Query",NULL,"Service",NULL,True,"Others","Job Card Opening Delayed"
"1546","Service Initiation","Nexa","Service","Query",NULL,"Service",NULL,True,"Others","Loaner Car Not Given"
"1547","Service Initiation","Nexa","Service","Query",NULL,"Service",NULL,True,"Others","Maruti App Improper Working"
"1548","Service Initiation","Nexa","Service","Query",NULL,"Service",NULL,True,"Others","MisBehavior"
"1549","Service Initiation","Nexa","Service","Query",NULL,"Service",NULL,True,"Others","MOS Response Not Ok"
"1550","Service Initiation","Nexa","Service","Query",NULL,"Service",NULL,True,"Others","Refreshments To Customer Not Offered"
"1551","Service Initiation","Nexa","Service","Query",NULL,"Service",NULL,True,"Others","Kms reading punched wrongly"
"1552","Service Initiation","Nexa","Service","Query",NULL,"Service",NULL,True,"Others","Job Card opened by non-visited workshop"
"1553","Service Initiation","Nexa","Service","Query",NULL,"Service",NULL,True,"Others","Others"
"1554","Service Delivery","Nexa","Service","Query",NULL,"Service",NULL,True,"Delay Issue","Delay In Deliver Due To Spares"
"1555","Service Delivery","Nexa","Service","Query",NULL,"Service",NULL,True,"Delay Issue","Delay In Delivery After Body Repairs"
"1556","Service Delivery","Nexa","Service","Query",NULL,"Service",NULL,True,"Delay Issue","Delay In Delivery After Service Repairs"
"1557","Service Delivery","Nexa","Service","Query",NULL,"Service",NULL,True,"Delay Issue","Delay In Service/Repairs Not Updated To Customer"
"1558","Service Delivery","Nexa","Service","Query",NULL,"Service",NULL,True,"Others","Details Of Job Carried Out Not Explained"
"1559","Service Delivery","Nexa","Service","Query",NULL,"Service",NULL,True,"Others","Demanded Repairs Not Completed"
"1560","Service Delivery","Nexa","Service","Query",NULL,"Service",NULL,True,"Others","Invoice Not Given To Customer"
"1561","Service Delivery","Nexa","Service","Query",NULL,"Service",NULL,True,"Others","Job Required In Future Not Explained"
"1562","Service Delivery","Nexa","Service","Query",NULL,"Service",NULL,True,"Others","MisBehavior"
"1563","Service Delivery","Nexa","Service","Query",NULL,"Service",NULL,True,"Others","Old Parts Not Returned"
"1564","Service Delivery","Nexa","Service","Query",NULL,"Service",NULL,True,"Others","Over Charging"
"1565","Service Delivery","Nexa","Service","Query",NULL,"Service",NULL,True,"Others","Road Test Not Conducted After Repairs"
"1566","Service Delivery","Nexa","Service","Query",NULL,"Service",NULL,True,"Others","Service Charges Not Explained To Customer"
"1567","Service Delivery","Nexa","Service","Query",NULL,"Service",NULL,True,"Others","Others"
"1568","Service Feedback","Nexa","Service","Feedback",NULL,"Service",NULL,True,"Workshop",NULL
"1569","Service Feedback","Nexa","Service","Feedback",NULL,"Service",NULL,True,"MASS",NULL
"1570","Service Feedback","Nexa","Service","Feedback",NULL,"Service",NULL,True,"Driving School",NULL
"1571","Service Feedback","Nexa","Service","Feedback",NULL,"Service",NULL,True,"MOS",NULL
"1572","Service Feedback","Nexa","Service","Feedback",NULL,"Service",NULL,True,"True Value",NULL
"1573","Service Feedback","Nexa","Service","Feedback",NULL,"Service",NULL,True,"Others",NULL
"2374","Service Initiation","Arena","Service","Query",NULL,"Service",NULL,True,"Service Issue","Service Estimate Not Given/Explained"
"2375","Service Initiation","Nexa","Service","Query",NULL,"Service",NULL,True,"Service Issue","Service Estimate Not Given/Explained"
"2404","Others","Arena","Service","Query",NULL,"Service",NULL,True,NULL,NULL
"2405","Others","Nexa","Service","Query",NULL,"Service",NULL,True,NULL,NULL
"2423","Others","Arena","Service","Query",NULL,"Service",NULL,True,"WS Details",NULL
"2424","Others","Nexa","Service","Query",NULL,"Service",NULL,True,"WS Details",NULL
"2499","Service Feedback","Arena","Service","Feedback",NULL,"Service",NULL,True,"Showroom",NULL
"2500","Service Feedback","Nexa","Service","Feedback",NULL,"Service",NULL,True,"Showroom",NULL
"2502","Smart Play - Studio","Arena","Service","Query",NULL,"Service",NULL,True,"Media","Music"
"2503","Smart Play - Studio","Arena","Service","Query",NULL,"Service",NULL,True,"Media","Song"
"2504","Smart Play - Studio","Arena","Service","Query",NULL,"Service",NULL,True,"Media","FM"
"2505","Smart Play - Studio","Arena","Service","Query",NULL,"Service",NULL,True,"Media","AM"
"2506","Smart Play - Studio","Arena","Service","Query",NULL,"Service",NULL,True,"Media","USB"
"2507","Smart Play - Studio","Arena","Service","Query",NULL,"Service",NULL,True,"Media","AUX"
"2508","Smart Play - Studio","Arena","Service","Query",NULL,"Service",NULL,True,"Media","Navigation"
"2509","Smart Play - Studio","Arena","Service","Query",NULL,"Service",NULL,True,"Media","Maps"
"2510","Smart Play - Studio","Arena","Service","Query",NULL,"Service",NULL,True,"Smart Phone Linkage","Bluetooth Connection"
"2511","Smart Play - Studio","Arena","Service","Query",NULL,"Service",NULL,True,"Smart Phone Linkage","Smart Play Studio App Usage"
"2512","Smart Play - Studio","Arena","Service","Query",NULL,"Service",NULL,True,"Calling / Messaging","Calling"
"2513","Smart Play - Studio","Arena","Service","Query",NULL,"Service",NULL,True,"Calling / Messaging","Messaging"
"2514","Smart Play - Studio","Arena","Service","Query",NULL,"Service",NULL,True,"Calling / Messaging","Phonebook"
"2515","Smart Play - Studio","Arena","Service","Query",NULL,"Service",NULL,True,"Vehicle Information","Vehicle Information"
"2516","Smart Play - Studio","Arena","Service","Query",NULL,"Service",NULL,True,"Vehicle Information","Assist"
"2517","Smart Play - Studio","Arena","Service","Query",NULL,"Service",NULL,True,"Vehicle Information","Alerts"
"2518","Smart Play - Studio","Arena","Service","Query",NULL,"Service",NULL,True,"Vehicle Information","Mileage"
"2519","Smart Play - Studio","Arena","Service","Query",NULL,"Service",NULL,True,"Login","Login"
"2520","Smart Play - Studio","Arena","Service","Query",NULL,"Service",NULL,True,"Login","Vin Number"
"2521","Smart Play - Studio","Arena","Service","Query",NULL,"Service",NULL,True,"Login","Registration Number"
"2522","Smart Play - Studio","Arena","Service","Query",NULL,"Service",NULL,True,"Others","Others"
"2523","Smart Play - Dock","Arena","Service","Query",NULL,"Service",NULL,True,"Media","Music"
"2524","Smart Play - Dock","Arena","Service","Query",NULL,"Service",NULL,True,"Media","Song"
"2525","Smart Play - Dock","Arena","Service","Query",NULL,"Service",NULL,True,"Media","FM"
"2526","Smart Play - Dock","Arena","Service","Query",NULL,"Service",NULL,True,"Media","AM"
"2527","Smart Play - Dock","Arena","Service","Query",NULL,"Service",NULL,True,"Media","USB"
"2528","Smart Play - Dock","Arena","Service","Query",NULL,"Service",NULL,True,"Media","AUX"
"2529","Smart Play - Dock","Arena","Service","Query",NULL,"Service",NULL,True,"Navigation","Navigation"
"2530","Smart Play - Dock","Arena","Service","Query",NULL,"Service",NULL,True,"Navigation","Maps"
"2531","Smart Play - Dock","Arena","Service","Query",NULL,"Service",NULL,True,"Smart Phone Linkage","Bluetooth Connection"
"2532","Smart Play - Dock","Arena","Service","Query",NULL,"Service",NULL,True,"Smart Phone Linkage","Smart Play Studio App Usage"
"2533","Smart Play - Dock","Arena","Service","Query",NULL,"Service",NULL,True,"Calling / Messaging","Calling"
"2534","Smart Play - Dock","Arena","Service","Query",NULL,"Service",NULL,True,"Calling / Messaging","Messaging"
"2535","Smart Play - Dock","Arena","Service","Query",NULL,"Service",NULL,True,"Calling / Messaging","Phonebook"
"2536","Smart Play - Dock","Arena","Service","Query",NULL,"Service",NULL,True,"Vehicle Information","Vehicle Information"
"2537","Smart Play - Dock","Arena","Service","Query",NULL,"Service",NULL,True,"Vehicle Information","Assist"
"2538","Smart Play - Dock","Arena","Service","Query",NULL,"Service",NULL,True,"Vehicle Information","Alerts"
"2539","Smart Play - Dock","Arena","Service","Query",NULL,"Service",NULL,True,"Vehicle Information","Mileage"
"2540","Smart Play - Dock","Arena","Service","Query",NULL,"Service",NULL,True,"Login","Login"
"2541","Smart Play - Dock","Arena","Service","Query",NULL,"Service",NULL,True,"Login","Vin Number"
"2542","Smart Play - Dock","Arena","Service","Query",NULL,"Service",NULL,True,"Login","Registration Number"
"2543","Smart Play - Dock","Arena","Service","Query",NULL,"Service",NULL,True,"Others","Others"
"2544","Smart Play - Studio","Nexa","Service","Query",NULL,"Service",NULL,True,"Media","Music"
"2545","Smart Play - Studio","Nexa","Service","Query",NULL,"Service",NULL,True,"Media","Song"
"2546","Smart Play - Studio","Nexa","Service","Query",NULL,"Service",NULL,True,"Media","FM"
"2547","Smart Play - Studio","Nexa","Service","Query",NULL,"Service",NULL,True,"Media","AM"
"2548","Smart Play - Studio","Nexa","Service","Query",NULL,"Service",NULL,True,"Media","USB"
"2549","Smart Play - Studio","Nexa","Service","Query",NULL,"Service",NULL,True,"Media","AUX"
"2550","Smart Play - Studio","Nexa","Service","Query",NULL,"Service",NULL,True,"Media","Navigation"
"2551","Smart Play - Studio","Nexa","Service","Query",NULL,"Service",NULL,True,"Media","Maps"
"2552","Smart Play - Studio","Nexa","Service","Query",NULL,"Service",NULL,True,"Smart Phone Linkage","Bluetooth Connection"
"2553","Smart Play - Studio","Nexa","Service","Query",NULL,"Service",NULL,True,"Smart Phone Linkage","Smart Play Studio App Usage"
"2554","Smart Play - Studio","Nexa","Service","Query",NULL,"Service",NULL,True,"Calling / Messaging","Calling"
"2555","Smart Play - Studio","Nexa","Service","Query",NULL,"Service",NULL,True,"Calling / Messaging","Messaging"
"2556","Smart Play - Studio","Nexa","Service","Query",NULL,"Service",NULL,True,"Calling / Messaging","Phonebook"
"2557","Smart Play - Studio","Nexa","Service","Query",NULL,"Service",NULL,True,"Vehicle Information","Vehicle Information"
"2558","Smart Play - Studio","Nexa","Service","Query",NULL,"Service",NULL,True,"Vehicle Information","Assist"
"2559","Smart Play - Studio","Nexa","Service","Query",NULL,"Service",NULL,True,"Vehicle Information","Alerts"
"2560","Smart Play - Studio","Nexa","Service","Query",NULL,"Service",NULL,True,"Vehicle Information","Mileage"
"2561","Smart Play - Studio","Nexa","Service","Query",NULL,"Service",NULL,True,"Login","Login"
"2562","Smart Play - Studio","Nexa","Service","Query",NULL,"Service",NULL,True,"Login","Vin Number"
"2563","Smart Play - Studio","Nexa","Service","Query",NULL,"Service",NULL,True,"Login","Registration Number"
"2564","Smart Play - Studio","Nexa","Service","Query",NULL,"Service",NULL,True,"Others","Others"
"2565","Smart Play - Dock","Nexa","Service","Query",NULL,"Service",NULL,True,"Media","Music"
"2566","Smart Play - Dock","Nexa","Service","Query",NULL,"Service",NULL,True,"Media","Song"
"2567","Smart Play - Dock","Nexa","Service","Query",NULL,"Service",NULL,True,"Media","FM"
"2568","Smart Play - Dock","Nexa","Service","Query",NULL,"Service",NULL,True,"Media","AM"
"2569","Smart Play - Dock","Nexa","Service","Query",NULL,"Service",NULL,True,"Media","USB"
"2570","Smart Play - Dock","Nexa","Service","Query",NULL,"Service",NULL,True,"Media","AUX"
"2571","Smart Play - Dock","Nexa","Service","Query",NULL,"Service",NULL,True,"Navigation","Navigation"
"2572","Smart Play - Dock","Nexa","Service","Query",NULL,"Service",NULL,True,"Navigation","Maps"
"2573","Smart Play - Dock","Nexa","Service","Query",NULL,"Service",NULL,True,"Smart Phone Linkage","Bluetooth Connection"
"2574","Smart Play - Dock","Nexa","Service","Query",NULL,"Service",NULL,True,"Smart Phone Linkage","Smart Play Studio App Usage"
"2575","Smart Play - Dock","Nexa","Service","Query",NULL,"Service",NULL,True,"Calling / Messaging","Calling"
"2576","Smart Play - Dock","Nexa","Service","Query",NULL,"Service",NULL,True,"Calling / Messaging","Messaging"
"2577","Smart Play - Dock","Nexa","Service","Query",NULL,"Service",NULL,True,"Calling / Messaging","Phonebook"
"2578","Smart Play - Dock","Nexa","Service","Query",NULL,"Service",NULL,True,"Vehicle Information","Vehicle Information"
"2579","Smart Play - Dock","Nexa","Service","Query",NULL,"Service",NULL,True,"Vehicle Information","Assist"
"2580","Smart Play - Dock","Nexa","Service","Query",NULL,"Service",NULL,True,"Vehicle Information","Alerts"
"2581","Smart Play - Dock","Nexa","Service","Query",NULL,"Service",NULL,True,"Vehicle Information","Mileage"
"2582","Smart Play - Dock","Nexa","Service","Query",NULL,"Service",NULL,True,"Login","Login"
"2583","Smart Play - Dock","Nexa","Service","Query",NULL,"Service",NULL,True,"Login","Vin Number"
"2584","Smart Play - Dock","Nexa","Service","Query",NULL,"Service",NULL,True,"Login","Registration Number"
"2585","Smart Play - Dock","Nexa","Service","Query",NULL,"Service",NULL,True,"Others","Others"
"2160","Sales Feedback","Nexa","Accessories","Feedback",NULL,"Accessories",NULL,True,"Other",NULL
"2161","Sales Feedback","Arena","Accessories","Feedback",NULL,"Accessories",NULL,True,"Other",NULL
"2172","Accessories","Arena","Accessories","Query",NULL,"Accessories",NULL,True,"Accessories Pricing ",NULL
"2173","Accessories","Arena","Accessories","Query",NULL,"Accessories",NULL,True,"Accessories Information",NULL
"2174","Accessories","Arena","Accessories","Query",NULL,"Accessories",NULL,True,"Availability",NULL
"2175","Accessories","Arena","Accessories","Query",NULL,"Accessories",NULL,True,"Replacement",NULL
"2176","Accessories","Arena","Accessories","Query",NULL,"Accessories",NULL,True,"Warranty",NULL
"2177","Accessories","Arena","Accessories","Query",NULL,"Accessories",NULL,True,"Accessories Insurance",NULL
"2178","Accessories","Arena","Accessories","Query",NULL,"Accessories",NULL,True,"Accessories Finance",NULL
"2179","Accessories","Arena","Accessories","Query",NULL,"Accessories",NULL,True,"Accessories Quality Related",NULL
"2180","Accessories","Arena","Accessories","Query",NULL,"Accessories",NULL,True,"Other",NULL
"2181","Accessories","Nexa","Accessories","Query",NULL,"Accessories",NULL,True,"Accessories Pricing ",NULL
"2182","Accessories","Nexa","Accessories","Query",NULL,"Accessories",NULL,True,"Accessories Information",NULL
"2183","Accessories","Nexa","Accessories","Query",NULL,"Accessories",NULL,True,"Availability",NULL
"2184","Accessories","Nexa","Accessories","Query",NULL,"Accessories",NULL,True,"Replacement",NULL
"2185","Accessories","Nexa","Accessories","Query",NULL,"Accessories",NULL,True,"Warranty",NULL
"2186","Accessories","Nexa","Accessories","Query",NULL,"Accessories",NULL,True,"Accessories Insurance",NULL
"2187","Accessories","Nexa","Accessories","Query",NULL,"Accessories",NULL,True,"Accessories Finance",NULL
"2188","Accessories","Nexa","Accessories","Query",NULL,"Accessories",NULL,True,"Accessories Quality Related",NULL
"2189","Accessories","Nexa","Accessories","Query",NULL,"Accessories",NULL,True,"Other",NULL
"2096","True Value","True Value","True Value","Query",NULL,"True Value",NULL,True,"Car Availability at TVO",NULL
"2097","True Value","True Value","True Value","Query",NULL,"True Value",NULL,True,"Free Servicing/Warranty/Extended Warranty",NULL
"2098","True Value","True Value","True Value","Query",NULL,"True Value",NULL,True,"Resale Value of Car",NULL
"2099","True Value","True Value","True Value","Query",NULL,"True Value",NULL,True,"Test Drive of True Value Car (If Prospect Already Made for True Value)",NULL
"2100","True Value","True Value","True Value","Query",NULL,"True Value",NULL,True,"True Value Car Price",NULL
"2101","True Value","True Value","True Value","Query",NULL,"True Value",NULL,True,"True Value Dealer Contact Details",NULL
"2102","True Value","True Value","True Value","Query",NULL,"True Value",NULL,True,"Status of Open Complaint",NULL
"2103","True Value","True Value","True Value","Query",NULL,"True Value",NULL,True,"Complaint Withdrawal",NULL
"2104","True Value","True Value","True Value","Query",NULL,"True Value",NULL,True,"Delivery Related",NULL
"2105","True Value","True Value","True Value","Query",NULL,"True Value",NULL,True,"Others",NULL
"2106","Deal","True Value","True Value","Query",NULL,"True Value",NULL,True,"Price of The Car(Verbal)",NULL
"2107","Deal","True Value","True Value","Query",NULL,"True Value",NULL,True,"Price of The Car(Written)",NULL
"2108","Deal","True Value","True Value","Query",NULL,"True Value",NULL,True,"Deal Not Explained (Exchange Bonus/Price etc)",NULL
"2109","Deal","True Value","True Value","Query",NULL,"True Value",NULL,True,"Deal Not Adhered (False Commitment)",NULL
"2110","Deal","True Value","True Value","Query",NULL,"True Value",NULL,True,"Part/Component Missing(Eg: Spare Wheel, Speaker, Audio System, etc)",NULL
"2111","RC Transfer Delay","True Value","True Value","Query",NULL,"True Value",NULL,True,"RC Not Received (Buyer)",NULL
"2112","RC Transfer Delay","True Value","True Value","Query",NULL,"True Value",NULL,True,"RC Not Transferred (Seller)",NULL
"2115","Bank NOC Issue","True Value","True Value","Query",NULL,"True Value",NULL,True,"NOC Not Issued",NULL
"2116","Bank NOC Issue","True Value","True Value","Query",NULL,"True Value",NULL,True,"NOC Not Provided",NULL
"2117","Bank NOC Issue","True Value","True Value","Query",NULL,"True Value",NULL,True,"Wrong NOC Issued",NULL
"2118","RTO NOC Issue","True Value","True Value","Query",NULL,"True Value",NULL,True,"NOC Not Issued",NULL
"2119","RTO NOC Issue","True Value","True Value","Query",NULL,"True Value",NULL,True,"NOC Not Provided",NULL
"2120","RTO NOC Issue","True Value","True Value","Query",NULL,"True Value",NULL,True,"Wrong NOC Issued",NULL
"2121","RTO NOC Issue","True Value","True Value","Query",NULL,"True Value",NULL,True,"Other Party Present Pending",NULL
"2122","Document Issue","True Value","True Value","Query",NULL,"True Value",NULL,True,"Service Booklet/Owner Manual Not Received",NULL
"2123","Document Issue","True Value","True Value","Query",NULL,"True Value",NULL,True,"Transferred Insurance Not Received",NULL
"2124","Document Issue","True Value","True Value","Query",NULL,"True Value",NULL,True,"Any Other Paperwork Issue",NULL
"2125","Over Promise","True Value","True Value","Query",NULL,"True Value",NULL,True,"False Commitment (Verbal)",NULL
"2126","Over Promise","True Value","True Value","Query",NULL,"True Value",NULL,True,"False Commitment (Written)",NULL
"2127","Over Promise","True Value","True Value","Query",NULL,"True Value",NULL,True,"Commitment Not Delivered (Verbal)",NULL
"2128","Over Promise","True Value","True Value","Query",NULL,"True Value",NULL,True,"Commitment Not Delivered (Written)",NULL
"2129","Service Issue","True Value","True Value","Query",NULL,"True Value",NULL,True,"Warranty (Verbal)",NULL
"2130","Service Issue","True Value","True Value","Query",NULL,"True Value",NULL,True,"Warranty (Written)",NULL
"2131","Service Issue","True Value","True Value","Query",NULL,"True Value",NULL,True,"Free Service (Verbal)",NULL
"2132","Service Issue","True Value","True Value","Query",NULL,"True Value",NULL,True,"Free Service (Written)",NULL
"2133","Service Issue","True Value","True Value","Query",NULL,"True Value",NULL,True,"Service Related (Verbal)",NULL
"2134","Service Issue","True Value","True Value","Query",NULL,"True Value",NULL,True,"Service Related (Written)",NULL
"2135","Meter Tempering Issue","True Value","True Value","Query",NULL,"True Value",NULL,True,"Meter Tempering Issue (Verbal)",NULL
"2136","Meter Tempering Issue","True Value","True Value","Query",NULL,"True Value",NULL,True,"Meter Tempering Issue (Written)",NULL
"2137","Warranty Issue","True Value","True Value","Query",NULL,"True Value",NULL,True,"Warranty Certificate Not Issued",NULL
"2138","Warranty Issue","True Value","True Value","Query",NULL,"True Value",NULL,True,"Warranty Not Approved",NULL
"2139","Quality Issue","True Value","True Value","Query",NULL,"True Value",NULL,True,"Engine Issue",NULL
"2140","Quality Issue","True Value","True Value","Query",NULL,"True Value",NULL,True,"Battery",NULL
"2141","Quality Issue","True Value","True Value","Query",NULL,"True Value",NULL,True,"Tire Condition",NULL
"2142","Quality Issue","True Value","True Value","Query",NULL,"True Value",NULL,True,"Clutch",NULL
"2143","Quality Issue","True Value","True Value","Query",NULL,"True Value",NULL,True,"SRS/Safety Systems",NULL
"2144","Quality Issue","True Value","True Value","Query",NULL,"True Value",NULL,True,"AC",NULL
"2145","Quality Issue","True Value","True Value","Query",NULL,"True Value",NULL,True,"Meter Tempering",NULL
"2146","2nd key Issue","True Value","True Value","Query",NULL,"True Value",NULL,True,"2nd Key Not Provided",NULL
"2147","2nd key Issue","True Value","True Value","Query",NULL,"True Value",NULL,True,"2nd Key Mismatch",NULL
"2148","Behavior Issue","True Value","True Value","Query",NULL,"True Value",NULL,True,"Verbal Behavior",NULL
"2149","Behavior Issue","True Value","True Value","Query",NULL,"True Value",NULL,True,"Written Behavior",NULL
"2150","Transaction Issue","True Value","True Value","Query",NULL,"True Value",NULL,True,"Booking Cancellation",NULL
"2151","Transaction Issue","True Value","True Value","Query",NULL,"True Value",NULL,True,"Website Stock Mismatch",NULL
"2152","TV Feedback","True Value","True Value","Feedback",NULL,"True Value",NULL,True,"Booking Related",NULL
"2153","TV Feedback","True Value","True Value","Feedback",NULL,"True Value",NULL,True,"Delivery Related Feedback",NULL
"2154","TV Feedback","True Value","True Value","Feedback",NULL,"True Value",NULL,True,"Documentation Related",NULL
"2155","TV Feedback","True Value","True Value","Feedback",NULL,"True Value",NULL,True,"Payment Related",NULL
"2156","TV Feedback","True Value","True Value","Feedback",NULL,"True Value",NULL,True,"Scheme Related",NULL
"2157","TV Feedback","True Value","True Value","Feedback",NULL,"True Value",NULL,True,"MisBehavior",NULL
"2158","TV Feedback","True Value","True Value","Feedback",NULL,"True Value",NULL,True,"Others",NULL
"2159","TV Feedback","True Value","True Value","Feedback",NULL,"True Value",NULL,True,"Exchange Bonus Related",NULL
"2379","Quality Issue","True Value","True Value","Query",NULL,"True Value",NULL,True,"Others (Specify) - Options to Choose Multiple Issues",NULL
"2407","Others","True Value","True Value","Query",NULL,"True Value",NULL,True,NULL,NULL
"2426","Others","True Value","True Value","Query",NULL,"True Value",NULL,True,"TV Details",NULL
"2434","Feedback and Other Queries","MDS","MSDS","Feedback",NULL,NULL,NULL,True,NULL,NULL
"2436","Enquiries Regarding MDS Franchisee","MDS","MSDS","Feedback",NULL,NULL,NULL,True,NULL,NULL
"2437","Corporate Queries and Enquiries","MDS","MSDS","Feedback",NULL,NULL,NULL,True,NULL,NULL
"2438","Career with MDS","MDS","MSDS","Feedback",NULL,NULL,NULL,True,NULL,NULL
"2427","Feedback and Other Queries","MDS","MSDS","Query",NULL,NULL,NULL,True,NULL,NULL
"2447","Feedback and Other Queries","MDS","MSDS","Complaint",NULL,NULL,NULL,True,NULL,NULL
"2429","Enquiries Regarding MDS Franchisee","MDS","MSDS","Query",NULL,NULL,NULL,True,NULL,NULL
"2445","Enquiries Regarding MDS Franchisee","MDS","MSDS","Complaint",NULL,NULL,NULL,True,NULL,NULL
"2430","Corporate Queries and Enquiries","MDS","MSDS","Query",NULL,NULL,NULL,True,NULL,NULL
"2444","Corporate Queries and Enquiries","MDS","MSDS","Complaint",NULL,NULL,NULL,True,NULL,NULL
"2431","Career with MDS","MDS","MSDS","Query",NULL,NULL,NULL,True,NULL,NULL
"2443","Career with MDS","MDS","MSDS","Complaint",NULL,NULL,NULL,True,NULL,NULL
"2432","Complaint From Trainees","MDS","MSDS","Query",NULL,NULL,NULL,True,NULL,NULL
"2439","Complaint From Trainees","MDS","MSDS","Feedback",NULL,NULL,NULL,True,NULL,NULL
"2442","Complaint From Trainees","MDS","MSDS","Complaint",NULL,NULL,NULL,True,NULL,NULL
"2433","Suggestions/Appreciation From Trainees","MDS","MSDS","Query",NULL,NULL,NULL,True,NULL,NULL
"2440","Suggestions/Appreciation From Trainees","MDS","MSDS","Feedback",NULL,NULL,NULL,True,NULL,NULL
"2441","Suggestions/Appreciation From Trainees","MDS","MSDS","Complaint",NULL,NULL,NULL,True,NULL,NULL
"3073","Others","Arena","MSGP","Query",NULL,NULL,NULL,True,NULL,NULL
"3074","Quality Related","Arena","MSGP","Query",NULL,NULL,NULL,True,NULL,NULL
"3075","Availability","Arena","MSGP","Query",NULL,NULL,NULL,True,NULL,NULL
"3076","Return Related","Arena","MSGP","Query",NULL,NULL,NULL,True,NULL,NULL
"3077","Website Booking","Arena","MSGP","Query",NULL,NULL,NULL,True,NULL,NULL
"3078","Price Related","Arena","MSGP","Query",NULL,NULL,NULL,True,NULL,NULL
"3025","Others","True Value","True Value","Feedback",NULL,"True Value",NULL,False,"Others",NULL
"3026","Others","True Value","True Value","Query",NULL,"True Value",NULL,False,"Others",NULL
"3079","Distributor Contact Details","Arena","MSGP","Query",NULL,NULL,NULL,True,NULL,NULL
"3081","Purchase Related","Arena","MSGP","Query",NULL,NULL,NULL,True,NULL,NULL
"3082","Others","Arena","MSGP","Feedback",NULL,NULL,NULL,True,NULL,NULL
"3083","Quality Related","Arena","MSGP","Feedback",NULL,NULL,NULL,True,NULL,NULL
"3084","Availability","Arena","MSGP","Feedback",NULL,NULL,NULL,True,NULL,NULL
"3085","Return Related","Arena","MSGP","Feedback",NULL,NULL,NULL,True,NULL,NULL
"3086","Website Booking","Arena","MSGP","Feedback",NULL,NULL,NULL,True,NULL,NULL
"3087","Price Related","Arena","MSGP","Feedback",NULL,NULL,NULL,True,NULL,NULL
"3088","Distributor Contact Details","Arena","MSGP","Feedback",NULL,NULL,NULL,True,NULL,NULL
"3090","Purchase Related","Arena","MSGP","Feedback",NULL,NULL,NULL,True,NULL,NULL
"3091","Others","Nexa","MSGP","Query",NULL,NULL,NULL,True,NULL,NULL
"3092","Quality Related","Nexa","MSGP","Query",NULL,NULL,NULL,True,NULL,NULL
"3080","Return Related","Arena","MSGP","Query",NULL,NULL,NULL,False,NULL,NULL
"1718","Service Initiation","Commercial","Service","Complaint",NULL,NULL,NULL,True,"Vehicle Pickup & Drop Issue","Pickup & Drop Facility Not Given"
"1719","Service Initiation","Commercial","Service","Complaint",NULL,NULL,NULL,True,"Vehicle Pickup & Drop Issue","Pickup & Drop Vehicle Dropped Is Not Clean"
"1720","Service Initiation","Commercial","Service","Complaint",NULL,NULL,NULL,True,"Service Issue","Service Reminder Not Given"
"1721","Service Initiation","Commercial","Service","Complaint",NULL,NULL,NULL,True,"Service Issue","Service Estimate Not Given/Explained"
"1722","Service Initiation","Commercial","Service","Complaint",NULL,NULL,NULL,True,"Others","Vehicle Not Attended As Per Appointment Date & Time"
"1723","Service Initiation","Commercial","Service","Complaint",NULL,NULL,NULL,True,"Others","Warranty Request/Rejection"
"1724","Service Initiation","Commercial","Service","Complaint",NULL,NULL,NULL,True,"Others","Workshop Facilities Are Not Proper"
"1725","Service Initiation","Commercial","Service","Complaint",NULL,NULL,NULL,True,"Others","Additional Jobs Not Explained/Permission Not Taken"
"1726","Service Initiation","Commercial","Service","Complaint",NULL,NULL,NULL,True,"Others","All Service Jobs Not Explained"
"1727","Service Initiation","Commercial","Service","Complaint",NULL,NULL,NULL,True,"Others","Cashless Facility Not Given"
"1728","Service Initiation","Commercial","Service","Complaint",NULL,NULL,NULL,True,"Others","Customer Not Attended"
"1729","Service Initiation","Commercial","Service","Complaint",NULL,NULL,NULL,True,"Others","Delivery Date/ Time Not Given"
"1730","Service Initiation","Commercial","Service","Complaint",NULL,NULL,NULL,True,"Others","Depreciation Not Explained"
"1731","Service Initiation","Commercial","Service","Complaint",NULL,NULL,NULL,True,"Others","Drop Facility Not Offered"
"1732","Service Initiation","Commercial","Service","Complaint",NULL,NULL,NULL,True,"Others","Item Lost During Service"
"1733","Service Initiation","Commercial","Service","Complaint",NULL,NULL,NULL,True,"Others","Job Card Opening Delayed"
"3107","Return Related","Nexa","MSGP","Feedback",NULL,NULL,NULL,False,NULL,NULL
"3116","Return Related","Commercial","MSGP","Query",NULL,NULL,NULL,False,NULL,NULL
"3125","Return Related","Commercial","MSGP","Feedback",NULL,NULL,NULL,False,NULL,NULL
"3089","Return Related","Arena","MSGP","Feedback",NULL,NULL,NULL,False,NULL,NULL
"664","Product Complaints","Arena","Service","Complaint",NULL,NULL,NULL,True,"Clutch Issue","Clutch Noise"
"804","Workmanship Bodyshop","Arena","Service","Complaint",NULL,NULL,NULL,True,"Vehicle Body Issue","Body Gaps After Bodyshop Repairs"
"805","Workmanship Bodyshop","Arena","Service","Complaint",NULL,NULL,NULL,True,"Vehicle Body Issue","Body Noise After Bodyshop Repairs"
"806","Workmanship Bodyshop","Arena","Service","Complaint",NULL,NULL,NULL,True,"Paint Issue","Paint Finish Not Okay After Body Repairs"
"807","Workmanship Bodyshop","Arena","Service","Complaint",NULL,NULL,NULL,True,"Paint Issue","Paint Mismatch After Body Repairs"
"808","Workmanship Bodyshop","Arena","Service","Complaint",NULL,NULL,NULL,True,"Paint Issue","Paint Peeling Off After Body Repairs"
"809","Workmanship Bodyshop","Arena","Service","Complaint",NULL,NULL,NULL,True,"Paint Issue","Paint Related Defect After Body Repairs"
"810","Workmanship Bodyshop","Arena","Service","Complaint",NULL,NULL,NULL,True,"Denting & Others","Rough Surface/Dent After Body Repairs"
"811","Workmanship Bodyshop","Arena","Service","Complaint",NULL,NULL,NULL,True,"Denting & Others","Rusting After Painting"
"812","Workmanship Bodyshop","Arena","Service","Complaint",NULL,NULL,NULL,True,"Denting & Others","Water Leakage After Bodyshop Repairs"
"813","Workmanship Bodyshop","Arena","Service","Complaint",NULL,NULL,NULL,True,"Denting & Others","Door Noise After Bodyshop Repairs"
"814","Workmanship Bodyshop","Arena","Service","Complaint",NULL,NULL,NULL,True,"Denting & Others","Foul Smell After Bodyshop Repairs"
"815","Workmanship Bodyshop","Arena","Service","Complaint",NULL,NULL,NULL,True,"Denting & Others","Others"
"816","Workmanship - Service/Repairs","Arena","Service","Complaint",NULL,NULL,NULL,True,"AC Issue","Ac Less Effective"
"817","Workmanship - Service/Repairs","Arena","Service","Complaint",NULL,NULL,NULL,True,"AC Issue","Ac Noise"
"818","Workmanship - Service/Repairs","Arena","Service","Complaint",NULL,NULL,NULL,True,"AC Issue","Ac Not Working"
"820","Workmanship - Service/Repairs","Arena","Service","Complaint",NULL,NULL,NULL,True,"Brake Issue","Brake Fluid Leakage"
"821","Workmanship - Service/Repairs","Arena","Service","Complaint",NULL,NULL,NULL,True,"Brake Issue","Brake Less Effective"
"822","Workmanship - Service/Repairs","Arena","Service","Complaint",NULL,NULL,NULL,True,"Brake Issue","Brake Noise/Vibration"
"823","Workmanship - Service/Repairs","Arena","Service","Complaint",NULL,NULL,NULL,True,"Brake Issue","Brake Pad Wear Off"
"825","Workmanship - Service/Repairs","Arena","Service","Complaint",NULL,NULL,NULL,True,"Brake Issue","Brake Pedal Hard"
"826","Workmanship - Service/Repairs","Arena","Service","Complaint",NULL,NULL,NULL,True,"Clutch Issue","Clutch Hard"
"827","Workmanship - Service/Repairs","Arena","Service","Complaint",NULL,NULL,NULL,True,"Clutch Issue","Clutch Noise"
"828","Workmanship - Service/Repairs","Arena","Service","Complaint",NULL,NULL,NULL,True,"Clutch Issue","Clutch Not Working"
"829","Workmanship - Service/Repairs","Arena","Service","Complaint",NULL,NULL,NULL,True,"Door Issue","Door Hard To Close"
"830","Workmanship - Service/Repairs","Arena","Service","Complaint",NULL,NULL,NULL,True,"Door Issue","Door Noise After Workshop Repairs"
"831","Workmanship - Service/Repairs","Arena","Service","Complaint",NULL,NULL,NULL,True,"Electrical Issue","Electrical  - Battery"
"832","Workmanship - Service/Repairs","Arena","Service","Complaint",NULL,NULL,NULL,True,"Electrical Issue","Electrical  - Fuses Related"
"833","Workmanship - Service/Repairs","Arena","Service","Complaint",NULL,NULL,NULL,True,"Electrical Issue","Electrical  - Head Light Not Working"
"834","Workmanship - Service/Repairs","Arena","Service","Complaint",NULL,NULL,NULL,True,"Electrical Issue","Electrical  - Horn Not Working"
"835","Workmanship - Service/Repairs","Arena","Service","Complaint",NULL,NULL,NULL,True,"Electrical Issue","Electrical  - Mil/Dashboard Light"
"836","Workmanship - Service/Repairs","Arena","Service","Complaint",NULL,NULL,NULL,True,"Electrical Issue","Electrical  - Others (Not Ac)"
"837","Workmanship - Service/Repairs","Arena","Service","Complaint",NULL,NULL,NULL,True,"Electrical Issue","Electrical  - Side Indicator Not Working"
"838","Workmanship - Service/Repairs","Arena","Service","Complaint",NULL,NULL,NULL,True,"Electrical Issue","Electrical  - Wiper Not Working"
"839","Workmanship - Service/Repairs","Arena","Service","Complaint",NULL,NULL,NULL,True,"Engine Issue","Engine High Oil Consumption"
"840","Workmanship - Service/Repairs","Arena","Service","Complaint",NULL,NULL,NULL,True,"Engine Issue","Engine Hydrostatic Lock"
"841","Workmanship - Service/Repairs","Arena","Service","Complaint",NULL,NULL,NULL,True,"Engine Issue","Engine Noise/Vibration"
"842","Workmanship - Service/Repairs","Arena","Service","Complaint",NULL,NULL,NULL,True,"Engine Issue","Engine Oil Leakage After Repair"
"843","Workmanship - Service/Repairs","Arena","Service","Complaint",NULL,NULL,NULL,True,"Engine Issue","Engine Overheating"
"844","Workmanship - Service/Repairs","Arena","Service","Complaint",NULL,NULL,NULL,True,"Engine Issue","Engine Stalling"
"845","Workmanship - Service/Repairs","Arena","Service","Complaint",NULL,NULL,NULL,True,"Gear Issue","Gear Lever Vibration"
"846","Workmanship - Service/Repairs","Arena","Service","Complaint",NULL,NULL,NULL,True,"Gear Issue","Gear Noise"
"847","Workmanship - Service/Repairs","Arena","Service","Complaint",NULL,NULL,NULL,True,"Gear Issue","Gear Shifting Hard"
"848","Workmanship - Service/Repairs","Arena","Service","Complaint",NULL,NULL,NULL,True,"Gear Issue","Gear Slippage"
"849","Workmanship - Service/Repairs","Arena","Service","Complaint",NULL,NULL,NULL,True,"Gear Issue","Glass Noise After Workshop Repairs"
"850","Workmanship - Service/Repairs","Arena","Service","Complaint",NULL,NULL,NULL,True,"Steering Issue","Steering Hard"
"851","Workmanship - Service/Repairs","Arena","Service","Complaint",NULL,NULL,NULL,True,"Steering Issue","Steering Noise"
"852","Workmanship - Service/Repairs","Arena","Service","Complaint",NULL,NULL,NULL,True,"Steering Issue","Steering Return Ability - Improper"
"853","Workmanship - Service/Repairs","Arena","Service","Complaint",NULL,NULL,NULL,True,"Suspension Issue","Suspension Hard"
"854","Workmanship - Service/Repairs","Arena","Service","Complaint",NULL,NULL,NULL,True,"Suspension Issue","Suspension Noise"
"855","Workmanship - Service/Repairs","Arena","Service","Complaint",NULL,NULL,NULL,True,"Tyre Issue","Tyre Burst/Swell"
"856","Workmanship - Service/Repairs","Arena","Service","Complaint",NULL,NULL,NULL,True,"Tyre Issue","Tyre Wear"
"857","Workmanship - Service/Repairs","Arena","Service","Complaint",NULL,NULL,NULL,True,"Wheel Issue","Wheel Alignment"
"858","Workmanship - Service/Repairs","Arena","Service","Complaint",NULL,NULL,NULL,True,"Wheel Issue","Wheel Wobbling"
"859","Workmanship - Service/Repairs","Arena","Service","Complaint",NULL,NULL,NULL,True,"Others","Audio System"
"860","Workmanship - Service/Repairs","Arena","Service","Complaint",NULL,NULL,NULL,True,"Others","Axle Noise"
"861","Workmanship - Service/Repairs","Arena","Service","Complaint",NULL,NULL,NULL,True,"Others","Body Noise After Workshop Repairs"
"862","Workmanship - Service/Repairs","Arena","Service","Complaint",NULL,NULL,NULL,True,"Others","Central Locking"
"863","Workmanship - Service/Repairs","Arena","Service","Complaint",NULL,NULL,NULL,True,"Others","Coolant Leakage After Repair"
"864","Workmanship - Service/Repairs","Arena","Service","Complaint",NULL,NULL,NULL,True,"Others","Fog Lamp"
"865","Workmanship - Service/Repairs","Arena","Service","Complaint",NULL,NULL,NULL,True,"Others","Foul Smell After Workshop Repairs"
"866","Workmanship - Service/Repairs","Arena","Service","Complaint",NULL,NULL,NULL,True,"Others","Fuel Leakage"
"867","Workmanship - Service/Repairs","Arena","Service","Complaint",NULL,NULL,NULL,True,"Others","Low Mileage"
"868","Workmanship - Service/Repairs","Arena","Service","Complaint",NULL,NULL,NULL,True,"Others","Low Pickup"
"869","Workmanship - Service/Repairs","Arena","Service","Complaint",NULL,NULL,NULL,True,"Others","Oil Leakage"
"870","Workmanship - Service/Repairs","Arena","Service","Complaint",NULL,NULL,NULL,True,"Others","Poor PDI"
"871","Workmanship - Service/Repairs","Arena","Service","Complaint",NULL,NULL,NULL,True,"Others","Poor Washing/Cleaning"
"872","Workmanship - Service/Repairs","Arena","Service","Complaint",NULL,NULL,NULL,True,"Others","Security System"
"873","Workmanship - Service/Repairs","Arena","Service","Complaint",NULL,NULL,NULL,True,"Others","Service/Repairs Not Done As Per Customer Satisfaction"
"874","Workmanship - Service/Repairs","Arena","Service","Complaint",NULL,NULL,NULL,True,"Others","Starting Problem"
"875","Workmanship - Service/Repairs","Arena","Service","Complaint",NULL,NULL,NULL,True,"Others","Vehicle Damage In Workshop/Misuse"
"876","Workmanship - Service/Repairs","Arena","Service","Complaint",NULL,NULL,NULL,True,"Others","Vehicle Pulling One Side"
"877","Workmanship - Service/Repairs","Arena","Service","Complaint",NULL,NULL,NULL,True,"Others","Others"
"878","Product Complaints","Arena","Service","Complaint",NULL,NULL,NULL,True,"AC Issue","Ac Less Effective"
"879","Product Complaints","Arena","Service","Complaint",NULL,NULL,NULL,True,"AC Issue","Ac Noise"
"880","Product Complaints","Arena","Service","Complaint",NULL,NULL,NULL,True,"AC Issue","Ac Not Working"
"881","Product Complaints","Arena","Service","Complaint",NULL,NULL,NULL,True,"Brake Issue","Brake Fluid Leakage"
"882","Product Complaints","Arena","Service","Complaint",NULL,NULL,NULL,True,"Brake Issue","Brake Less Effective"
"883","Product Complaints","Arena","Service","Complaint",NULL,NULL,NULL,True,"Brake Issue","Brake Noise/Vibration"
"884","Product Complaints","Arena","Service","Complaint",NULL,NULL,NULL,True,"Brake Issue","Brake Pad Wear"
"886","Product Complaints","Arena","Service","Complaint",NULL,NULL,NULL,True,"Brake Issue","Brake Pedal Hard"
"887","Product Complaints","Arena","Service","Complaint",NULL,NULL,NULL,True,"Clutch Issue","Clutch Hard"
"888","Product Complaints","Arena","Service","Complaint",NULL,NULL,NULL,True,"Clutch Issue","Clutch Not Working"
"889","Product Complaints","Arena","Service","Complaint",NULL,NULL,NULL,True,"Door Issue","Door Hard To Close"
"890","Product Complaints","Arena","Service","Complaint",NULL,NULL,NULL,True,"Door Issue","Door Noise Before Workshop Repairs"
"891","Product Complaints","Arena","Service","Complaint",NULL,NULL,NULL,True,"Electrical Issue","Electrical  - Battery"
"892","Product Complaints","Arena","Service","Complaint",NULL,NULL,NULL,True,"Electrical Issue","Electrical  - Fuses Related"
"893","Product Complaints","Arena","Service","Complaint",NULL,NULL,NULL,True,"Electrical Issue","Electrical  - Head Light Not Working"
"894","Product Complaints","Arena","Service","Complaint",NULL,NULL,NULL,True,"Electrical Issue","Electrical  - Horn Not Working"
"895","Product Complaints","Arena","Service","Complaint",NULL,NULL,NULL,True,"Electrical Issue","Electrical  - Mil/Dashboard Light"
"897","Product Complaints","Arena","Service","Complaint",NULL,NULL,NULL,True,"Electrical Issue","Electrical  - Side Indicator Not Working"
"898","Product Complaints","Arena","Service","Complaint",NULL,NULL,NULL,True,"Electrical Issue","Electrical  - Wiper Not Working"
"899","Product Complaints","Arena","Service","Complaint",NULL,NULL,NULL,True,"Engine Issue","Engine High Oil Consumption"
"900","Product Complaints","Arena","Service","Complaint",NULL,NULL,NULL,True,"Engine Issue","Engine Hydrostatic Lock"
"901","Product Complaints","Arena","Service","Complaint",NULL,NULL,NULL,True,"Engine Issue","Engine Noise/Vibration"
"902","Product Complaints","Arena","Service","Complaint",NULL,NULL,NULL,True,"Engine Issue","Engine Overheating"
"903","Product Complaints","Arena","Service","Complaint",NULL,NULL,NULL,True,"Engine Issue","Engine Stalling"
"904","Product Complaints","Arena","Service","Complaint",NULL,NULL,NULL,True,"Gear Issue","Gear Lever Vibration"
"905","Product Complaints","Arena","Service","Complaint",NULL,NULL,NULL,True,"Gear Issue","Gear Noise"
"906","Product Complaints","Arena","Service","Complaint",NULL,NULL,NULL,True,"Gear Issue","Gear Shifting Hard"
"907","Product Complaints","Arena","Service","Complaint",NULL,NULL,NULL,True,"Gear Issue","Gear Slippage"
"908","Product Complaints","Arena","Service","Complaint",NULL,NULL,NULL,True,"Paint Issue","Paint - Any Other Paint Defect Before Workshop Repairs"
"909","Product Complaints","Arena","Service","Complaint",NULL,NULL,NULL,True,"Paint Issue","Paint Chipped Off Before Workshop Repairs"
"910","Product Complaints","Arena","Service","Complaint",NULL,NULL,NULL,True,"Paint Issue","Paint Finish Not Okay Before Workshop Repairs"
"911","Product Complaints","Arena","Service","Complaint",NULL,NULL,NULL,True,"Paint Issue","Paint Mismatch Before Workshop Repairs"
"912","Product Complaints","Arena","Service","Complaint",NULL,NULL,NULL,True,"Steering Issue","Steering Hard"
"913","Product Complaints","Arena","Service","Complaint",NULL,NULL,NULL,True,"Steering Issue","Steering Noise"
"914","Product Complaints","Arena","Service","Complaint",NULL,NULL,NULL,True,"Steering Issue","Steering Return Ability"
"915","Product Complaints","Arena","Service","Complaint",NULL,NULL,NULL,True,"Suspension Issue","Suspension Hard"
"916","Product Complaints","Arena","Service","Complaint",NULL,NULL,NULL,True,"Suspension Issue","Suspension Noise"
"917","Product Complaints","Arena","Service","Complaint",NULL,NULL,NULL,True,"Tyre Issue","Tyre Burst/Swell"
"918","Product Complaints","Arena","Service","Complaint",NULL,NULL,NULL,True,"Tyre Issue","Tyre Wear"
"919","Product Complaints","Arena","Service","Complaint",NULL,NULL,NULL,True,"Wheel Issue","Wheel Alignment"
"920","Product Complaints","Arena","Service","Complaint",NULL,NULL,NULL,True,"Wheel Issue","Wheel Wobbling"
"921","Product Complaints","Arena","Service","Complaint",NULL,NULL,NULL,True,"Body Issue","Body Gaps Before Workshop Repairs"
"922","Product Complaints","Arena","Service","Complaint",NULL,NULL,NULL,True,"Body Issue","Body Noise Before Workshop Repairs"
"923","Product Complaints","Arena","Service","Complaint",NULL,NULL,NULL,True,"Body Issue","Glass Noise Before Workshop Repairs"
"924","Product Complaints","Arena","Service","Complaint",NULL,NULL,NULL,True,"Body Issue","Rusting Defect Before Workshop Repairs"
"925","Product Complaints","Arena","Service","Complaint",NULL,NULL,NULL,True,"Body Issue","Water Leakage Before Workshop Repairs"
"926","Product Complaints","Arena","Service","Complaint",NULL,NULL,NULL,True,"Others","Vehicle Pulling One Side"
"927","Product Complaints","Arena","Service","Complaint",NULL,NULL,NULL,True,"Others","Accessory-(Like Seat, Rear Parking Sensor, Camera)"
"928","Product Complaints","Arena","Service","Complaint",NULL,NULL,NULL,True,"Others","Air Bag Not Deployed"
"929","Product Complaints","Arena","Service","Complaint",NULL,NULL,NULL,True,"Others","Audio System"
"930","Product Complaints","Arena","Service","Complaint",NULL,NULL,NULL,True,"Others","Axle Noise"
"931","Product Complaints","Arena","Service","Complaint",NULL,NULL,NULL,True,"Others","Central Locking"
"932","Product Complaints","Arena","Service","Complaint",NULL,NULL,NULL,True,"Others","Coolant Leakage"
"933","Product Complaints","Arena","Service","Complaint",NULL,NULL,NULL,True,"Others","Feedback Regarding Product Improvement"
"934","Product Complaints","Arena","Service","Complaint",NULL,NULL,NULL,True,"Others","Fog Lamp"
"935","Product Complaints","Arena","Service","Complaint",NULL,NULL,NULL,True,"Others","Foul Smell Before Workshop Repairs"
"936","Product Complaints","Arena","Service","Complaint",NULL,NULL,NULL,True,"Others","Fuel Leakage"
"937","Product Complaints","Arena","Service","Complaint",NULL,NULL,NULL,True,"Others","Low Mileage"
"938","Product Complaints","Arena","Service","Complaint",NULL,NULL,NULL,True,"Others","Low Pickup"
"939","Product Complaints","Arena","Service","Complaint",NULL,NULL,NULL,True,"Others","Oil Leakage"
"940","Product Complaints","Arena","Service","Complaint",NULL,NULL,NULL,True,"Others","Rat Entry / Bite"
"941","Product Complaints","Arena","Service","Complaint",NULL,NULL,NULL,True,"Others","Security System"
"942","Product Complaints","Arena","Service","Complaint",NULL,NULL,NULL,True,"Others","Starting Problem"
"943","Product Complaints","Arena","Service","Complaint",NULL,NULL,NULL,True,"Others","Locks & Key related"
"944","Product Complaints","Arena","Service","Complaint",NULL,NULL,NULL,True,"Others","Others"
"945","Service Initiation","Arena","Service","Complaint",NULL,NULL,NULL,True,"Vehicle Pickup & Drop Issue","Pickup & Drop Associate Came Late"
"946","Service Initiation","Arena","Service","Complaint",NULL,NULL,NULL,True,"Vehicle Pickup & Drop Issue","Pickup & Drop Associate Misbehaved"
"947","Service Initiation","Arena","Service","Complaint",NULL,NULL,NULL,True,"Vehicle Pickup & Drop Issue","Pickup & Drop Facility Not Given"
"948","Service Initiation","Arena","Service","Complaint",NULL,NULL,NULL,True,"Vehicle Pickup & Drop Issue","Pickup & Drop Vehicle Dropped Is Not Clean"
"949","Service Initiation","Arena","Service","Complaint",NULL,NULL,NULL,True,"Service Issue","Service Reminder Not Given"
"950","Service Initiation","Arena","Service","Complaint",NULL,NULL,NULL,True,"Service Issue","Service Estimate Not Given/Explained"
"951","Service Initiation","Arena","Service","Complaint",NULL,NULL,NULL,True,"Others","Vehicle Not Attended As Per Appointment Date & Time"
"952","Service Initiation","Arena","Service","Complaint",NULL,NULL,NULL,True,"Others","Warranty Request/Rejection"
"953","Service Initiation","Arena","Service","Complaint",NULL,NULL,NULL,True,"Others","Workshop Facilities Are Not Proper"
"954","Service Initiation","Arena","Service","Complaint",NULL,NULL,NULL,True,"Others","Additional Jobs Not Explained/Permission Not Taken"
"955","Service Initiation","Arena","Service","Complaint",NULL,NULL,NULL,True,"Others","All Service Jobs Not Explained"
"956","Service Initiation","Arena","Service","Complaint",NULL,NULL,NULL,True,"Others","Cashless Facility Not Given"
"957","Service Initiation","Arena","Service","Complaint",NULL,NULL,NULL,True,"Others","Customer Not Attended"
"958","Service Initiation","Arena","Service","Complaint",NULL,NULL,NULL,True,"Others","Delivery Date/ Time Not Given"
"959","Service Initiation","Arena","Service","Complaint",NULL,NULL,NULL,True,"Others","Depreciation Not Explained"
"960","Service Initiation","Arena","Service","Complaint",NULL,NULL,NULL,True,"Others","Drop Facility Not Offered"
"961","Service Initiation","Arena","Service","Complaint",NULL,NULL,NULL,True,"Others","Item Lost During Service"
"962","Service Initiation","Arena","Service","Complaint",NULL,NULL,NULL,True,"Others","Job Card Opening Delayed"
"963","Service Initiation","Arena","Service","Complaint",NULL,NULL,NULL,True,"Others","Loaner Car Not Given"
"964","Service Initiation","Arena","Service","Complaint",NULL,NULL,NULL,True,"Others","Maruti App Improper Working"
"965","Service Initiation","Arena","Service","Complaint",NULL,NULL,NULL,True,"Others","MisBehavior"
"966","Service Initiation","Arena","Service","Complaint",NULL,NULL,NULL,True,"Others","MOS Response Not Ok"
"967","Service Initiation","Arena","Service","Complaint",NULL,NULL,NULL,True,"Others","Refreshments To Customer Not Offered"
"968","Service Initiation","Arena","Service","Complaint",NULL,NULL,NULL,True,"Others","Kms reading punched wrongly"
"969","Service Initiation","Arena","Service","Complaint",NULL,NULL,NULL,True,"Others","Job Card opened by non-visited workshop"
"970","Service Initiation","Arena","Service","Complaint",NULL,NULL,NULL,True,"Others","Others"
"971","Service Delivery","Arena","Service","Complaint",NULL,NULL,NULL,True,"Delay Issue","Delay In Deliver Due To Spares"
"972","Service Delivery","Arena","Service","Complaint",NULL,NULL,NULL,True,"Delay Issue","Delay In Delivery After Body Repairs"
"973","Service Delivery","Arena","Service","Complaint",NULL,NULL,NULL,True,"Delay Issue","Delay In Delivery After Service Repairs"
"974","Service Delivery","Arena","Service","Complaint",NULL,NULL,NULL,True,"Delay Issue","Delay In Service/Repairs Not Updated To Customer"
"975","Service Delivery","Arena","Service","Complaint",NULL,NULL,NULL,True,"Others","Details Of Job Carried Out Not Explained"
"976","Service Delivery","Arena","Service","Complaint",NULL,NULL,NULL,True,"Others","Demanded Repairs Not Completed"
"977","Service Delivery","Arena","Service","Complaint",NULL,NULL,NULL,True,"Others","Invoice Not Given To Customer"
"978","Service Delivery","Arena","Service","Complaint",NULL,NULL,NULL,True,"Others","Job Required In Future Not Explained"
"979","Service Delivery","Arena","Service","Complaint",NULL,NULL,NULL,True,"Others","MisBehavior"
"980","Service Delivery","Arena","Service","Complaint",NULL,NULL,NULL,True,"Others","Old Parts Not Returned"
"981","Service Delivery","Arena","Service","Complaint",NULL,NULL,NULL,True,"Others","Over Charging"
"982","Service Delivery","Arena","Service","Complaint",NULL,NULL,NULL,True,"Others","Road Test Not Conducted After Repairs"
"983","Service Delivery","Arena","Service","Complaint",NULL,NULL,NULL,True,"Others","Service Charges Not Explained To Customer"
"984","Service Delivery","Arena","Service","Complaint",NULL,NULL,NULL,True,"Others","Others"
"3298","Product Complaints","Arena","Service","Complaint",NULL,NULL,NULL,True,"Infotainment issue",NULL
"3299","Product Complaints","Arena","Service","Complaint",NULL,NULL,NULL,True,"MIL glowing/Warning light in dashboard",NULL
"3300","Product Complaints","Arena","Service","Complaint",NULL,NULL,NULL,True,"Vehicle Noise issue",NULL
"3301","Product Complaints","Arena","Service","Complaint",NULL,NULL,NULL,True,"Engine Misfiring/Jerking",NULL
"3306","Product Complaints","Nexa","Service","Complaint",NULL,NULL,NULL,True,"Infotainment issue",NULL
"3307","Product Complaints","Nexa","Service","Complaint",NULL,NULL,NULL,True,"MIL glowing/Warning light in dashboard",NULL
"3308","Product Complaints","Nexa","Service","Complaint",NULL,NULL,NULL,True,"Vehicle Noise issue",NULL
"3309","Product Complaints","Nexa","Service","Complaint",NULL,NULL,NULL,True,"Engine Misfiring/Jerking",NULL
"3314","Product Complaints","Commercial","Service","Complaint",NULL,NULL,NULL,True,"Infotainment issue",NULL
"3315","Product Complaints","Commercial","Service","Complaint",NULL,NULL,NULL,True,"MIL glowing/Warning light in dashboard",NULL
"3316","Product Complaints","Commercial","Service","Complaint",NULL,NULL,NULL,True,"Vehicle Noise issue",NULL
"3317","Product Complaints","Commercial","Service","Complaint",NULL,NULL,NULL,True,"Engine Misfiring/Jerking",NULL
"1189","Workmanship Bodyshop","Nexa","Service","Complaint",NULL,NULL,NULL,True,"Vehicle Body Issue","Body Gaps After Bodyshop Repairs"
"1190","Workmanship Bodyshop","Nexa","Service","Complaint",NULL,NULL,NULL,True,"Vehicle Body Issue","Body Noise After Bodyshop Repairs"
"1191","Workmanship Bodyshop","Nexa","Service","Complaint",NULL,NULL,NULL,True,"Paint Issue","Paint Finish Not Okay After Body Repairs"
"1192","Workmanship Bodyshop","Nexa","Service","Complaint",NULL,NULL,NULL,True,"Paint Issue","Paint Mismatch After Body Repairs"
"1193","Workmanship Bodyshop","Nexa","Service","Complaint",NULL,NULL,NULL,True,"Paint Issue","Paint Peeling Off After Body Repairs"
"1194","Workmanship Bodyshop","Nexa","Service","Complaint",NULL,NULL,NULL,True,"Paint Issue","Paint Related Defect After Body Repairs"
"1195","Workmanship Bodyshop","Nexa","Service","Complaint",NULL,NULL,NULL,True,"Denting & Others","Rough Surface/Dent After Body Repairs"
"1196","Workmanship Bodyshop","Nexa","Service","Complaint",NULL,NULL,NULL,True,"Denting & Others","Rusting After Painting"
"1197","Workmanship Bodyshop","Nexa","Service","Complaint",NULL,NULL,NULL,True,"Denting & Others","Water Leakage After Bodyshop Repairs"
"1198","Workmanship Bodyshop","Nexa","Service","Complaint",NULL,NULL,NULL,True,"Denting & Others","Door Noise After Bodyshop Repairs"
"1199","Workmanship Bodyshop","Nexa","Service","Complaint",NULL,NULL,NULL,True,"Denting & Others","Foul Smell After Bodyshop Repairs"
"1200","Workmanship Bodyshop","Nexa","Service","Complaint",NULL,NULL,NULL,True,"Denting & Others","Others"
"1201","Workmanship - Service/Repairs","Nexa","Service","Complaint",NULL,NULL,NULL,True,"AC Issue","Ac Less Effective"
"1202","Workmanship - Service/Repairs","Nexa","Service","Complaint",NULL,NULL,NULL,True,"AC Issue","Ac Noise"
"1203","Workmanship - Service/Repairs","Nexa","Service","Complaint",NULL,NULL,NULL,True,"AC Issue","Ac Not Working"
"1204","Workmanship - Service/Repairs","Nexa","Service","Complaint",NULL,NULL,NULL,True,"Brake Issue","Brake Fluid Leakage"
"1205","Workmanship - Service/Repairs","Nexa","Service","Complaint",NULL,NULL,NULL,True,"Brake Issue","Brake Less Effective"
"1206","Workmanship - Service/Repairs","Nexa","Service","Complaint",NULL,NULL,NULL,True,"Brake Issue","Brake Noise/Vibration"
"1207","Workmanship - Service/Repairs","Nexa","Service","Complaint",NULL,NULL,NULL,True,"Brake Issue","Brake Pad Wear Off"
"1209","Workmanship - Service/Repairs","Nexa","Service","Complaint",NULL,NULL,NULL,True,"Brake Issue","Brake Pedal Hard"
"1210","Workmanship - Service/Repairs","Nexa","Service","Complaint",NULL,NULL,NULL,True,"Clutch Issue","Clutch Hard"
"1211","Workmanship - Service/Repairs","Nexa","Service","Complaint",NULL,NULL,NULL,True,"Clutch Issue","Clutch Noise"
"1212","Workmanship - Service/Repairs","Nexa","Service","Complaint",NULL,NULL,NULL,True,"Clutch Issue","Clutch Not Working"
"1213","Workmanship - Service/Repairs","Nexa","Service","Complaint",NULL,NULL,NULL,True,"Door Issue","Door Hard To Close"
"1214","Workmanship - Service/Repairs","Nexa","Service","Complaint",NULL,NULL,NULL,True,"Door Issue","Door Noise After Workshop Repairs"
"1215","Workmanship - Service/Repairs","Nexa","Service","Complaint",NULL,NULL,NULL,True,"Electrical Issue","Electrical  - Battery"
"1216","Workmanship - Service/Repairs","Nexa","Service","Complaint",NULL,NULL,NULL,True,"Electrical Issue","Electrical  - Fuses Related"
"1217","Workmanship - Service/Repairs","Nexa","Service","Complaint",NULL,NULL,NULL,True,"Electrical Issue","Electrical  - Head Light Not Working"
"1218","Workmanship - Service/Repairs","Nexa","Service","Complaint",NULL,NULL,NULL,True,"Electrical Issue","Electrical  - Horn Not Working"
"1220","Workmanship - Service/Repairs","Nexa","Service","Complaint",NULL,NULL,NULL,True,"Electrical Issue","Electrical  - Mil/Dashboard Light"
"1221","Workmanship - Service/Repairs","Nexa","Service","Complaint",NULL,NULL,NULL,True,"Electrical Issue","Electrical  - Others (Not Ac)"
"1222","Workmanship - Service/Repairs","Nexa","Service","Complaint",NULL,NULL,NULL,True,"Electrical Issue","Electrical  - Side Indicator Not Working"
"1223","Workmanship - Service/Repairs","Nexa","Service","Complaint",NULL,NULL,NULL,True,"Electrical Issue","Electrical  - Wiper Not Working"
"1224","Workmanship - Service/Repairs","Nexa","Service","Complaint",NULL,NULL,NULL,True,"Engine Issue","Engine High Oil Consumption"
"1225","Workmanship - Service/Repairs","Nexa","Service","Complaint",NULL,NULL,NULL,True,"Engine Issue","Engine Hydrostatic Lock"
"1226","Workmanship - Service/Repairs","Nexa","Service","Complaint",NULL,NULL,NULL,True,"Engine Issue","Engine Noise/Vibration"
"1227","Workmanship - Service/Repairs","Nexa","Service","Complaint",NULL,NULL,NULL,True,"Engine Issue","Engine Oil Leakage After Repair"
"1228","Workmanship - Service/Repairs","Nexa","Service","Complaint",NULL,NULL,NULL,True,"Engine Issue","Engine Overheating"
"1229","Workmanship - Service/Repairs","Nexa","Service","Complaint",NULL,NULL,NULL,True,"Engine Issue","Engine Stalling"
"1230","Workmanship - Service/Repairs","Nexa","Service","Complaint",NULL,NULL,NULL,True,"Gear Issue","Gear Lever Vibration"
"1231","Workmanship - Service/Repairs","Nexa","Service","Complaint",NULL,NULL,NULL,True,"Gear Issue","Gear Noise"
"1232","Workmanship - Service/Repairs","Nexa","Service","Complaint",NULL,NULL,NULL,True,"Gear Issue","Gear Shifting Hard"
"1233","Workmanship - Service/Repairs","Nexa","Service","Complaint",NULL,NULL,NULL,True,"Gear Issue","Gear Slippage"
"1234","Workmanship - Service/Repairs","Nexa","Service","Complaint",NULL,NULL,NULL,True,"Gear Issue","Glass Noise After Workshop Repairs"
"1235","Workmanship - Service/Repairs","Nexa","Service","Complaint",NULL,NULL,NULL,True,"Steering Issue","Steering Hard"
"1236","Workmanship - Service/Repairs","Nexa","Service","Complaint",NULL,NULL,NULL,True,"Steering Issue","Steering Noise"
"1237","Workmanship - Service/Repairs","Nexa","Service","Complaint",NULL,NULL,NULL,True,"Steering Issue","Steering Return Ability - Improper"
"1238","Workmanship - Service/Repairs","Nexa","Service","Complaint",NULL,NULL,NULL,True,"Suspension Issue","Suspension Hard"
"1239","Workmanship - Service/Repairs","Nexa","Service","Complaint",NULL,NULL,NULL,True,"Suspension Issue","Suspension Noise"
"1240","Workmanship - Service/Repairs","Nexa","Service","Complaint",NULL,NULL,NULL,True,"Tyre Issue","Tyre Burst/Swell"
"1241","Workmanship - Service/Repairs","Nexa","Service","Complaint",NULL,NULL,NULL,True,"Tyre Issue","Tyre Wear"
"1242","Workmanship - Service/Repairs","Nexa","Service","Complaint",NULL,NULL,NULL,True,"Wheel Issue","Wheel Alignment"
"1243","Workmanship - Service/Repairs","Nexa","Service","Complaint",NULL,NULL,NULL,True,"Wheel Issue","Wheel Wobbling"
"1244","Workmanship - Service/Repairs","Nexa","Service","Complaint",NULL,NULL,NULL,True,"Others","Audio System"
"1245","Workmanship - Service/Repairs","Nexa","Service","Complaint",NULL,NULL,NULL,True,"Others","Axle Noise"
"1246","Workmanship - Service/Repairs","Nexa","Service","Complaint",NULL,NULL,NULL,True,"Others","Body Noise After Workshop Repairs"
"1247","Workmanship - Service/Repairs","Nexa","Service","Complaint",NULL,NULL,NULL,True,"Others","Central Locking"
"1248","Workmanship - Service/Repairs","Nexa","Service","Complaint",NULL,NULL,NULL,True,"Others","Coolant Leakage After Repair"
"1249","Workmanship - Service/Repairs","Nexa","Service","Complaint",NULL,NULL,NULL,True,"Others","Fog Lamp"
"1250","Workmanship - Service/Repairs","Nexa","Service","Complaint",NULL,NULL,NULL,True,"Others","Foul Smell After Workshop Repairs"
"1251","Workmanship - Service/Repairs","Nexa","Service","Complaint",NULL,NULL,NULL,True,"Others","Fuel Leakage"
"1252","Workmanship - Service/Repairs","Nexa","Service","Complaint",NULL,NULL,NULL,True,"Others","Low Mileage"
"1253","Workmanship - Service/Repairs","Nexa","Service","Complaint",NULL,NULL,NULL,True,"Others","Low Pickup"
"1254","Workmanship - Service/Repairs","Nexa","Service","Complaint",NULL,NULL,NULL,True,"Others","Oil Leakage"
"1255","Workmanship - Service/Repairs","Nexa","Service","Complaint",NULL,NULL,NULL,True,"Others","Poor PDI"
"1256","Workmanship - Service/Repairs","Nexa","Service","Complaint",NULL,NULL,NULL,True,"Others","Poor Washing/Cleaning"
"1257","Workmanship - Service/Repairs","Nexa","Service","Complaint",NULL,NULL,NULL,True,"Others","Security System"
"1258","Workmanship - Service/Repairs","Nexa","Service","Complaint",NULL,NULL,NULL,True,"Others","Service/Repairs Not Done As Per Customer Satisfaction"
"1259","Workmanship - Service/Repairs","Nexa","Service","Complaint",NULL,NULL,NULL,True,"Others","Starting Problem"
"1260","Workmanship - Service/Repairs","Nexa","Service","Complaint",NULL,NULL,NULL,True,"Others","Vehicle Damage In Workshop/Misuse"
"1261","Workmanship - Service/Repairs","Nexa","Service","Complaint",NULL,NULL,NULL,True,"Others","Vehicle Pulling One Side"
"1262","Workmanship - Service/Repairs","Nexa","Service","Complaint",NULL,NULL,NULL,True,"Others","Others"
"1263","Product Complaints","Nexa","Service","Complaint",NULL,NULL,NULL,True,"AC Issue","Ac Less Effective"
"1264","Product Complaints","Nexa","Service","Complaint",NULL,NULL,NULL,True,"AC Issue","Ac Noise"
"1265","Product Complaints","Nexa","Service","Complaint",NULL,NULL,NULL,True,"AC Issue","Ac Not Working"
"1266","Product Complaints","Nexa","Service","Complaint",NULL,NULL,NULL,True,"Brake Issue","Brake Fluid Leakage"
"1267","Product Complaints","Nexa","Service","Complaint",NULL,NULL,NULL,True,"Brake Issue","Brake Less Effective"
"1268","Product Complaints","Nexa","Service","Complaint",NULL,NULL,NULL,True,"Brake Issue","Brake Noise/Vibration"
"1269","Product Complaints","Nexa","Service","Complaint",NULL,NULL,NULL,True,"Brake Issue","Brake Pad Wear"
"1272","Product Complaints","Nexa","Service","Complaint",NULL,NULL,NULL,True,"Clutch Issue","Clutch Hard"
"1273","Product Complaints","Nexa","Service","Complaint",NULL,NULL,NULL,True,"Clutch Issue","Clutch Noise"
"1274","Product Complaints","Nexa","Service","Complaint",NULL,NULL,NULL,True,"Clutch Issue","Clutch Not Working"
"1275","Product Complaints","Nexa","Service","Complaint",NULL,NULL,NULL,True,"Door Issue","Door Hard To Close"
"1276","Product Complaints","Nexa","Service","Complaint",NULL,NULL,NULL,True,"Door Issue","Door Noise Before Workshop Repairs"
"1277","Product Complaints","Nexa","Service","Complaint",NULL,NULL,NULL,True,"Electrical Issue","Electrical  - Battery"
"1278","Product Complaints","Nexa","Service","Complaint",NULL,NULL,NULL,True,"Electrical Issue","Electrical  - Fuses Related"
"1279","Product Complaints","Nexa","Service","Complaint",NULL,NULL,NULL,True,"Electrical Issue","Electrical  - Head Light Not Working"
"1280","Product Complaints","Nexa","Service","Complaint",NULL,NULL,NULL,True,"Electrical Issue","Electrical  - Horn Not Working"
"1281","Product Complaints","Nexa","Service","Complaint",NULL,NULL,NULL,True,"Electrical Issue","Electrical  - Mil/Dashboard Light"
"1282","Product Complaints","Nexa","Service","Complaint",NULL,NULL,NULL,True,"Electrical Issue","Electrical  - Other (Not Ac)"
"1283","Product Complaints","Nexa","Service","Complaint",NULL,NULL,NULL,True,"Electrical Issue","Electrical  - Side Indicator Not Working"
"1284","Product Complaints","Nexa","Service","Complaint",NULL,NULL,NULL,True,"Electrical Issue","Electrical  - Wiper Not Working"
"1285","Product Complaints","Nexa","Service","Complaint",NULL,NULL,NULL,True,"Engine Issue","Engine High Oil Consumption"
"1286","Product Complaints","Nexa","Service","Complaint",NULL,NULL,NULL,True,"Engine Issue","Engine Hydrostatic Lock"
"1287","Product Complaints","Nexa","Service","Complaint",NULL,NULL,NULL,True,"Engine Issue","Engine Noise/Vibration"
"1288","Product Complaints","Nexa","Service","Complaint",NULL,NULL,NULL,True,"Engine Issue","Engine Overheating"
"1289","Product Complaints","Nexa","Service","Complaint",NULL,NULL,NULL,True,"Engine Issue","Engine Stalling"
"1290","Product Complaints","Nexa","Service","Complaint",NULL,NULL,NULL,True,"Gear Issue","Gear Lever Vibration"
"1291","Product Complaints","Nexa","Service","Complaint",NULL,NULL,NULL,True,"Gear Issue","Gear Noise"
"1292","Product Complaints","Nexa","Service","Complaint",NULL,NULL,NULL,True,"Gear Issue","Gear Shifting Hard"
"1293","Product Complaints","Nexa","Service","Complaint",NULL,NULL,NULL,True,"Gear Issue","Gear Slippage"
"1294","Product Complaints","Nexa","Service","Complaint",NULL,NULL,NULL,True,"Paint Issue","Paint - Any Other Paint Defect Before Workshop Repairs"
"1295","Product Complaints","Nexa","Service","Complaint",NULL,NULL,NULL,True,"Paint Issue","Paint Chipped Off Before Workshop Repairs"
"1296","Product Complaints","Nexa","Service","Complaint",NULL,NULL,NULL,True,"Paint Issue","Paint Finish Not Okay Before Workshop Repairs"
"1297","Product Complaints","Nexa","Service","Complaint",NULL,NULL,NULL,True,"Paint Issue","Paint Mismatch Before Workshop Repairs"
"1298","Product Complaints","Nexa","Service","Complaint",NULL,NULL,NULL,True,"Steering Issue","Steering Hard"
"1299","Product Complaints","Nexa","Service","Complaint",NULL,NULL,NULL,True,"Steering Issue","Steering Noise"
"1300","Product Complaints","Nexa","Service","Complaint",NULL,NULL,NULL,True,"Steering Issue","Steering Return Ability"
"1301","Product Complaints","Nexa","Service","Complaint",NULL,NULL,NULL,True,"Suspension Issue","Suspension Hard"
"1302","Product Complaints","Nexa","Service","Complaint",NULL,NULL,NULL,True,"Suspension Issue","Suspension Noise"
"1303","Product Complaints","Nexa","Service","Complaint",NULL,NULL,NULL,True,"Tyre Issue","Tyre Burst/Swell"
"1304","Product Complaints","Nexa","Service","Complaint",NULL,NULL,NULL,True,"Tyre Issue","Tyre Wear"
"1305","Product Complaints","Nexa","Service","Complaint",NULL,NULL,NULL,True,"Wheel Issue","Wheel Alignment"
"1306","Product Complaints","Nexa","Service","Complaint",NULL,NULL,NULL,True,"Wheel Issue","Wheel Wobbling"
"1307","Product Complaints","Nexa","Service","Complaint",NULL,NULL,NULL,True,"Body Issue","Body Gaps Before Workshop Repairs"
"1308","Product Complaints","Nexa","Service","Complaint",NULL,NULL,NULL,True,"Body Issue","Body Noise Before Workshop Repairs"
"1309","Product Complaints","Nexa","Service","Complaint",NULL,NULL,NULL,True,"Body Issue","Glass Noise Before Workshop Repairs"
"1310","Product Complaints","Nexa","Service","Complaint",NULL,NULL,NULL,True,"Body Issue","Rusting Defect Before Workshop Repairs"
"1311","Product Complaints","Nexa","Service","Complaint",NULL,NULL,NULL,True,"Body Issue","Water Leakage Before Workshop Repairs"
"1312","Product Complaints","Nexa","Service","Complaint",NULL,NULL,NULL,True,"Others","Vehicle Pulling One Side"
"1313","Product Complaints","Nexa","Service","Complaint",NULL,NULL,NULL,True,"Others","Accessory-(Like Seat, Rear Parking Sensor, Camera)"
"1314","Product Complaints","Nexa","Service","Complaint",NULL,NULL,NULL,True,"Others","Air Bag Not Deployed"
"1315","Product Complaints","Nexa","Service","Complaint",NULL,NULL,NULL,True,"Others","Audio System"
"1316","Product Complaints","Nexa","Service","Complaint",NULL,NULL,NULL,True,"Others","Axle Noise"
"1317","Product Complaints","Nexa","Service","Complaint",NULL,NULL,NULL,True,"Others","Central Locking"
"1318","Product Complaints","Nexa","Service","Complaint",NULL,NULL,NULL,True,"Others","Coolant Leakage"
"1319","Product Complaints","Nexa","Service","Complaint",NULL,NULL,NULL,True,"Others","Feedback Regarding Product Improvement"
"1320","Product Complaints","Nexa","Service","Complaint",NULL,NULL,NULL,True,"Others","Fog Lamp"
"1321","Product Complaints","Nexa","Service","Complaint",NULL,NULL,NULL,True,"Others","Foul Smell Before Workshop Repairs"
"1322","Product Complaints","Nexa","Service","Complaint",NULL,NULL,NULL,True,"Others","Fuel Leakage"
"1323","Product Complaints","Nexa","Service","Complaint",NULL,NULL,NULL,True,"Others","Low Mileage"
"1324","Product Complaints","Nexa","Service","Complaint",NULL,NULL,NULL,True,"Others","Low Pickup"
"1325","Product Complaints","Nexa","Service","Complaint",NULL,NULL,NULL,True,"Others","Oil Leakage"
"1326","Product Complaints","Nexa","Service","Complaint",NULL,NULL,NULL,True,"Others","Rat Entry / Bite"
"1327","Product Complaints","Nexa","Service","Complaint",NULL,NULL,NULL,True,"Others","Security System"
"1328","Product Complaints","Nexa","Service","Complaint",NULL,NULL,NULL,True,"Others","Starting Problem"
"1329","Product Complaints","Nexa","Service","Complaint",NULL,NULL,NULL,True,"Others","Locks & Key related"
"1330","Product Complaints","Nexa","Service","Complaint",NULL,NULL,NULL,True,"Others","Others"
"1331","Service Initiation","Nexa","Service","Complaint",NULL,NULL,NULL,True,"Vehicle Pickup & Drop Issue","Pickup & Drop Associate Came Late"
"1332","Service Initiation","Nexa","Service","Complaint",NULL,NULL,NULL,True,"Vehicle Pickup & Drop Issue","Pickup & Drop Associate Misbehaved"
"1333","Service Initiation","Nexa","Service","Complaint",NULL,NULL,NULL,True,"Vehicle Pickup & Drop Issue","Pickup & Drop Facility Not Given"
"1334","Service Initiation","Nexa","Service","Complaint",NULL,NULL,NULL,True,"Vehicle Pickup & Drop Issue","Pickup & Drop Vehicle Dropped Is Not Clean"
"1335","Service Initiation","Nexa","Service","Complaint",NULL,NULL,NULL,True,"Service Issue","Service Reminder Not Given"
"1336","Service Initiation","Nexa","Service","Complaint",NULL,NULL,NULL,True,"Service Issue","Service Estimate Not Given/Explained"
"1337","Service Initiation","Nexa","Service","Complaint",NULL,NULL,NULL,True,"Others","Vehicle Not Attended As Per Appointment Date & Time"
"1338","Service Initiation","Nexa","Service","Complaint",NULL,NULL,NULL,True,"Others","Warranty Request/Rejection"
"1339","Service Initiation","Nexa","Service","Complaint",NULL,NULL,NULL,True,"Others","Workshop Facilities Are Not Proper"
"1340","Service Initiation","Nexa","Service","Complaint",NULL,NULL,NULL,True,"Others","Additional Jobs Not Explained/Permission Not Taken"
"1341","Service Initiation","Nexa","Service","Complaint",NULL,NULL,NULL,True,"Others","All Service Jobs Not Explained"
"1342","Service Initiation","Nexa","Service","Complaint",NULL,NULL,NULL,True,"Others","Cashless Facility Not Given"
"1343","Service Initiation","Nexa","Service","Complaint",NULL,NULL,NULL,True,"Others","Customer Not Attended"
"1344","Service Initiation","Nexa","Service","Complaint",NULL,NULL,NULL,True,"Others","Delivery Date/ Time Not Given"
"1345","Service Initiation","Nexa","Service","Complaint",NULL,NULL,NULL,True,"Others","Depreciation Not Explained"
"1346","Service Initiation","Nexa","Service","Complaint",NULL,NULL,NULL,True,"Others","Drop Facility Not Offered"
"1347","Service Initiation","Nexa","Service","Complaint",NULL,NULL,NULL,True,"Others","Item Lost During Service"
"1348","Service Initiation","Nexa","Service","Complaint",NULL,NULL,NULL,True,"Others","Job Card Opening Delayed"
"1349","Service Initiation","Nexa","Service","Complaint",NULL,NULL,NULL,True,"Others","Loaner Car Not Given"
"1350","Service Initiation","Nexa","Service","Complaint",NULL,NULL,NULL,True,"Others","Maruti App Improper Working"
"1351","Service Initiation","Nexa","Service","Complaint",NULL,NULL,NULL,True,"Others","MisBehavior"
"1352","Service Initiation","Nexa","Service","Complaint",NULL,NULL,NULL,True,"Others","MOS Response Not Ok"
"1353","Service Initiation","Nexa","Service","Complaint",NULL,NULL,NULL,True,"Others","Refreshments To Customer Not Offered"
"1354","Service Initiation","Nexa","Service","Complaint",NULL,NULL,NULL,True,"Others","Kms reading punched wrongly"
"1355","Service Initiation","Nexa","Service","Complaint",NULL,NULL,NULL,True,"Others","Job Card opened by non-visited workshop"
"1356","Service Initiation","Nexa","Service","Complaint",NULL,NULL,NULL,True,"Others","Others"
"1357","Service Delivery","Nexa","Service","Complaint",NULL,NULL,NULL,True,"Delay Issue","Delay In Deliver Due To Spares"
"1358","Service Delivery","Nexa","Service","Complaint",NULL,NULL,NULL,True,"Delay Issue","Delay In Delivery After Body Repairs"
"1359","Service Delivery","Nexa","Service","Complaint",NULL,NULL,NULL,True,"Delay Issue","Delay In Delivery After Service Repairs"
"1360","Service Delivery","Nexa","Service","Complaint",NULL,NULL,NULL,True,"Delay Issue","Delay In Service/Repairs Not Updated To Customer"
"1361","Service Delivery","Nexa","Service","Complaint",NULL,NULL,NULL,True,"Others","Details Of Job Carried Out Not Explained"
"1362","Service Delivery","Nexa","Service","Complaint",NULL,NULL,NULL,True,"Others","Demanded Repairs Not Completed"
"1363","Service Delivery","Nexa","Service","Complaint",NULL,NULL,NULL,True,"Others","Invoice Not Given To Customer"
"1364","Service Delivery","Nexa","Service","Complaint",NULL,NULL,NULL,True,"Others","Job Required In Future Not Explained"
"1365","Service Delivery","Nexa","Service","Complaint",NULL,NULL,NULL,True,"Others","MisBehavior"
"1366","Service Delivery","Nexa","Service","Complaint",NULL,NULL,NULL,True,"Others","Old Parts Not Returned"
"1367","Service Delivery","Nexa","Service","Complaint",NULL,NULL,NULL,True,"Others","Over Charging"
"1368","Service Delivery","Nexa","Service","Complaint",NULL,NULL,NULL,True,"Others","Road Test Not Conducted After Repairs"
"1369","Service Delivery","Nexa","Service","Complaint",NULL,NULL,NULL,True,"Others","Service Charges Not Explained To Customer"
"1370","Service Delivery","Nexa","Service","Complaint",NULL,NULL,NULL,True,"Others","Others"
"1574","Workmanship Bodyshop","Commercial","Service","Complaint",NULL,NULL,NULL,True,"Vehicle Body Issue","Body Gaps After Bodyshop Repairs"
"1575","Workmanship Bodyshop","Commercial","Service","Complaint",NULL,NULL,NULL,True,"Vehicle Body Issue","Body Noise After Bodyshop Repairs"
"1576","Workmanship Bodyshop","Commercial","Service","Complaint",NULL,NULL,NULL,True,"Paint Issue","Paint Finish Not Okay After Body Repairs"
"1577","Workmanship Bodyshop","Commercial","Service","Complaint",NULL,NULL,NULL,True,"Paint Issue","Paint Mismatch After Body Repairs"
"1579","Workmanship Bodyshop","Commercial","Service","Complaint",NULL,NULL,NULL,True,"Paint Issue","Paint Peeling Off After Body Repairs"
"1580","Workmanship Bodyshop","Commercial","Service","Complaint",NULL,NULL,NULL,True,"Paint Issue","Paint Related Defect After Body Repairs"
"1581","Workmanship Bodyshop","Commercial","Service","Complaint",NULL,NULL,NULL,True,"Denting & Others","Rough Surface/Dent After Body Repairs"
"1582","Workmanship Bodyshop","Commercial","Service","Complaint",NULL,NULL,NULL,True,"Denting & Others","Rusting After Painting"
"1583","Workmanship Bodyshop","Commercial","Service","Complaint",NULL,NULL,NULL,True,"Denting & Others","Water Leakage After Bodyshop Repairs"
"1584","Workmanship Bodyshop","Commercial","Service","Complaint",NULL,NULL,NULL,True,"Denting & Others","Door Noise After Bodyshop Repairs"
"1585","Workmanship Bodyshop","Commercial","Service","Complaint",NULL,NULL,NULL,True,"Denting & Others","Foul Smell After Bodyshop Repairs"
"1586","Workmanship Bodyshop","Commercial","Service","Complaint",NULL,NULL,NULL,True,"Denting & Others","Others"
"1587","Workmanship - Service/Repairs","Commercial","Service","Complaint",NULL,NULL,NULL,True,"AC Issue","Ac Less Effective"
"1588","Workmanship - Service/Repairs","Commercial","Service","Complaint",NULL,NULL,NULL,True,"AC Issue","Ac Noise"
"1589","Workmanship - Service/Repairs","Commercial","Service","Complaint",NULL,NULL,NULL,True,"AC Issue","Ac Not Working"
"1590","Workmanship - Service/Repairs","Commercial","Service","Complaint",NULL,NULL,NULL,True,"Brake Issue","Brake Fluid Leakage"
"1591","Workmanship - Service/Repairs","Commercial","Service","Complaint",NULL,NULL,NULL,True,"Brake Issue","Brake Less Effective"
"1592","Workmanship - Service/Repairs","Commercial","Service","Complaint",NULL,NULL,NULL,True,"Brake Issue","Brake Noise/Vibration"
"1593","Workmanship - Service/Repairs","Commercial","Service","Complaint",NULL,NULL,NULL,True,"Brake Issue","Brake Pad Wear Off"
"1595","Workmanship - Service/Repairs","Commercial","Service","Complaint",NULL,NULL,NULL,True,"Brake Issue","Brake Pedal Hard"
"1596","Workmanship - Service/Repairs","Commercial","Service","Complaint",NULL,NULL,NULL,True,"Clutch Issue","Clutch Hard"
"1597","Workmanship - Service/Repairs","Commercial","Service","Complaint",NULL,NULL,NULL,True,"Clutch Issue","Clutch Noise"
"1598","Workmanship - Service/Repairs","Commercial","Service","Complaint",NULL,NULL,NULL,True,"Clutch Issue","Clutch Not Working"
"1599","Workmanship - Service/Repairs","Commercial","Service","Complaint",NULL,NULL,NULL,True,"Door Issue","Door Hard To Close"
"1600","Workmanship - Service/Repairs","Commercial","Service","Complaint",NULL,NULL,NULL,True,"Door Issue","Door Noise After Workshop Repairs"
"1601","Workmanship - Service/Repairs","Commercial","Service","Complaint",NULL,NULL,NULL,True,"Electrical Issue","Electrical  - Battery"
"1602","Workmanship - Service/Repairs","Commercial","Service","Complaint",NULL,NULL,NULL,True,"Electrical Issue","Electrical  - Fuses Related"
"1603","Workmanship - Service/Repairs","Commercial","Service","Complaint",NULL,NULL,NULL,True,"Electrical Issue","Electrical  - Head Light Not Working"
"1604","Workmanship - Service/Repairs","Commercial","Service","Complaint",NULL,NULL,NULL,True,"Electrical Issue","Electrical  - Horn Not Working"
"1605","Workmanship - Service/Repairs","Commercial","Service","Complaint",NULL,NULL,NULL,True,"Electrical Issue","Electrical  - Mil/Dashboard Light"
"1606","Workmanship - Service/Repairs","Commercial","Service","Complaint",NULL,NULL,NULL,True,"Electrical Issue","Electrical  - Others (Not Ac)"
"1607","Workmanship - Service/Repairs","Commercial","Service","Complaint",NULL,NULL,NULL,True,"Electrical Issue","Electrical  - Side Indicator Not Working"
"1608","Workmanship - Service/Repairs","Commercial","Service","Complaint",NULL,NULL,NULL,True,"Electrical Issue","Electrical  - Wiper Not Working"
"1609","Workmanship - Service/Repairs","Commercial","Service","Complaint",NULL,NULL,NULL,True,"Engine Issue","Engine High Oil Consumption"
"1610","Workmanship - Service/Repairs","Commercial","Service","Complaint",NULL,NULL,NULL,True,"Engine Issue","Engine Hydrostatic Lock"
"1611","Workmanship - Service/Repairs","Commercial","Service","Complaint",NULL,NULL,NULL,True,"Engine Issue","Engine Noise/Vibration"
"1612","Workmanship - Service/Repairs","Commercial","Service","Complaint",NULL,NULL,NULL,True,"Engine Issue","Engine Oil Leakage After Repair"
"1613","Workmanship - Service/Repairs","Commercial","Service","Complaint",NULL,NULL,NULL,True,"Engine Issue","Engine Overheating"
"1614","Workmanship - Service/Repairs","Commercial","Service","Complaint",NULL,NULL,NULL,True,"Engine Issue","Engine Stalling"
"1615","Workmanship - Service/Repairs","Commercial","Service","Complaint",NULL,NULL,NULL,True,"Gear Issue","Gear Lever Vibration"
"1616","Workmanship - Service/Repairs","Commercial","Service","Complaint",NULL,NULL,NULL,True,"Gear Issue","Gear Noise"
"1617","Workmanship - Service/Repairs","Commercial","Service","Complaint",NULL,NULL,NULL,True,"Gear Issue","Gear Shifting Hard"
"1618","Workmanship - Service/Repairs","Commercial","Service","Complaint",NULL,NULL,NULL,True,"Gear Issue","Gear Slippage"
"1619","Workmanship - Service/Repairs","Commercial","Service","Complaint",NULL,NULL,NULL,True,"Gear Issue","Glass Noise After Workshop Repairs"
"1620","Workmanship - Service/Repairs","Commercial","Service","Complaint",NULL,NULL,NULL,True,"Steering Issue","Steering Hard"
"1621","Workmanship - Service/Repairs","Commercial","Service","Complaint",NULL,NULL,NULL,True,"Steering Issue","Steering Noise"
"1622","Workmanship - Service/Repairs","Commercial","Service","Complaint",NULL,NULL,NULL,True,"Steering Issue","Steering Return Ability - Improper"
"1623","Workmanship - Service/Repairs","Commercial","Service","Complaint",NULL,NULL,NULL,True,"Suspension Issue","Suspension Hard"
"1624","Workmanship - Service/Repairs","Commercial","Service","Complaint",NULL,NULL,NULL,True,"Suspension Issue","Suspension Noise"
"1625","Workmanship - Service/Repairs","Commercial","Service","Complaint",NULL,NULL,NULL,True,"Tyre Issue","Tyre Burst/Swell"
"1626","Workmanship - Service/Repairs","Commercial","Service","Complaint",NULL,NULL,NULL,True,"Tyre Issue","Tyre Wear"
"1627","Workmanship - Service/Repairs","Commercial","Service","Complaint",NULL,NULL,NULL,True,"Wheel Issue","Wheel Alignment"
"1628","Workmanship - Service/Repairs","Commercial","Service","Complaint",NULL,NULL,NULL,True,"Wheel Issue","Wheel Wobbling"
"1629","Workmanship - Service/Repairs","Commercial","Service","Complaint",NULL,NULL,NULL,True,"Others","Audio System"
"1630","Workmanship - Service/Repairs","Commercial","Service","Complaint",NULL,NULL,NULL,True,"Others","Axle Noise"
"1631","Workmanship - Service/Repairs","Commercial","Service","Complaint",NULL,NULL,NULL,True,"Others","Body Noise After Workshop Repairs"
"1632","Workmanship - Service/Repairs","Commercial","Service","Complaint",NULL,NULL,NULL,True,"Others","Central Locking"
"1633","Workmanship - Service/Repairs","Commercial","Service","Complaint",NULL,NULL,NULL,True,"Others","Coolant Leakage After Repair"
"1634","Workmanship - Service/Repairs","Commercial","Service","Complaint",NULL,NULL,NULL,True,"Others","Fog Lamp"
"1635","Workmanship - Service/Repairs","Commercial","Service","Complaint",NULL,NULL,NULL,True,"Others","Foul Smell After Workshop Repairs"
"1636","Workmanship - Service/Repairs","Commercial","Service","Complaint",NULL,NULL,NULL,True,"Others","Fuel Leakage"
"1637","Workmanship - Service/Repairs","Commercial","Service","Complaint",NULL,NULL,NULL,True,"Others","Low Mileage"
"1638","Workmanship - Service/Repairs","Commercial","Service","Complaint",NULL,NULL,NULL,True,"Others","Low Pickup"
"1639","Workmanship - Service/Repairs","Commercial","Service","Complaint",NULL,NULL,NULL,True,"Others","Oil Leakage"
"1640","Workmanship - Service/Repairs","Commercial","Service","Complaint",NULL,NULL,NULL,True,"Others","Poor PDI"
"1641","Workmanship - Service/Repairs","Commercial","Service","Complaint",NULL,NULL,NULL,True,"Others","Poor Washing/Cleaning"
"1642","Workmanship - Service/Repairs","Commercial","Service","Complaint",NULL,NULL,NULL,True,"Others","Security System"
"1643","Workmanship - Service/Repairs","Commercial","Service","Complaint",NULL,NULL,NULL,True,"Others","Service/Repairs Not Done As Per Customer Satisfaction"
"1644","Workmanship - Service/Repairs","Commercial","Service","Complaint",NULL,NULL,NULL,True,"Others","Starting Problem"
"1645","Workmanship - Service/Repairs","Commercial","Service","Complaint",NULL,NULL,NULL,True,"Others","Vehicle Damage In Workshop/Misuse"
"1646","Workmanship - Service/Repairs","Commercial","Service","Complaint",NULL,NULL,NULL,True,"Others","Vehicle Pulling One Side"
"1647","Workmanship - Service/Repairs","Commercial","Service","Complaint",NULL,NULL,NULL,True,"Others","Others"
"1648","Product Complaints","Commercial","Service","Complaint",NULL,NULL,NULL,True,"AC Issue","Ac Less Effective"
"1649","Product Complaints","Commercial","Service","Complaint",NULL,NULL,NULL,True,"AC Issue","Ac Noise"
"1650","Product Complaints","Commercial","Service","Complaint",NULL,NULL,NULL,True,"AC Issue","Ac Not Working"
"1651","Product Complaints","Commercial","Service","Complaint",NULL,NULL,NULL,True,"Brake Issue","Brake Fluid Leakage"
"1652","Product Complaints","Commercial","Service","Complaint",NULL,NULL,NULL,True,"Brake Issue","Brake Less Effective"
"1653","Product Complaints","Commercial","Service","Complaint",NULL,NULL,NULL,True,"Brake Issue","Brake Noise/Vibration"
"1654","Product Complaints","Commercial","Service","Complaint",NULL,NULL,NULL,True,"Brake Issue","Brake Pad Wear"
"1656","Product Complaints","Commercial","Service","Complaint",NULL,NULL,NULL,True,"Brake Issue","Brake Pedal Hard"
"1657","Product Complaints","Commercial","Service","Complaint",NULL,NULL,NULL,True,"Clutch Issue","Clutch Hard"
"1658","Product Complaints","Commercial","Service","Complaint",NULL,NULL,NULL,True,"Clutch Issue","Clutch Noise"
"1659","Product Complaints","Commercial","Service","Complaint",NULL,NULL,NULL,True,"Clutch Issue","Clutch Not Working"
"1660","Product Complaints","Commercial","Service","Complaint",NULL,NULL,NULL,True,"Door Issue","Door Hard To Close"
"1661","Product Complaints","Commercial","Service","Complaint",NULL,NULL,NULL,True,"Door Issue","Door Noise Before Workshop Repairs"
"1662","Product Complaints","Commercial","Service","Complaint",NULL,NULL,NULL,True,"Electrical Issue","Electrical  - Battery"
"1663","Product Complaints","Commercial","Service","Complaint",NULL,NULL,NULL,True,"Electrical Issue","Electrical  - Fuses Related"
"1664","Product Complaints","Commercial","Service","Complaint",NULL,NULL,NULL,True,"Electrical Issue","Electrical  - Head Light Not Working"
"1665","Product Complaints","Commercial","Service","Complaint",NULL,NULL,NULL,True,"Electrical Issue","Electrical  - Horn Not Working"
"1666","Product Complaints","Commercial","Service","Complaint",NULL,NULL,NULL,True,"Electrical Issue","Electrical  - Mil/Dashboard Light"
"1667","Product Complaints","Commercial","Service","Complaint",NULL,NULL,NULL,True,"Electrical Issue","Electrical  - Other (Not Ac)"
"1668","Product Complaints","Commercial","Service","Complaint",NULL,NULL,NULL,True,"Electrical Issue","Electrical  - Side Indicator Not Working"
"1669","Product Complaints","Commercial","Service","Complaint",NULL,NULL,NULL,True,"Electrical Issue","Electrical  - Wiper Not Working"
"1670","Product Complaints","Commercial","Service","Complaint",NULL,NULL,NULL,True,"Engine Issue","Engine High Oil Consumption"
"1671","Product Complaints","Commercial","Service","Complaint",NULL,NULL,NULL,True,"Engine Issue","Engine Hydrostatic Lock"
"1672","Product Complaints","Commercial","Service","Complaint",NULL,NULL,NULL,True,"Engine Issue","Engine Noise/Vibration"
"1673","Product Complaints","Commercial","Service","Complaint",NULL,NULL,NULL,True,"Engine Issue","Engine Overheating"
"1674","Product Complaints","Commercial","Service","Complaint",NULL,NULL,NULL,True,"Engine Issue","Engine Stalling"
"1675","Product Complaints","Commercial","Service","Complaint",NULL,NULL,NULL,True,"Gear Issue","Gear Lever Vibration"
"1676","Product Complaints","Commercial","Service","Complaint",NULL,NULL,NULL,True,"Gear Issue","Gear Noise"
"1677","Product Complaints","Commercial","Service","Complaint",NULL,NULL,NULL,True,"Gear Issue","Gear Shifting Hard"
"1678","Product Complaints","Commercial","Service","Complaint",NULL,NULL,NULL,True,"Gear Issue","Gear Slippage"
"1679","Product Complaints","Commercial","Service","Complaint",NULL,NULL,NULL,True,"Paint Issue","Paint - Any Other Paint Defect Before Workshop Repairs"
"1680","Product Complaints","Commercial","Service","Complaint",NULL,NULL,NULL,True,"Paint Issue","Paint Chipped Off Before Workshop Repairs"
"1681","Product Complaints","Commercial","Service","Complaint",NULL,NULL,NULL,True,"Paint Issue","Paint Finish Not Okay Before Workshop Repairs"
"1682","Product Complaints","Commercial","Service","Complaint",NULL,NULL,NULL,True,"Paint Issue","Paint Mismatch Before Workshop Repairs"
"1683","Product Complaints","Commercial","Service","Complaint",NULL,NULL,NULL,True,"Steering Issue","Steering Hard"
"1684","Product Complaints","Commercial","Service","Complaint",NULL,NULL,NULL,True,"Steering Issue","Steering Noise"
"1685","Product Complaints","Commercial","Service","Complaint",NULL,NULL,NULL,True,"Steering Issue","Steering Return Ability"
"1686","Product Complaints","Commercial","Service","Complaint",NULL,NULL,NULL,True,"Suspension Issue","Suspension Hard"
"1687","Product Complaints","Commercial","Service","Complaint",NULL,NULL,NULL,True,"Suspension Issue","Suspension Noise"
"1688","Product Complaints","Commercial","Service","Complaint",NULL,NULL,NULL,True,"Tyre Issue","Tyre Burst/Swell"
"1689","Product Complaints","Commercial","Service","Complaint",NULL,NULL,NULL,True,"Tyre Issue","Tyre Wear"
"1690","Product Complaints","Commercial","Service","Complaint",NULL,NULL,NULL,True,"Wheel Issue","Wheel Alignment"
"1691","Product Complaints","Commercial","Service","Complaint",NULL,NULL,NULL,True,"Wheel Issue","Wheel Wobbling"
"1692","Product Complaints","Commercial","Service","Complaint",NULL,NULL,NULL,True,"Body Issue","Body Gaps Before Workshop Repairs"
"1693","Product Complaints","Commercial","Service","Complaint",NULL,NULL,NULL,True,"Body Issue","Body Noise Before Workshop Repairs"
"1694","Product Complaints","Commercial","Service","Complaint",NULL,NULL,NULL,True,"Body Issue","Glass Noise Before Workshop Repairs"
"1695","Product Complaints","Commercial","Service","Complaint",NULL,NULL,NULL,True,"Body Issue","Rusting Defect Before Workshop Repairs"
"1696","Product Complaints","Commercial","Service","Complaint",NULL,NULL,NULL,True,"Body Issue","Water Leakage Before Workshop Repairs"
"1697","Product Complaints","Commercial","Service","Complaint",NULL,NULL,NULL,True,"Others","Vehicle Pulling One Side"
"1698","Product Complaints","Commercial","Service","Complaint",NULL,NULL,NULL,True,"Others","Accessory-(Like Seat, Rear Parking Sensor, Camera)"
"1699","Product Complaints","Commercial","Service","Complaint",NULL,NULL,NULL,True,"Others","Air Bag Not Deployed"
"1700","Product Complaints","Commercial","Service","Complaint",NULL,NULL,NULL,True,"Others","Audio System"
"1701","Product Complaints","Commercial","Service","Complaint",NULL,NULL,NULL,True,"Others","Axle Noise"
"1702","Product Complaints","Commercial","Service","Complaint",NULL,NULL,NULL,True,"Others","Central Locking"
"1703","Product Complaints","Commercial","Service","Complaint",NULL,NULL,NULL,True,"Others","Coolant Leakage"
"1704","Product Complaints","Commercial","Service","Complaint",NULL,NULL,NULL,True,"Others","Feedback Regarding Product Improvement"
"1705","Product Complaints","Commercial","Service","Complaint",NULL,NULL,NULL,True,"Others","Fog Lamp"
"1706","Product Complaints","Commercial","Service","Complaint",NULL,NULL,NULL,True,"Others","Foul Smell Before Workshop Repairs"
"1707","Product Complaints","Commercial","Service","Complaint",NULL,NULL,NULL,True,"Others","Fuel Leakage"
"1708","Product Complaints","Commercial","Service","Complaint",NULL,NULL,NULL,True,"Others","Low Mileage"
"1709","Product Complaints","Commercial","Service","Complaint",NULL,NULL,NULL,True,"Others","Low Pickup"
"1710","Product Complaints","Commercial","Service","Complaint",NULL,NULL,NULL,True,"Others","Oil Leakage"
"1711","Product Complaints","Commercial","Service","Complaint",NULL,NULL,NULL,True,"Others","Rat Entry / Bite"
"1712","Product Complaints","Commercial","Service","Complaint",NULL,NULL,NULL,True,"Others","Security System"
"1713","Product Complaints","Commercial","Service","Complaint",NULL,NULL,NULL,True,"Others","Starting Problem"
"1714","Product Complaints","Commercial","Service","Complaint",NULL,NULL,NULL,True,"Others","Locks & Key related"
"1715","Product Complaints","Commercial","Service","Complaint",NULL,NULL,NULL,True,"Others","Others"
"1716","Service Initiation","Commercial","Service","Complaint",NULL,NULL,NULL,True,"Vehicle Pickup & Drop Issue","Pickup & Drop Associate Came Late"
"1717","Service Initiation","Commercial","Service","Complaint",NULL,NULL,NULL,True,"Vehicle Pickup & Drop Issue","Pickup & Drop Associate Misbehaved"
"1734","Service Initiation","Commercial","Service","Complaint",NULL,NULL,NULL,True,"Others","Loaner Car Not Given"
"1735","Service Initiation","Commercial","Service","Complaint",NULL,NULL,NULL,True,"Others","Maruti App Improper Working"
"1736","Service Initiation","Commercial","Service","Complaint",NULL,NULL,NULL,True,"Others","MisBehavior"
"1737","Service Initiation","Commercial","Service","Complaint",NULL,NULL,NULL,True,"Others","MOS Response Not Ok"
"1738","Service Initiation","Commercial","Service","Complaint",NULL,NULL,NULL,True,"Others","Refreshments To Customer Not Offered"
"1739","Service Initiation","Commercial","Service","Complaint",NULL,NULL,NULL,True,"Others","Kms reading punched wrongly"
"1740","Service Initiation","Commercial","Service","Complaint",NULL,NULL,NULL,True,"Others","Job Card opened by non-visited workshop"
"1741","Service Initiation","Commercial","Service","Complaint",NULL,NULL,NULL,True,"Others","Others"
"1742","Service Delivery","Commercial","Service","Complaint",NULL,NULL,NULL,True,"Delay Issue","Delay In Deliver Due To Spares"
"1743","Service Delivery","Commercial","Service","Complaint",NULL,NULL,NULL,True,"Delay Issue","Delay In Delivery After Body Repairs"
"1744","Service Delivery","Commercial","Service","Complaint",NULL,NULL,NULL,True,"Delay Issue","Delay In Delivery After Service Repairs"
"1745","Service Delivery","Commercial","Service","Complaint",NULL,NULL,NULL,True,"Delay Issue","Delay In Service/Repairs Not Updated To Customer"
"1746","Service Delivery","Commercial","Service","Complaint",NULL,NULL,NULL,True,"Others","Details Of Job Carried Out Not Explained"
"1747","Service Delivery","Commercial","Service","Complaint",NULL,NULL,NULL,True,"Others","Demanded Repairs Not Completed"
"1748","Service Delivery","Commercial","Service","Complaint",NULL,NULL,NULL,True,"Others","Invoice Not Given To Customer"
"1749","Service Delivery","Commercial","Service","Complaint",NULL,NULL,NULL,True,"Others","Job Required In Future Not Explained"
"1750","Service Delivery","Commercial","Service","Complaint",NULL,NULL,NULL,True,"Others","MisBehavior"
"1751","Service Delivery","Commercial","Service","Complaint",NULL,NULL,NULL,True,"Others","Old Parts Not Returned"
"1752","Service Delivery","Commercial","Service","Complaint",NULL,NULL,NULL,True,"Others","Over Charging"
"1753","Service Delivery","Commercial","Service","Complaint",NULL,NULL,NULL,True,"Others","Road Test Not Conducted After Repairs"
"1754","Service Delivery","Commercial","Service","Complaint",NULL,NULL,NULL,True,"Others","Service Charges Not Explained To Customer"
"1755","Service Delivery","Commercial","Service","Complaint",NULL,NULL,NULL,True,"Others","Others"
"3000","Others","Arena","Service","Complaint",NULL,NULL,NULL,False,"Others",NULL
"3001","Others","Nexa","Service","Complaint",NULL,NULL,NULL,False,"Others",NULL
"3002","Others","Commercial","Service","Complaint",NULL,NULL,NULL,False,"Others",NULL
